   ********************************************
   ***                                      ***
   ***             FoldX 5 (c)            ***
   ***                                      ***
   ***     code by the FoldX Consortium     ***
   ***                                      ***
   ***     Jesper Borg, Frederic Rousseau   ***
   ***    Joost Schymkowitz, Luis Serrano   ***
   ***    Peter Vanhee, Erik Verschueren    ***
   ***     Lies Baeten, Javier Delgado      ***
   ***       and Francois Stricher          ***
   *** and any other of the 9! permutations ***
   ***   based on an original concept by    ***
   ***   Raphael Guerois and Luis Serrano   ***
   ********************************************

Start RepairPDB >>>

1 models read: P14602_trimmed_model0_checked.pdb
Repair will take all residues into account
wild type

BackHbond       =               -55.43
SideHbond       =               -11.99
Energy_VdW      =               -78.49
Electro         =               -6.21
Energy_SolvP    =               108.55
Energy_SolvH    =               -102.20
Energy_vdwclash =               7.70
energy_torsion  =               2.17
backbone_vdwclash=              14.95
Entropy_sidec   =               43.44
Entropy_mainc   =               114.20
water bonds     =               0.00
helix dipole    =               0.00
loop_entropy    =               0.00
cis_bond        =               0.00
disulfide       =               0.00
kn electrostatic=               0.00
partial covalent interactions = 0.00
Energy_Ionisation =             0.44
Entropy Complex =               0.00
-----------------------------------------------------------
Total          = 				  22.17

Flipping HNQ

BackHbond       =               -55.43
SideHbond       =               -11.99
Energy_VdW      =               -78.49
Electro         =               -6.05
Energy_SolvP    =               108.16
Energy_SolvH    =               -102.26
Energy_vdwclash =               7.25
energy_torsion  =               2.17
backbone_vdwclash=              14.97
Entropy_sidec   =               43.35
Entropy_mainc   =               114.22
water bonds     =               0.00
helix dipole    =               0.00
loop_entropy    =               0.00
cis_bond        =               0.00
disulfide       =               0.00
kn electrostatic=               0.00
partial covalent interactions = 0.00
Energy_Ionisation =             0.46
Entropy Complex =               0.00
-----------------------------------------------------------
Total          = 				  21.39

Now Optimizing Residues
Now optimizing Residue VALA89
Optimize Residue ID= VALA89

BackHbond       =               -55.43
SideHbond       =               -11.99
Energy_VdW      =               -78.49
Electro         =               -6.05
Energy_SolvP    =               108.16
Energy_SolvH    =               -102.26
Energy_vdwclash =               7.25
energy_torsion  =               2.17
backbone_vdwclash=              14.97
Entropy_sidec   =               43.35
Entropy_mainc   =               114.22
water bonds     =               0.00
helix dipole    =               0.00
loop_entropy    =               0.00
cis_bond        =               0.00
disulfide       =               0.00
kn electrostatic=               0.00
partial covalent interactions = 0.00
Energy_Ionisation =             0.46
Entropy Complex =               0.00
-----------------------------------------------------------
Total          = 				  21.39

Now optimizing Residue SERA90
Optimize Residue ID= SERA90

BackHbond       =               -55.43
SideHbond       =               -11.99
Energy_VdW      =               -78.49
Electro         =               -6.05
Energy_SolvP    =               108.16
Energy_SolvH    =               -102.26
Energy_vdwclash =               7.25
energy_torsion  =               2.17
backbone_vdwclash=              14.97
Entropy_sidec   =               43.35
Entropy_mainc   =               114.22
water bonds     =               0.00
helix dipole    =               0.00
loop_entropy    =               0.00
cis_bond        =               0.00
disulfide       =               0.00
kn electrostatic=               0.00
partial covalent interactions = 0.00
Energy_Ionisation =             0.46
Entropy Complex =               0.00
-----------------------------------------------------------
Total          = 				  21.39

Now optimizing Residue GLUA91
Optimize Residue ID= GLUA91

BackHbond       =               -55.43
SideHbond       =               -11.99
Energy_VdW      =               -78.49
Electro         =               -6.06
Energy_SolvP    =               108.13
Energy_SolvH    =               -102.24
Energy_vdwclash =               6.64
energy_torsion  =               2.17
backbone_vdwclash=              14.97
Entropy_sidec   =               43.35
Entropy_mainc   =               114.22
water bonds     =               0.00
helix dipole    =               0.00
loop_entropy    =               0.00
cis_bond        =               0.00
disulfide       =               0.00
kn electrostatic=               0.00
partial covalent interactions = 0.00
Energy_Ionisation =             0.46
Entropy Complex =               0.00
-----------------------------------------------------------
Total          = 				  20.76

Now optimizing Residue ILEA92
Optimize Residue ID= ILEA92

BackHbond       =               -55.43
SideHbond       =               -11.99
Energy_VdW      =               -78.51
Electro         =               -6.06
Energy_SolvP    =               108.13
Energy_SolvH    =               -102.29
Energy_vdwclash =               6.64
energy_torsion  =               2.17
backbone_vdwclash=              14.97
Entropy_sidec   =               43.36
Entropy_mainc   =               114.22
water bonds     =               0.00
helix dipole    =               0.00
loop_entropy    =               0.00
cis_bond        =               0.00
disulfide       =               0.00
kn electrostatic=               0.00
partial covalent interactions = 0.00
Energy_Ionisation =             0.46
Entropy Complex =               0.00
-----------------------------------------------------------
Total          = 				  20.71

Now optimizing Residue ARGA93
Optimize Residue ID= ARGA93

BackHbond       =               -55.43
SideHbond       =               -11.99
Energy_VdW      =               -78.46
Electro         =               -6.02
Energy_SolvP    =               107.95
Energy_SolvH    =               -102.25
Energy_vdwclash =               5.95
energy_torsion  =               2.17
backbone_vdwclash=              14.97
Entropy_sidec   =               43.29
Entropy_mainc   =               114.21
water bonds     =               0.00
helix dipole    =               0.00
loop_entropy    =               0.00
cis_bond        =               0.00
disulfide       =               0.00
kn electrostatic=               0.00
partial covalent interactions = 0.00
Energy_Ionisation =             0.46
Entropy Complex =               0.00
-----------------------------------------------------------
Total          = 				  19.87

Now optimizing Residue GLNA94
Optimize Residue ID= GLNA94

BackHbond       =               -55.43
SideHbond       =               -11.99
Energy_VdW      =               -78.46
Electro         =               -6.02
Energy_SolvP    =               107.94
Energy_SolvH    =               -102.25
Energy_vdwclash =               5.95
energy_torsion  =               2.17
backbone_vdwclash=              14.97
Entropy_sidec   =               43.29
Entropy_mainc   =               114.21
water bonds     =               0.00
helix dipole    =               0.00
loop_entropy    =               0.00
cis_bond        =               0.00
disulfide       =               0.00
kn electrostatic=               0.00
partial covalent interactions = 0.00
Energy_Ionisation =             0.46
Entropy Complex =               0.00
-----------------------------------------------------------
Total          = 				  19.86

Now optimizing Residue THRA95
Optimize Residue ID= THRA95

BackHbond       =               -55.43
SideHbond       =               -12.00
Energy_VdW      =               -78.45
Electro         =               -6.02
Energy_SolvP    =               107.93
Energy_SolvH    =               -102.24
Energy_vdwclash =               5.93
energy_torsion  =               2.17
backbone_vdwclash=              14.97
Entropy_sidec   =               43.29
Entropy_mainc   =               114.21
water bonds     =               0.00
helix dipole    =               0.00
loop_entropy    =               0.00
cis_bond        =               0.00
disulfide       =               0.00
kn electrostatic=               0.00
partial covalent interactions = 0.00
Energy_Ionisation =             0.46
Entropy Complex =               0.00
-----------------------------------------------------------
Total          = 				  19.84

Now optimizing Residue ASPA97
Optimize Residue ID= ASPA97

BackHbond       =               -55.43
SideHbond       =               -12.00
Energy_VdW      =               -78.45
Electro         =               -6.02
Energy_SolvP    =               107.92
Energy_SolvH    =               -102.24
Energy_vdwclash =               5.93
energy_torsion  =               2.17
backbone_vdwclash=              14.97
Entropy_sidec   =               43.28
Entropy_mainc   =               114.21
water bonds     =               0.00
helix dipole    =               0.00
loop_entropy    =               0.00
cis_bond        =               0.00
disulfide       =               0.00
kn electrostatic=               0.00
partial covalent interactions = 0.00
Energy_Ionisation =             0.46
Entropy Complex =               0.00
-----------------------------------------------------------
Total          = 				  19.83

Now optimizing Residue ARGA98
Optimize Residue ID= ARGA98

BackHbond       =               -55.41
SideHbond       =               -12.38
Energy_VdW      =               -78.33
Electro         =               -5.98
Energy_SolvP    =               107.53
Energy_SolvH    =               -102.17
Energy_vdwclash =               4.93
energy_torsion  =               2.17
backbone_vdwclash=              14.97
Entropy_sidec   =               43.39
Entropy_mainc   =               114.21
water bonds     =               0.00
helix dipole    =               0.00
loop_entropy    =               0.00
cis_bond        =               0.00
disulfide       =               0.00
kn electrostatic=               0.00
partial covalent interactions = 0.00
Energy_Ionisation =             0.46
Entropy Complex =               0.00
-----------------------------------------------------------
Total          = 				  18.43

Now optimizing Residue TRPA99
Optimize Residue ID= TRPA99

BackHbond       =               -55.39
SideHbond       =               -12.38
Energy_VdW      =               -78.32
Electro         =               -5.98
Energy_SolvP    =               107.52
Energy_SolvH    =               -102.14
Energy_vdwclash =               4.70
energy_torsion  =               2.17
backbone_vdwclash=              14.97
Entropy_sidec   =               43.38
Entropy_mainc   =               114.21
water bonds     =               0.00
helix dipole    =               0.00
loop_entropy    =               0.00
cis_bond        =               0.00
disulfide       =               0.00
kn electrostatic=               0.00
partial covalent interactions = 0.00
Energy_Ionisation =             0.46
Entropy Complex =               0.00
-----------------------------------------------------------
Total          = 				  18.24

Now optimizing Residue ARGA100
Optimize Residue ID= ARGA100

BackHbond       =               -55.40
SideHbond       =               -12.40
Energy_VdW      =               -78.31
Electro         =               -6.00
Energy_SolvP    =               107.50
Energy_SolvH    =               -102.13
Energy_vdwclash =               4.48
energy_torsion  =               2.17
backbone_vdwclash=              14.97
Entropy_sidec   =               43.40
Entropy_mainc   =               114.23
water bonds     =               0.00
helix dipole    =               0.00
loop_entropy    =               0.00
cis_bond        =               0.00
disulfide       =               0.00
kn electrostatic=               0.00
partial covalent interactions = 0.00
Energy_Ionisation =             0.46
Entropy Complex =               0.00
-----------------------------------------------------------
Total          = 				  18.00

Now optimizing Residue VALA101
Optimize Residue ID= VALA101

BackHbond       =               -55.40
SideHbond       =               -12.40
Energy_VdW      =               -78.30
Electro         =               -6.00
Energy_SolvP    =               107.50
Energy_SolvH    =               -102.11
Energy_vdwclash =               4.31
energy_torsion  =               2.17
backbone_vdwclash=              14.97
Entropy_sidec   =               43.40
Entropy_mainc   =               114.23
water bonds     =               0.00
helix dipole    =               0.00
loop_entropy    =               0.00
cis_bond        =               0.00
disulfide       =               0.00
kn electrostatic=               0.00
partial covalent interactions = 0.00
Energy_Ionisation =             0.46
Entropy Complex =               0.00
-----------------------------------------------------------
Total          = 				  17.86

Now optimizing Residue SERA102
Optimize Residue ID= SERA102

BackHbond       =               -55.40
SideHbond       =               -12.40
Energy_VdW      =               -78.29
Electro         =               -6.00
Energy_SolvP    =               107.48
Energy_SolvH    =               -102.10
Energy_vdwclash =               4.31
energy_torsion  =               2.17
backbone_vdwclash=              14.97
Entropy_sidec   =               43.39
Entropy_mainc   =               114.23
water bonds     =               0.00
helix dipole    =               0.00
loop_entropy    =               0.00
cis_bond        =               0.00
disulfide       =               0.00
kn electrostatic=               0.00
partial covalent interactions = 0.00
Energy_Ionisation =             0.46
Entropy Complex =               0.00
-----------------------------------------------------------
Total          = 				  17.85

Now optimizing Residue ASPA104
Optimize Residue ID= ASPA104

BackHbond       =               -55.40
SideHbond       =               -12.40
Energy_VdW      =               -78.28
Electro         =               -5.99
Energy_SolvP    =               107.44
Energy_SolvH    =               -102.09
Energy_vdwclash =               4.31
energy_torsion  =               2.13
backbone_vdwclash=              14.97
Entropy_sidec   =               43.38
Entropy_mainc   =               114.23
water bonds     =               0.00
helix dipole    =               0.00
loop_entropy    =               0.00
cis_bond        =               0.00
disulfide       =               0.00
kn electrostatic=               0.00
partial covalent interactions = 0.00
Energy_Ionisation =             0.46
Entropy Complex =               0.00
-----------------------------------------------------------
Total          = 				  17.81

Now optimizing Residue ASNA106
Optimize Residue ID= ASNA106

BackHbond       =               -55.40
SideHbond       =               -12.40
Energy_VdW      =               -78.26
Electro         =               -5.99
Energy_SolvP    =               107.34
Energy_SolvH    =               -102.10
Energy_vdwclash =               4.31
energy_torsion  =               2.18
backbone_vdwclash=              14.97
Entropy_sidec   =               43.38
Entropy_mainc   =               114.23
water bonds     =               0.00
helix dipole    =               0.00
loop_entropy    =               0.00
cis_bond        =               0.00
disulfide       =               0.00
kn electrostatic=               0.00
partial covalent interactions = 0.00
Energy_Ionisation =             0.46
Entropy Complex =               0.00
-----------------------------------------------------------
Total          = 				  17.76

Now optimizing Residue H1SA107
Optimize Residue ID= H1SA107

BackHbond       =               -55.40
SideHbond       =               -12.40
Energy_VdW      =               -78.26
Electro         =               -5.99
Energy_SolvP    =               107.34
Energy_SolvH    =               -102.10
Energy_vdwclash =               4.31
energy_torsion  =               2.18
backbone_vdwclash=              14.97
Entropy_sidec   =               43.38
Entropy_mainc   =               114.23
water bonds     =               0.00
helix dipole    =               0.00
loop_entropy    =               0.00
cis_bond        =               0.00
disulfide       =               0.00
kn electrostatic=               0.00
partial covalent interactions = 0.00
Energy_Ionisation =             0.46
Entropy Complex =               0.00
-----------------------------------------------------------
Total          = 				  17.75

Now optimizing Residue PROA110
Optimize Residue ID= PROA110

BackHbond       =               -55.40
SideHbond       =               -12.40
Energy_VdW      =               -78.25
Electro         =               -5.99
Energy_SolvP    =               107.30
Energy_SolvH    =               -102.09
Energy_vdwclash =               4.31
energy_torsion  =               2.18
backbone_vdwclash=              14.97
Entropy_sidec   =               43.37
Entropy_mainc   =               114.23
water bonds     =               0.00
helix dipole    =               0.00
loop_entropy    =               0.00
cis_bond        =               0.00
disulfide       =               0.00
kn electrostatic=               0.00
partial covalent interactions = 0.00
Energy_Ionisation =             0.46
Entropy Complex =               0.00
-----------------------------------------------------------
Total          = 				  17.73

Now optimizing Residue GLUA111
Optimize Residue ID= GLUA111

BackHbond       =               -55.40
SideHbond       =               -12.39
Energy_VdW      =               -78.22
Electro         =               -5.99
Energy_SolvP    =               107.19
Energy_SolvH    =               -102.07
Energy_vdwclash =               4.31
energy_torsion  =               2.18
backbone_vdwclash=              14.96
Entropy_sidec   =               43.34
Entropy_mainc   =               114.23
water bonds     =               0.00
helix dipole    =               0.00
loop_entropy    =               0.00
cis_bond        =               0.00
disulfide       =               0.00
kn electrostatic=               0.00
partial covalent interactions = 0.00
Energy_Ionisation =             0.46
Entropy Complex =               0.00
-----------------------------------------------------------
Total          = 				  17.65

Now optimizing Residue GLUA112
Optimize Residue ID= GLUA112

BackHbond       =               -55.47
SideHbond       =               -12.50
Energy_VdW      =               -78.25
Electro         =               -6.00
Energy_SolvP    =               107.24
Energy_SolvH    =               -102.11
Energy_vdwclash =               4.12
energy_torsion  =               2.18
backbone_vdwclash=              14.96
Entropy_sidec   =               43.37
Entropy_mainc   =               114.23
water bonds     =               0.00
helix dipole    =               0.00
loop_entropy    =               0.00
cis_bond        =               0.00
disulfide       =               0.00
kn electrostatic=               0.00
partial covalent interactions = 0.00
Energy_Ionisation =             0.46
Entropy Complex =               0.00
-----------------------------------------------------------
Total          = 				  17.27

Now optimizing Residue THRA114
Optimize Residue ID= THRA114

BackHbond       =               -55.47
SideHbond       =               -12.50
Energy_VdW      =               -78.25
Electro         =               -6.00
Energy_SolvP    =               107.24
Energy_SolvH    =               -102.12
Energy_vdwclash =               4.11
energy_torsion  =               2.18
backbone_vdwclash=              14.96
Entropy_sidec   =               43.38
Entropy_mainc   =               114.23
water bonds     =               0.00
helix dipole    =               0.00
loop_entropy    =               0.00
cis_bond        =               0.00
disulfide       =               0.00
kn electrostatic=               0.00
partial covalent interactions = 0.00
Energy_Ionisation =             0.46
Entropy Complex =               0.00
-----------------------------------------------------------
Total          = 				  17.25

Now optimizing Residue LYSA116
Optimize Residue ID= LYSA116

BackHbond       =               -55.47
SideHbond       =               -12.50
Energy_VdW      =               -78.22
Electro         =               -6.00
Energy_SolvP    =               107.16
Energy_SolvH    =               -102.08
Energy_vdwclash =               4.11
energy_torsion  =               2.18
backbone_vdwclash=              14.96
Entropy_sidec   =               43.35
Entropy_mainc   =               114.23
water bonds     =               0.00
helix dipole    =               0.00
loop_entropy    =               0.00
cis_bond        =               0.00
disulfide       =               0.00
kn electrostatic=               0.00
partial covalent interactions = 0.00
Energy_Ionisation =             0.46
Entropy Complex =               0.00
-----------------------------------------------------------
Total          = 				  17.22

Now optimizing Residue THRA117
Optimize Residue ID= THRA117

BackHbond       =               -55.47
SideHbond       =               -12.50
Energy_VdW      =               -78.26
Electro         =               -6.00
Energy_SolvP    =               107.15
Energy_SolvH    =               -102.16
Energy_vdwclash =               4.11
energy_torsion  =               2.18
backbone_vdwclash=              14.96
Entropy_sidec   =               43.35
Entropy_mainc   =               114.23
water bonds     =               0.00
helix dipole    =               0.00
loop_entropy    =               0.00
cis_bond        =               0.00
disulfide       =               0.00
kn electrostatic=               0.00
partial covalent interactions = 0.00
Energy_Ionisation =             0.46
Entropy Complex =               0.00
-----------------------------------------------------------
Total          = 				  17.09

Now optimizing Residue LYSA118
Optimize Residue ID= LYSA118

BackHbond       =               -55.47
SideHbond       =               -12.50
Energy_VdW      =               -78.24
Electro         =               -5.97
Energy_SolvP    =               107.13
Energy_SolvH    =               -102.14
Energy_vdwclash =               3.96
energy_torsion  =               2.18
backbone_vdwclash=              14.96
Entropy_sidec   =               43.31
Entropy_mainc   =               114.23
water bonds     =               0.00
helix dipole    =               0.00
loop_entropy    =               0.00
cis_bond        =               0.00
disulfide       =               0.00
kn electrostatic=               0.00
partial covalent interactions = 0.00
Energy_Ionisation =             0.46
Entropy Complex =               0.00
-----------------------------------------------------------
Total          = 				  16.94

Now optimizing Residue GLUA119
Optimize Residue ID= GLUA119

BackHbond       =               -55.47
SideHbond       =               -12.50
Energy_VdW      =               -78.24
Electro         =               -5.95
Energy_SolvP    =               107.07
Energy_SolvH    =               -102.13
Energy_vdwclash =               3.93
energy_torsion  =               2.18
backbone_vdwclash=              14.96
Entropy_sidec   =               43.29
Entropy_mainc   =               114.23
water bonds     =               0.00
helix dipole    =               0.00
loop_entropy    =               0.00
cis_bond        =               0.00
disulfide       =               0.00
kn electrostatic=               0.00
partial covalent interactions = 0.00
Energy_Ionisation =             0.46
Entropy Complex =               0.00
-----------------------------------------------------------
Total          = 				  16.86

Now optimizing Residue VALA121
Optimize Residue ID= VALA121

BackHbond       =               -55.50
SideHbond       =               -12.50
Energy_VdW      =               -78.27
Electro         =               -5.95
Energy_SolvP    =               107.10
Energy_SolvH    =               -102.19
Energy_vdwclash =               3.93
energy_torsion  =               2.18
backbone_vdwclash=              14.96
Entropy_sidec   =               43.30
Entropy_mainc   =               114.23
water bonds     =               0.00
helix dipole    =               0.00
loop_entropy    =               0.00
cis_bond        =               0.00
disulfide       =               0.00
kn electrostatic=               0.00
partial covalent interactions = 0.00
Energy_Ionisation =             0.46
Entropy Complex =               0.00
-----------------------------------------------------------
Total          = 				  16.78

Now optimizing Residue GLUA123
Optimize Residue ID= GLUA123

BackHbond       =               -55.50
SideHbond       =               -12.48
Energy_VdW      =               -78.27
Electro         =               -5.96
Energy_SolvP    =               107.04
Energy_SolvH    =               -102.19
Energy_vdwclash =               3.92
energy_torsion  =               2.18
backbone_vdwclash=              14.96
Entropy_sidec   =               43.28
Entropy_mainc   =               114.23
water bonds     =               0.00
helix dipole    =               0.00
loop_entropy    =               0.00
cis_bond        =               0.00
disulfide       =               0.00
kn electrostatic=               0.00
partial covalent interactions = 0.00
Energy_Ionisation =             0.46
Entropy Complex =               0.00
-----------------------------------------------------------
Total          = 				  16.72

Now optimizing Residue THRA125
Optimize Residue ID= THRA125

BackHbond       =               -55.50
SideHbond       =               -12.48
Energy_VdW      =               -78.27
Electro         =               -5.96
Energy_SolvP    =               107.06
Energy_SolvH    =               -102.19
Energy_vdwclash =               3.92
energy_torsion  =               2.01
backbone_vdwclash=              14.96
Entropy_sidec   =               43.28
Entropy_mainc   =               114.23
water bonds     =               0.00
helix dipole    =               0.00
loop_entropy    =               0.00
cis_bond        =               0.00
disulfide       =               0.00
kn electrostatic=               0.00
partial covalent interactions = 0.00
Energy_Ionisation =             0.46
Entropy Complex =               0.00
-----------------------------------------------------------
Total          = 				  16.57

Now optimizing Residue LYSA127
Optimize Residue ID= LYSA127

BackHbond       =               -55.50
SideHbond       =               -12.28
Energy_VdW      =               -78.24
Electro         =               -5.93
Energy_SolvP    =               107.00
Energy_SolvH    =               -102.16
Energy_vdwclash =               3.92
energy_torsion  =               2.01
backbone_vdwclash=              14.96
Entropy_sidec   =               43.04
Entropy_mainc   =               114.22
water bonds     =               0.00
helix dipole    =               0.00
loop_entropy    =               0.00
cis_bond        =               0.00
disulfide       =               0.00
kn electrostatic=               0.00
partial covalent interactions = 0.00
Energy_Ionisation =             0.46
Entropy Complex =               0.00
-----------------------------------------------------------
Total          = 				  16.55

Now optimizing Residue H1SA128
Optimize Residue ID= H1SA128

BackHbond       =               -55.51
SideHbond       =               -12.28
Energy_VdW      =               -78.24
Electro         =               -5.92
Energy_SolvP    =               107.02
Energy_SolvH    =               -102.15
Energy_vdwclash =               3.61
energy_torsion  =               2.01
backbone_vdwclash=              14.96
Entropy_sidec   =               43.05
Entropy_mainc   =               114.23
water bonds     =               0.00
helix dipole    =               0.00
loop_entropy    =               0.00
cis_bond        =               0.00
disulfide       =               0.00
kn electrostatic=               0.00
partial covalent interactions = 0.00
Energy_Ionisation =             0.46
Entropy Complex =               0.00
-----------------------------------------------------------
Total          = 				  16.30

Now optimizing Residue GLUA129
Optimize Residue ID= GLUA129

BackHbond       =               -55.51
SideHbond       =               -12.21
Energy_VdW      =               -78.22
Electro         =               -5.93
Energy_SolvP    =               106.96
Energy_SolvH    =               -102.13
Energy_vdwclash =               3.61
energy_torsion  =               2.01
backbone_vdwclash=              14.96
Entropy_sidec   =               42.98
Entropy_mainc   =               114.23
water bonds     =               0.00
helix dipole    =               0.00
loop_entropy    =               0.00
cis_bond        =               0.00
disulfide       =               0.00
kn electrostatic=               0.00
partial covalent interactions = 0.00
Energy_Ionisation =             0.46
Entropy Complex =               0.00
-----------------------------------------------------------
Total          = 				  16.26

Now optimizing Residue GLUA130
Optimize Residue ID= GLUA130

BackHbond       =               -55.51
SideHbond       =               -12.21
Energy_VdW      =               -78.22
Electro         =               -5.92
Energy_SolvP    =               106.95
Energy_SolvH    =               -102.13
Energy_vdwclash =               3.61
energy_torsion  =               2.01
backbone_vdwclash=              14.96
Entropy_sidec   =               42.97
Entropy_mainc   =               114.22
water bonds     =               0.00
helix dipole    =               0.00
loop_entropy    =               0.00
cis_bond        =               0.00
disulfide       =               0.00
kn electrostatic=               0.00
partial covalent interactions = 0.00
Energy_Ionisation =             0.46
Entropy Complex =               0.00
-----------------------------------------------------------
Total          = 				  16.24

Now optimizing Residue ARGA131
Optimize Residue ID= ARGA131

BackHbond       =               -55.51
SideHbond       =               -12.04
Energy_VdW      =               -78.12
Electro         =               -5.84
Energy_SolvP    =               106.75
Energy_SolvH    =               -102.07
Energy_vdwclash =               2.84
energy_torsion  =               2.02
backbone_vdwclash=              14.96
Entropy_sidec   =               42.79
Entropy_mainc   =               114.20
water bonds     =               0.00
helix dipole    =               0.00
loop_entropy    =               0.00
cis_bond        =               0.00
disulfide       =               0.00
kn electrostatic=               0.00
partial covalent interactions = 0.00
Energy_Ionisation =             0.46
Entropy Complex =               0.00
-----------------------------------------------------------
Total          = 				  15.48

Now optimizing Residue GLNA132
Optimize Residue ID= GLNA132

BackHbond       =               -55.51
SideHbond       =               -12.04
Energy_VdW      =               -78.12
Electro         =               -5.84
Energy_SolvP    =               106.75
Energy_SolvH    =               -102.08
Energy_vdwclash =               2.84
energy_torsion  =               2.02
backbone_vdwclash=              14.96
Entropy_sidec   =               42.80
Entropy_mainc   =               114.20
water bonds     =               0.00
helix dipole    =               0.00
loop_entropy    =               0.00
cis_bond        =               0.00
disulfide       =               0.00
kn electrostatic=               0.00
partial covalent interactions = 0.00
Energy_Ionisation =             0.46
Entropy Complex =               0.00
-----------------------------------------------------------
Total          = 				  15.47

Now optimizing Residue ASPA133
Optimize Residue ID= ASPA133

BackHbond       =               -55.57
SideHbond       =               -12.10
Energy_VdW      =               -78.11
Electro         =               -5.84
Energy_SolvP    =               106.70
Energy_SolvH    =               -102.08
Energy_vdwclash =               2.56
energy_torsion  =               2.02
backbone_vdwclash=              14.96
Entropy_sidec   =               42.80
Entropy_mainc   =               114.20
water bonds     =               0.00
helix dipole    =               0.00
loop_entropy    =               0.00
cis_bond        =               0.00
disulfide       =               0.00
kn electrostatic=               0.00
partial covalent interactions = 0.00
Energy_Ionisation =             0.46
Entropy Complex =               0.00
-----------------------------------------------------------
Total          = 				  15.05

Now optimizing Residue GLUA134
Optimize Residue ID= GLUA134

BackHbond       =               -55.57
SideHbond       =               -12.10
Energy_VdW      =               -78.10
Electro         =               -5.84
Energy_SolvP    =               106.68
Energy_SolvH    =               -102.08
Energy_vdwclash =               2.56
energy_torsion  =               2.02
backbone_vdwclash=              14.96
Entropy_sidec   =               42.80
Entropy_mainc   =               114.20
water bonds     =               0.00
helix dipole    =               0.00
loop_entropy    =               0.00
cis_bond        =               0.00
disulfide       =               0.00
kn electrostatic=               0.00
partial covalent interactions = 0.00
Energy_Ionisation =             0.46
Entropy Complex =               0.00
-----------------------------------------------------------
Total          = 				  15.03

Now optimizing Residue HISA135
Optimize Residue ID= HISA135

BackHbond       =               -55.57
SideHbond       =               -12.10
Energy_VdW      =               -78.09
Electro         =               -5.83
Energy_SolvP    =               106.65
Energy_SolvH    =               -102.07
Energy_vdwclash =               2.56
energy_torsion  =               2.02
backbone_vdwclash=              14.96
Entropy_sidec   =               42.78
Entropy_mainc   =               114.20
water bonds     =               0.00
helix dipole    =               0.00
loop_entropy    =               0.00
cis_bond        =               0.00
disulfide       =               0.00
kn electrostatic=               0.00
partial covalent interactions = 0.00
Energy_Ionisation =             0.46
Entropy Complex =               0.00
-----------------------------------------------------------
Total          = 				  15.01

Now optimizing Residue TYRA137
Optimize Residue ID= TYRA137

BackHbond       =               -55.57
SideHbond       =               -12.10
Energy_VdW      =               -78.11
Electro         =               -5.83
Energy_SolvP    =               106.65
Energy_SolvH    =               -102.10
Energy_vdwclash =               2.56
energy_torsion  =               2.02
backbone_vdwclash=              14.96
Entropy_sidec   =               42.79
Entropy_mainc   =               114.21
water bonds     =               0.00
helix dipole    =               0.00
loop_entropy    =               0.00
cis_bond        =               0.00
disulfide       =               0.00
kn electrostatic=               0.00
partial covalent interactions = 0.00
Energy_Ionisation =             0.46
Entropy Complex =               0.00
-----------------------------------------------------------
Total          = 				  14.97

Now optimizing Residue ILEA138
Optimize Residue ID= ILEA138

BackHbond       =               -55.57
SideHbond       =               -12.10
Energy_VdW      =               -78.13
Electro         =               -5.83
Energy_SolvP    =               106.64
Energy_SolvH    =               -102.14
Energy_vdwclash =               2.40
energy_torsion  =               2.04
backbone_vdwclash=              14.96
Entropy_sidec   =               42.83
Entropy_mainc   =               114.21
water bonds     =               0.00
helix dipole    =               0.00
loop_entropy    =               0.00
cis_bond        =               0.00
disulfide       =               0.00
kn electrostatic=               0.00
partial covalent interactions = 0.00
Energy_Ionisation =             0.46
Entropy Complex =               0.00
-----------------------------------------------------------
Total          = 				  14.81

Now optimizing Residue SERA139
Optimize Residue ID= SERA139

BackHbond       =               -55.57
SideHbond       =               -12.11
Energy_VdW      =               -78.13
Electro         =               -5.83
Energy_SolvP    =               106.64
Energy_SolvH    =               -102.14
Energy_vdwclash =               2.40
energy_torsion  =               2.04
backbone_vdwclash=              14.96
Entropy_sidec   =               42.83
Entropy_mainc   =               114.21
water bonds     =               0.00
helix dipole    =               0.00
loop_entropy    =               0.00
cis_bond        =               0.00
disulfide       =               0.00
kn electrostatic=               0.00
partial covalent interactions = 0.00
Energy_Ionisation =             0.46
Entropy Complex =               0.00
-----------------------------------------------------------
Total          = 				  14.79

Now optimizing Residue ARGA140
Optimize Residue ID= ARGA140

BackHbond       =               -55.57
SideHbond       =               -12.11
Energy_VdW      =               -78.03
Electro         =               -5.81
Energy_SolvP    =               106.40
Energy_SolvH    =               -102.08
Energy_vdwclash =               2.40
energy_torsion  =               2.04
backbone_vdwclash=              14.94
Entropy_sidec   =               42.77
Entropy_mainc   =               114.17
water bonds     =               0.00
helix dipole    =               0.00
loop_entropy    =               0.00
cis_bond        =               0.00
disulfide       =               0.00
kn electrostatic=               0.00
partial covalent interactions = 0.00
Energy_Ionisation =             0.46
Entropy Complex =               0.00
-----------------------------------------------------------
Total          = 				  14.64

Now optimizing Residue CYSA141
Optimize Residue ID= CYSA141

BackHbond       =               -55.57
SideHbond       =               -12.11
Energy_VdW      =               -78.03
Electro         =               -5.81
Energy_SolvP    =               106.40
Energy_SolvH    =               -102.08
Energy_vdwclash =               2.40
energy_torsion  =               2.04
backbone_vdwclash=              14.94
Entropy_sidec   =               42.77
Entropy_mainc   =               114.17
water bonds     =               0.00
helix dipole    =               0.00
loop_entropy    =               0.00
cis_bond        =               0.00
disulfide       =               0.00
kn electrostatic=               0.00
partial covalent interactions = 0.00
Energy_Ionisation =             0.46
Entropy Complex =               0.00
-----------------------------------------------------------
Total          = 				  14.64

Now optimizing Residue THRA143
Optimize Residue ID= THRA143

BackHbond       =               -55.57
SideHbond       =               -12.11
Energy_VdW      =               -78.03
Electro         =               -5.81
Energy_SolvP    =               106.39
Energy_SolvH    =               -102.08
Energy_vdwclash =               2.40
energy_torsion  =               2.04
backbone_vdwclash=              14.94
Entropy_sidec   =               42.77
Entropy_mainc   =               114.17
water bonds     =               0.00
helix dipole    =               0.00
loop_entropy    =               0.00
cis_bond        =               0.00
disulfide       =               0.00
kn electrostatic=               0.00
partial covalent interactions = 0.00
Energy_Ionisation =             0.46
Entropy Complex =               0.00
-----------------------------------------------------------
Total          = 				  14.63

Now optimizing Residue ARGA144
Optimize Residue ID= ARGA144

BackHbond       =               -55.57
SideHbond       =               -12.11
Energy_VdW      =               -77.96
Electro         =               -5.84
Energy_SolvP    =               106.21
Energy_SolvH    =               -102.05
Energy_vdwclash =               2.40
energy_torsion  =               2.04
backbone_vdwclash=              14.94
Entropy_sidec   =               42.74
Entropy_mainc   =               114.17
water bonds     =               0.00
helix dipole    =               0.00
loop_entropy    =               0.00
cis_bond        =               0.00
disulfide       =               0.00
kn electrostatic=               0.00
partial covalent interactions = 0.00
Energy_Ionisation =             0.46
Entropy Complex =               0.00
-----------------------------------------------------------
Total          = 				  14.49

Now optimizing Residue LYSA145
Optimize Residue ID= LYSA145

BackHbond       =               -55.57
SideHbond       =               -12.11
Energy_VdW      =               -77.97
Electro         =               -5.84
Energy_SolvP    =               106.21
Energy_SolvH    =               -102.08
Energy_vdwclash =               2.40
energy_torsion  =               2.04
backbone_vdwclash=              14.94
Entropy_sidec   =               42.75
Entropy_mainc   =               114.17
water bonds     =               0.00
helix dipole    =               0.00
loop_entropy    =               0.00
cis_bond        =               0.00
disulfide       =               0.00
kn electrostatic=               0.00
partial covalent interactions = 0.00
Energy_Ionisation =             0.46
Entropy Complex =               0.00
-----------------------------------------------------------
Total          = 				  14.45

Now optimizing Residue TYRA146
Optimize Residue ID= TYRA146

BackHbond       =               -55.57
SideHbond       =               -12.15
Energy_VdW      =               -77.96
Electro         =               -5.84
Energy_SolvP    =               106.18
Energy_SolvH    =               -102.08
Energy_vdwclash =               2.41
energy_torsion  =               2.04
backbone_vdwclash=              14.94
Entropy_sidec   =               42.75
Entropy_mainc   =               114.17
water bonds     =               0.00
helix dipole    =               0.00
loop_entropy    =               0.00
cis_bond        =               0.00
disulfide       =               0.00
kn electrostatic=               0.00
partial covalent interactions = 0.00
Energy_Ionisation =             0.46
Entropy Complex =               0.00
-----------------------------------------------------------
Total          = 				  14.42

Now optimizing Residue THRA147
Optimize Residue ID= THRA147

BackHbond       =               -55.57
SideHbond       =               -12.15
Energy_VdW      =               -77.96
Electro         =               -5.84
Energy_SolvP    =               106.18
Energy_SolvH    =               -102.08
Energy_vdwclash =               2.41
energy_torsion  =               2.04
backbone_vdwclash=              14.94
Entropy_sidec   =               42.75
Entropy_mainc   =               114.17
water bonds     =               0.00
helix dipole    =               0.00
loop_entropy    =               0.00
cis_bond        =               0.00
disulfide       =               0.00
kn electrostatic=               0.00
partial covalent interactions = 0.00
Energy_Ionisation =             0.46
Entropy Complex =               0.00
-----------------------------------------------------------
Total          = 				  14.42

Now optimizing Residue PROA150
Optimize Residue ID= PROA150

BackHbond       =               -55.57
SideHbond       =               -12.15
Energy_VdW      =               -77.96
Electro         =               -5.84
Energy_SolvP    =               106.19
Energy_SolvH    =               -102.08
Energy_vdwclash =               2.41
energy_torsion  =               2.04
backbone_vdwclash=              14.94
Entropy_sidec   =               42.75
Entropy_mainc   =               114.17
water bonds     =               0.00
helix dipole    =               0.00
loop_entropy    =               0.00
cis_bond        =               0.00
disulfide       =               0.00
kn electrostatic=               0.00
partial covalent interactions = 0.00
Energy_Ionisation =             0.46
Entropy Complex =               0.00
-----------------------------------------------------------
Total          = 				  14.42

Now optimizing Residue ASPA153
Optimize Residue ID= ASPA153

BackHbond       =               -55.57
SideHbond       =               -12.11
Energy_VdW      =               -77.95
Electro         =               -5.85
Energy_SolvP    =               106.15
Energy_SolvH    =               -102.07
Energy_vdwclash =               2.41
energy_torsion  =               1.97
backbone_vdwclash=              14.93
Entropy_sidec   =               42.75
Entropy_mainc   =               114.17
water bonds     =               0.00
helix dipole    =               0.00
loop_entropy    =               0.00
cis_bond        =               0.00
disulfide       =               0.00
kn electrostatic=               0.00
partial covalent interactions = 0.00
Energy_Ionisation =             0.46
Entropy Complex =               0.00
-----------------------------------------------------------
Total          = 				  14.37

Now optimizing Residue PROA154
Optimize Residue ID= PROA154

BackHbond       =               -55.57
SideHbond       =               -12.11
Energy_VdW      =               -77.95
Electro         =               -5.85
Energy_SolvP    =               106.15
Energy_SolvH    =               -102.07
Energy_vdwclash =               2.41
energy_torsion  =               1.97
backbone_vdwclash=              14.93
Entropy_sidec   =               42.75
Entropy_mainc   =               114.17
water bonds     =               0.00
helix dipole    =               0.00
loop_entropy    =               0.00
cis_bond        =               0.00
disulfide       =               0.00
kn electrostatic=               0.00
partial covalent interactions = 0.00
Energy_Ionisation =             0.46
Entropy Complex =               0.00
-----------------------------------------------------------
Total          = 				  14.37

Now optimizing Residue THRA155
Optimize Residue ID= THRA155

BackHbond       =               -55.57
SideHbond       =               -12.05
Energy_VdW      =               -77.95
Electro         =               -5.85
Energy_SolvP    =               106.15
Energy_SolvH    =               -102.07
Energy_vdwclash =               2.34
energy_torsion  =               1.97
backbone_vdwclash=              14.93
Entropy_sidec   =               42.75
Entropy_mainc   =               114.17
water bonds     =               0.00
helix dipole    =               0.00
loop_entropy    =               0.00
cis_bond        =               0.00
disulfide       =               0.00
kn electrostatic=               0.00
partial covalent interactions = 0.00
Energy_Ionisation =             0.46
Entropy Complex =               0.00
-----------------------------------------------------------
Total          = 				  14.35

Now optimizing Residue LEUA156
Optimize Residue ID= LEUA156

BackHbond       =               -55.57
SideHbond       =               -12.05
Energy_VdW      =               -77.96
Electro         =               -5.85
Energy_SolvP    =               106.17
Energy_SolvH    =               -102.09
Energy_vdwclash =               2.34
energy_torsion  =               1.97
backbone_vdwclash=              14.94
Entropy_sidec   =               42.75
Entropy_mainc   =               114.17
water bonds     =               0.00
helix dipole    =               0.00
loop_entropy    =               0.00
cis_bond        =               0.00
disulfide       =               0.00
kn electrostatic=               0.00
partial covalent interactions = 0.00
Energy_Ionisation =             0.46
Entropy Complex =               0.00
-----------------------------------------------------------
Total          = 				  14.35

Now optimizing Residue SERA158
Optimize Residue ID= SERA158

BackHbond       =               -55.58
SideHbond       =               -12.06
Energy_VdW      =               -77.96
Electro         =               -5.85
Energy_SolvP    =               106.17
Energy_SolvH    =               -102.09
Energy_vdwclash =               2.34
energy_torsion  =               1.97
backbone_vdwclash=              14.94
Entropy_sidec   =               42.76
Entropy_mainc   =               114.17
water bonds     =               0.00
helix dipole    =               0.00
loop_entropy    =               0.00
cis_bond        =               0.00
disulfide       =               0.00
kn electrostatic=               0.00
partial covalent interactions = 0.00
Energy_Ionisation =             0.46
Entropy Complex =               0.00
-----------------------------------------------------------
Total          = 				  14.34

Now optimizing Residue SERA159
Optimize Residue ID= SERA159

BackHbond       =               -55.58
SideHbond       =               -12.06
Energy_VdW      =               -77.95
Electro         =               -5.85
Energy_SolvP    =               106.14
Energy_SolvH    =               -102.09
Energy_vdwclash =               2.34
energy_torsion  =               1.97
backbone_vdwclash=              14.94
Entropy_sidec   =               42.76
Entropy_mainc   =               114.17
water bonds     =               0.00
helix dipole    =               0.00
loop_entropy    =               0.00
cis_bond        =               0.00
disulfide       =               0.00
kn electrostatic=               0.00
partial covalent interactions = 0.00
Energy_Ionisation =             0.46
Entropy Complex =               0.00
-----------------------------------------------------------
Total          = 				  14.31

Now optimizing Residue SERA160
Optimize Residue ID= SERA160

BackHbond       =               -55.58
SideHbond       =               -12.06
Energy_VdW      =               -77.95
Electro         =               -5.85
Energy_SolvP    =               106.14
Energy_SolvH    =               -102.09
Energy_vdwclash =               2.34
energy_torsion  =               1.97
backbone_vdwclash=              14.94
Entropy_sidec   =               42.76
Entropy_mainc   =               114.17
water bonds     =               0.00
helix dipole    =               0.00
loop_entropy    =               0.00
cis_bond        =               0.00
disulfide       =               0.00
kn electrostatic=               0.00
partial covalent interactions = 0.00
Energy_Ionisation =             0.46
Entropy Complex =               0.00
-----------------------------------------------------------
Total          = 				  14.31

Now optimizing Residue SERA162
Optimize Residue ID= SERA162

BackHbond       =               -55.58
SideHbond       =               -12.06
Energy_VdW      =               -77.95
Electro         =               -5.85
Energy_SolvP    =               106.14
Energy_SolvH    =               -102.09
Energy_vdwclash =               2.02
energy_torsion  =               2.16
backbone_vdwclash=              14.94
Entropy_sidec   =               42.76
Entropy_mainc   =               114.17
water bonds     =               0.00
helix dipole    =               0.00
loop_entropy    =               0.00
cis_bond        =               0.00
disulfide       =               0.00
kn electrostatic=               0.00
partial covalent interactions = 0.00
Energy_Ionisation =             0.46
Entropy Complex =               0.00
-----------------------------------------------------------
Total          = 				  14.18

Now optimizing Residue PROA163
Optimize Residue ID= PROA163

BackHbond       =               -55.58
SideHbond       =               -12.06
Energy_VdW      =               -77.96
Electro         =               -5.85
Energy_SolvP    =               106.14
Energy_SolvH    =               -102.11
Energy_vdwclash =               2.02
energy_torsion  =               2.16
backbone_vdwclash=              14.94
Entropy_sidec   =               42.76
Entropy_mainc   =               114.17
water bonds     =               0.00
helix dipole    =               0.00
loop_entropy    =               0.00
cis_bond        =               0.00
disulfide       =               0.00
kn electrostatic=               0.00
partial covalent interactions = 0.00
Energy_Ionisation =             0.46
Entropy Complex =               0.00
-----------------------------------------------------------
Total          = 				  14.16

Now optimizing Residue GLUA164
Optimize Residue ID= GLUA164

BackHbond       =               -55.56
SideHbond       =               -12.04
Energy_VdW      =               -77.93
Electro         =               -5.85
Energy_SolvP    =               106.04
Energy_SolvH    =               -102.08
Energy_vdwclash =               2.02
energy_torsion  =               2.16
backbone_vdwclash=              14.92
Entropy_sidec   =               42.72
Entropy_mainc   =               114.17
water bonds     =               0.00
helix dipole    =               0.00
loop_entropy    =               0.00
cis_bond        =               0.00
disulfide       =               0.00
kn electrostatic=               0.00
partial covalent interactions = 0.00
Energy_Ionisation =             0.46
Entropy Complex =               0.00
-----------------------------------------------------------
Total          = 				  14.11

Now optimizing Residue THRA166
Optimize Residue ID= THRA166

BackHbond       =               -55.55
SideHbond       =               -12.04
Energy_VdW      =               -77.91
Electro         =               -5.85
Energy_SolvP    =               105.99
Energy_SolvH    =               -102.08
Energy_vdwclash =               2.02
energy_torsion  =               2.16
backbone_vdwclash=              14.92
Entropy_sidec   =               42.71
Entropy_mainc   =               114.17
water bonds     =               0.00
helix dipole    =               0.00
loop_entropy    =               0.00
cis_bond        =               0.00
disulfide       =               0.00
kn electrostatic=               0.00
partial covalent interactions = 0.00
Energy_Ionisation =             0.46
Entropy Complex =               0.00
-----------------------------------------------------------
Total          = 				  14.08

Now optimizing Residue THRA168
Optimize Residue ID= THRA168

BackHbond       =               -55.55
SideHbond       =               -12.04
Energy_VdW      =               -77.91
Electro         =               -5.85
Energy_SolvP    =               105.91
Energy_SolvH    =               -102.07
Energy_vdwclash =               2.02
energy_torsion  =               2.16
backbone_vdwclash=              14.92
Entropy_sidec   =               42.71
Entropy_mainc   =               114.17
water bonds     =               0.00
helix dipole    =               0.00
loop_entropy    =               0.00
cis_bond        =               0.00
disulfide       =               0.00
kn electrostatic=               0.00
partial covalent interactions = 0.00
Energy_Ionisation =             0.46
Entropy Complex =               0.00
-----------------------------------------------------------
Total          = 				  14.01

Now optimizing Residue GLUA170
Optimize Residue ID= GLUA170

BackHbond       =               -55.58
SideHbond       =               -12.12
Energy_VdW      =               -77.94
Electro         =               -5.89
Energy_SolvP    =               106.01
Energy_SolvH    =               -102.08
Energy_vdwclash =               1.99
energy_torsion  =               2.16
backbone_vdwclash=              14.92
Entropy_sidec   =               42.76
Entropy_mainc   =               114.17
water bonds     =               0.00
helix dipole    =               0.00
loop_entropy    =               0.00
cis_bond        =               0.00
disulfide       =               0.00
kn electrostatic=               0.00
partial covalent interactions = 0.00
Energy_Ionisation =             0.46
Entropy Complex =               0.00
-----------------------------------------------------------
Total          = 				  13.94

Now optimizing Residue PROA172
Optimize Residue ID= PROA172

BackHbond       =               -55.58
SideHbond       =               -12.12
Energy_VdW      =               -77.94
Electro         =               -5.89
Energy_SolvP    =               106.01
Energy_SolvH    =               -102.09
Energy_vdwclash =               1.99
energy_torsion  =               2.16
backbone_vdwclash=              14.92
Entropy_sidec   =               42.77
Entropy_mainc   =               114.17
water bonds     =               0.00
helix dipole    =               0.00
loop_entropy    =               0.00
cis_bond        =               0.00
disulfide       =               0.00
kn electrostatic=               0.00
partial covalent interactions = 0.00
Energy_Ionisation =             0.46
Entropy Complex =               0.00
-----------------------------------------------------------
Total          = 				  13.93

Now optimizing Residue PROA174
Optimize Residue ID= PROA174

BackHbond       =               -55.58
SideHbond       =               -12.12
Energy_VdW      =               -77.93
Electro         =               -5.89
Energy_SolvP    =               105.99
Energy_SolvH    =               -102.09
Energy_vdwclash =               1.99
energy_torsion  =               2.16
backbone_vdwclash=              14.92
Entropy_sidec   =               42.76
Entropy_mainc   =               114.16
water bonds     =               0.00
helix dipole    =               0.00
loop_entropy    =               0.00
cis_bond        =               0.00
disulfide       =               0.00
kn electrostatic=               0.00
partial covalent interactions = 0.00
Energy_Ionisation =             0.46
Entropy Complex =               0.00
-----------------------------------------------------------
Total          = 				  13.92

Now optimizing Residue LYSA175
Optimize Residue ID= LYSA175

BackHbond       =               -55.58
SideHbond       =               -12.12
Energy_VdW      =               -77.92
Electro         =               -5.87
Energy_SolvP    =               105.96
Energy_SolvH    =               -102.07
Energy_vdwclash =               1.99
energy_torsion  =               2.16
backbone_vdwclash=              14.92
Entropy_sidec   =               42.74
Entropy_mainc   =               114.16
water bonds     =               0.00
helix dipole    =               0.00
loop_entropy    =               0.00
cis_bond        =               0.00
disulfide       =               0.00
kn electrostatic=               0.00
partial covalent interactions = 0.00
Energy_Ionisation =             0.46
Entropy Complex =               0.00
-----------------------------------------------------------
Total          = 				  13.91

Now optimizing Residue VALA177
Optimize Residue ID= VALA177

BackHbond       =               -55.58
SideHbond       =               -12.12
Energy_VdW      =               -77.92
Electro         =               -5.87
Energy_SolvP    =               105.96
Energy_SolvH    =               -102.07
Energy_vdwclash =               1.99
energy_torsion  =               2.16
backbone_vdwclash=              14.92
Entropy_sidec   =               42.74
Entropy_mainc   =               114.16
water bonds     =               0.00
helix dipole    =               0.00
loop_entropy    =               0.00
cis_bond        =               0.00
disulfide       =               0.00
kn electrostatic=               0.00
partial covalent interactions = 0.00
Energy_Ionisation =             0.46
Entropy Complex =               0.00
-----------------------------------------------------------
Total          = 				  13.91

Optimized

BackHbond       =               -55.58
SideHbond       =               -12.12
Energy_VdW      =               -77.92
Electro         =               -5.87
Energy_SolvP    =               105.96
Energy_SolvH    =               -102.07
Energy_vdwclash =               1.99
energy_torsion  =               2.16
backbone_vdwclash=              14.92
Entropy_sidec   =               42.74
Entropy_mainc   =               114.16
water bonds     =               0.00
helix dipole    =               0.00
loop_entropy    =               0.00
cis_bond        =               0.00
disulfide       =               0.00
kn electrostatic=               0.00
partial covalent interactions = 0.00
Energy_Ionisation =             0.46
Entropy Complex =               0.00
-----------------------------------------------------------
Total          = 				  13.91

Now moving residues with bad energies 
Residue VALA89 has high Energy, we mutate it to itself
Repair Residue ID= VALA89

BackHbond       =               -55.59
SideHbond       =               -12.12
Energy_VdW      =               -77.93
Electro         =               -5.87
Energy_SolvP    =               105.92
Energy_SolvH    =               -102.10
Energy_vdwclash =               1.99
energy_torsion  =               2.17
backbone_vdwclash=              14.92
Entropy_sidec   =               42.75
Entropy_mainc   =               114.16
water bonds     =               0.00
helix dipole    =               0.00
loop_entropy    =               0.00
cis_bond        =               0.00
disulfide       =               0.00
kn electrostatic=               0.00
partial covalent interactions = 0.00
Energy_Ionisation =             0.46
Entropy Complex =               0.00
-----------------------------------------------------------
Total          = 				  13.84

Residue SERA90 has high Energy, we mutate it to itself
We optimize, instead of self-mutatingSERA90
We optimize, instead of self-mutatingSERA90
Repair Residue ID= SERA90

BackHbond       =               -55.62
SideHbond       =               -12.35
Energy_VdW      =               -78.10
Electro         =               -5.87
Energy_SolvP    =               106.29
Energy_SolvH    =               -102.23
Energy_vdwclash =               1.78
energy_torsion  =               1.60
backbone_vdwclash=              14.92
Entropy_sidec   =               42.74
Entropy_mainc   =               114.16
water bonds     =               0.00
helix dipole    =               0.00
loop_entropy    =               0.00
cis_bond        =               0.00
disulfide       =               0.00
kn electrostatic=               0.00
partial covalent interactions = 0.00
Energy_Ionisation =             0.46
Entropy Complex =               0.00
-----------------------------------------------------------
Total          = 				  12.87

Residue GLUA91 has high Energy, we mutate it to itself
Repair Residue ID= GLUA91

BackHbond       =               -55.61
SideHbond       =               -12.35
Energy_VdW      =               -77.98
Electro         =               -5.62
Energy_SolvP    =               105.71
Energy_SolvH    =               -102.14
Energy_vdwclash =               1.74
energy_torsion  =               1.60
backbone_vdwclash=              14.92
Entropy_sidec   =               42.34
Entropy_mainc   =               114.16
water bonds     =               0.00
helix dipole    =               0.00
loop_entropy    =               0.00
cis_bond        =               0.00
disulfide       =               0.00
kn electrostatic=               0.00
partial covalent interactions = 0.00
Energy_Ionisation =             0.46
Entropy Complex =               0.00
-----------------------------------------------------------
Total          = 				  12.29

Residue ILEA92 has high Energy, we mutate it to itself
Repair Residue ID= ILEA92

BackHbond       =               -55.62
SideHbond       =               -12.35
Energy_VdW      =               -78.12
Electro         =               -5.62
Energy_SolvP    =               105.77
Energy_SolvH    =               -102.40
Energy_vdwclash =               1.75
energy_torsion  =               1.64
backbone_vdwclash=              14.92
Entropy_sidec   =               42.42
Entropy_mainc   =               114.17
water bonds     =               0.00
helix dipole    =               0.00
loop_entropy    =               0.00
cis_bond        =               0.00
disulfide       =               0.00
kn electrostatic=               0.00
partial covalent interactions = 0.00
Energy_Ionisation =             0.46
Entropy Complex =               0.00
-----------------------------------------------------------
Total          = 				  12.10

Residue ARGA93 has high Energy, we mutate it to itself
Repair Residue ID= ARGA93

BackHbond       =               -55.62
SideHbond       =               -12.35
Energy_VdW      =               -78.13
Electro         =               -5.66
Energy_SolvP    =               105.60
Energy_SolvH    =               -102.48
Energy_vdwclash =               1.75
energy_torsion  =               1.64
backbone_vdwclash=              14.92
Entropy_sidec   =               42.49
Entropy_mainc   =               114.15
water bonds     =               0.00
helix dipole    =               0.00
loop_entropy    =               0.00
cis_bond        =               0.00
disulfide       =               0.00
kn electrostatic=               0.00
partial covalent interactions = 0.00
Energy_Ionisation =             0.46
Entropy Complex =               0.00
-----------------------------------------------------------
Total          = 				  11.86

Residue GLNA94 has high Energy, we mutate it to itself
Repair Residue ID= GLNA94

BackHbond       =               -55.66
SideHbond       =               -12.35
Energy_VdW      =               -78.26
Electro         =               -5.66
Energy_SolvP    =               105.60
Energy_SolvH    =               -102.70
Energy_vdwclash =               1.75
energy_torsion  =               1.64
backbone_vdwclash=              14.92
Entropy_sidec   =               42.61
Entropy_mainc   =               114.11
water bonds     =               0.00
helix dipole    =               0.00
loop_entropy    =               0.00
cis_bond        =               0.00
disulfide       =               0.00
kn electrostatic=               0.00
partial covalent interactions = 0.00
Energy_Ionisation =             0.46
Entropy Complex =               0.00
-----------------------------------------------------------
Total          = 				  11.55

Residue THRA95 has high Energy, we mutate it to itself
Repair Residue ID= THRA95

BackHbond       =               -56.68
SideHbond       =               -12.95
Energy_VdW      =               -78.33
Electro         =               -5.66
Energy_SolvP    =               105.25
Energy_SolvH    =               -102.85
Energy_vdwclash =               1.73
energy_torsion  =               1.88
backbone_vdwclash=              14.93
Entropy_sidec   =               42.70
Entropy_mainc   =               114.29
water bonds     =               0.00
helix dipole    =               0.00
loop_entropy    =               0.00
cis_bond        =               0.00
disulfide       =               0.00
kn electrostatic=               0.00
partial covalent interactions = 0.00
Energy_Ionisation =             0.46
Entropy Complex =               0.00
-----------------------------------------------------------
Total          = 				  9.84

Residue ASPA97 has high Energy, we mutate it to itself
We optimize, instead of self-mutatingASPA97
We optimize, instead of self-mutatingASPA97
Repair Residue ID= ASPA97

BackHbond       =               -56.79
SideHbond       =               -13.90
Energy_VdW      =               -78.58
Electro         =               -5.04
Energy_SolvP    =               104.90
Energy_SolvH    =               -103.45
Energy_vdwclash =               1.71
energy_torsion  =               2.12
backbone_vdwclash=              14.95
Entropy_sidec   =               42.44
Entropy_mainc   =               114.35
water bonds     =               0.00
helix dipole    =               0.00
loop_entropy    =               0.00
cis_bond        =               0.00
disulfide       =               0.00
kn electrostatic=               0.00
partial covalent interactions = 0.00
Energy_Ionisation =             0.46
Entropy Complex =               0.00
-----------------------------------------------------------
Total          = 				  8.24

Residue ARGA98 has high Energy, we mutate it to itself
Repair Residue ID= ARGA98

BackHbond       =               -56.79
SideHbond       =               -13.90
Energy_VdW      =               -78.57
Electro         =               -5.04
Energy_SolvP    =               104.90
Energy_SolvH    =               -103.44
Energy_vdwclash =               1.71
energy_torsion  =               2.12
backbone_vdwclash=              14.95
Entropy_sidec   =               42.44
Entropy_mainc   =               114.35
water bonds     =               0.00
helix dipole    =               0.00
loop_entropy    =               0.00
cis_bond        =               0.00
disulfide       =               0.00
kn electrostatic=               0.00
partial covalent interactions = 0.00
Energy_Ionisation =             0.46
Entropy Complex =               0.00
-----------------------------------------------------------
Total          = 				  8.23

Residue ARGA100 has high Energy, we mutate it to itself
We optimize, instead of self-mutatingARGA100
We optimize, instead of self-mutatingARGA100
We optimize, instead of self-mutatingARGA100
Repair Residue ID= ARGA100

BackHbond       =               -56.82
SideHbond       =               -16.18
Energy_VdW      =               -78.77
Electro         =               -4.56
Energy_SolvP    =               104.88
Energy_SolvH    =               -103.58
Energy_vdwclash =               1.81
energy_torsion  =               2.13
backbone_vdwclash=              14.95
Entropy_sidec   =               42.84
Entropy_mainc   =               114.38
water bonds     =               0.00
helix dipole    =               0.00
loop_entropy    =               0.00
cis_bond        =               0.00
disulfide       =               0.00
kn electrostatic=               0.00
partial covalent interactions = 0.00
Energy_Ionisation =             0.46
Entropy Complex =               0.00
-----------------------------------------------------------
Total          = 				  6.59

Residue SERA102 has high Energy, we mutate it to itself
We optimize, instead of self-mutatingSERA102
Repair Residue ID= SERA102

BackHbond       =               -56.82
SideHbond       =               -16.18
Energy_VdW      =               -78.77
Electro         =               -4.56
Energy_SolvP    =               104.88
Energy_SolvH    =               -103.58
Energy_vdwclash =               1.81
energy_torsion  =               2.13
backbone_vdwclash=              14.95
Entropy_sidec   =               42.84
Entropy_mainc   =               114.38
water bonds     =               0.00
helix dipole    =               0.00
loop_entropy    =               0.00
cis_bond        =               0.00
disulfide       =               0.00
kn electrostatic=               0.00
partial covalent interactions = 0.00
Energy_Ionisation =             0.46
Entropy Complex =               0.00
-----------------------------------------------------------
Total          = 				  6.59

Residue ASPA104 has high Energy, we mutate it to itself
We optimize, instead of self-mutatingASPA104
Repair Residue ID= ASPA104

BackHbond       =               -56.81
SideHbond       =               -16.18
Energy_VdW      =               -78.75
Electro         =               -4.54
Energy_SolvP    =               104.80
Energy_SolvH    =               -103.57
Energy_vdwclash =               1.81
energy_torsion  =               2.11
backbone_vdwclash=              14.95
Entropy_sidec   =               42.83
Entropy_mainc   =               114.38
water bonds     =               0.00
helix dipole    =               0.00
loop_entropy    =               0.00
cis_bond        =               0.00
disulfide       =               0.00
kn electrostatic=               0.00
partial covalent interactions = 0.00
Energy_Ionisation =             0.46
Entropy Complex =               0.00
-----------------------------------------------------------
Total          = 				  6.56

Residue ASNA106 has high Energy, we mutate it to itself
Repair Residue ID= ASNA106

BackHbond       =               -56.81
SideHbond       =               -17.61
Energy_VdW      =               -78.77
Electro         =               -4.53
Energy_SolvP    =               104.79
Energy_SolvH    =               -103.55
Energy_vdwclash =               1.84
energy_torsion  =               2.03
backbone_vdwclash=              14.92
Entropy_sidec   =               43.21
Entropy_mainc   =               114.38
water bonds     =               0.00
helix dipole    =               0.00
loop_entropy    =               0.00
cis_bond        =               0.00
disulfide       =               0.00
kn electrostatic=               0.00
partial covalent interactions = 0.00
Energy_Ionisation =             0.46
Entropy Complex =               0.00
-----------------------------------------------------------
Total          = 				  5.43

Residue H1SA107 has high Energy, we mutate it to itself
Repair Residue ID= H1SA107

BackHbond       =               -56.81
SideHbond       =               -17.59
Energy_VdW      =               -78.80
Electro         =               -4.53
Energy_SolvP    =               104.78
Energy_SolvH    =               -103.61
Energy_vdwclash =               1.81
energy_torsion  =               2.03
backbone_vdwclash=              14.91
Entropy_sidec   =               43.20
Entropy_mainc   =               114.39
water bonds     =               0.00
helix dipole    =               0.00
loop_entropy    =               0.00
cis_bond        =               0.00
disulfide       =               0.00
kn electrostatic=               0.00
partial covalent interactions = 0.00
Energy_Ionisation =             0.46
Entropy Complex =               0.00
-----------------------------------------------------------
Total          = 				  5.32

Residue PROA110 has high Energy, we mutate it to itself
Repair Residue ID= PROA110

BackHbond       =               -56.81
SideHbond       =               -17.59
Energy_VdW      =               -78.81
Electro         =               -4.53
Energy_SolvP    =               104.74
Energy_SolvH    =               -103.65
Energy_vdwclash =               1.81
energy_torsion  =               2.03
backbone_vdwclash=              14.90
Entropy_sidec   =               43.21
Entropy_mainc   =               114.39
water bonds     =               0.00
helix dipole    =               0.00
loop_entropy    =               0.00
cis_bond        =               0.00
disulfide       =               0.00
kn electrostatic=               0.00
partial covalent interactions = 0.00
Energy_Ionisation =             0.46
Entropy Complex =               0.00
-----------------------------------------------------------
Total          = 				  5.25

Residue GLUA111 has high Energy, we mutate it to itself
We optimize, instead of self-mutatingGLUA111
Repair Residue ID= GLUA111

BackHbond       =               -56.82
SideHbond       =               -17.60
Energy_VdW      =               -78.73
Electro         =               -4.55
Energy_SolvP    =               104.51
Energy_SolvH    =               -103.58
Energy_vdwclash =               1.81
energy_torsion  =               2.03
backbone_vdwclash=              14.89
Entropy_sidec   =               43.16
Entropy_mainc   =               114.39
water bonds     =               0.00
helix dipole    =               0.00
loop_entropy    =               0.00
cis_bond        =               0.00
disulfide       =               0.00
kn electrostatic=               0.00
partial covalent interactions = 0.00
Energy_Ionisation =             0.46
Entropy Complex =               0.00
-----------------------------------------------------------
Total          = 				  5.09

Residue GLUA112 has high Energy, we mutate it to itself
We optimize, instead of self-mutatingGLUA112
Repair Residue ID= GLUA112

BackHbond       =               -56.87
SideHbond       =               -17.65
Energy_VdW      =               -78.73
Electro         =               -4.54
Energy_SolvP    =               104.50
Energy_SolvH    =               -103.58
Energy_vdwclash =               1.80
energy_torsion  =               2.03
backbone_vdwclash=              14.89
Entropy_sidec   =               43.15
Entropy_mainc   =               114.39
water bonds     =               0.00
helix dipole    =               0.00
loop_entropy    =               0.00
cis_bond        =               0.00
disulfide       =               0.00
kn electrostatic=               0.00
partial covalent interactions = 0.00
Energy_Ionisation =             0.46
Entropy Complex =               0.00
-----------------------------------------------------------
Total          = 				  4.97

Residue THRA114 has high Energy, we mutate it to itself
Repair Residue ID= THRA114

BackHbond       =               -56.88
SideHbond       =               -17.65
Energy_VdW      =               -78.74
Electro         =               -4.54
Energy_SolvP    =               104.51
Energy_SolvH    =               -103.61
Energy_vdwclash =               1.79
energy_torsion  =               2.03
backbone_vdwclash=              14.89
Entropy_sidec   =               43.17
Entropy_mainc   =               114.39
water bonds     =               0.00
helix dipole    =               0.00
loop_entropy    =               0.00
cis_bond        =               0.00
disulfide       =               0.00
kn electrostatic=               0.00
partial covalent interactions = 0.00
Energy_Ionisation =             0.46
Entropy Complex =               0.00
-----------------------------------------------------------
Total          = 				  4.93

Residue LYSA116 has high Energy, we mutate it to itself
Repair Residue ID= LYSA116

BackHbond       =               -56.93
SideHbond       =               -17.64
Energy_VdW      =               -79.17
Electro         =               -5.08
Energy_SolvP    =               105.22
Energy_SolvH    =               -104.12
Energy_vdwclash =               1.88
energy_torsion  =               1.91
backbone_vdwclash=              14.89
Entropy_sidec   =               43.54
Entropy_mainc   =               114.45
water bonds     =               0.00
helix dipole    =               0.00
loop_entropy    =               0.00
cis_bond        =               0.00
disulfide       =               0.00
kn electrostatic=               0.00
partial covalent interactions = 0.00
Energy_Ionisation =             0.46
Entropy Complex =               0.00
-----------------------------------------------------------
Total          = 				  4.52

Residue THRA117 has high Energy, we mutate it to itself
Repair Residue ID= THRA117

BackHbond       =               -56.93
SideHbond       =               -17.64
Energy_VdW      =               -78.87
Electro         =               -5.08
Energy_SolvP    =               104.57
Energy_SolvH    =               -103.86
Energy_vdwclash =               1.87
energy_torsion  =               1.94
backbone_vdwclash=              14.85
Entropy_sidec   =               43.38
Entropy_mainc   =               114.39
water bonds     =               0.00
helix dipole    =               0.00
loop_entropy    =               0.00
cis_bond        =               0.00
disulfide       =               0.00
kn electrostatic=               0.00
partial covalent interactions = 0.00
Energy_Ionisation =             0.46
Entropy Complex =               0.00
-----------------------------------------------------------
Total          = 				  4.25

Residue LYSA118 has high Energy, we mutate it to itself
Repair Residue ID= LYSA118

BackHbond       =               -56.93
SideHbond       =               -17.78
Energy_VdW      =               -78.88
Electro         =               -5.08
Energy_SolvP    =               104.53
Energy_SolvH    =               -103.89
Energy_vdwclash =               1.87
energy_torsion  =               1.94
backbone_vdwclash=              14.85
Entropy_sidec   =               43.43
Entropy_mainc   =               114.40
water bonds     =               0.00
helix dipole    =               0.00
loop_entropy    =               0.00
cis_bond        =               0.00
disulfide       =               0.00
kn electrostatic=               0.00
partial covalent interactions = 0.00
Energy_Ionisation =             0.46
Entropy Complex =               0.00
-----------------------------------------------------------
Total          = 				  4.08

Residue GLUA119 has high Energy, we mutate it to itself
Repair Residue ID= GLUA119

BackHbond       =               -56.93
SideHbond       =               -17.78
Energy_VdW      =               -78.85
Electro         =               -4.98
Energy_SolvP    =               104.47
Energy_SolvH    =               -103.85
Energy_vdwclash =               1.87
energy_torsion  =               1.94
backbone_vdwclash=              14.85
Entropy_sidec   =               43.32
Entropy_mainc   =               114.38
water bonds     =               0.00
helix dipole    =               0.00
loop_entropy    =               0.00
cis_bond        =               0.00
disulfide       =               0.00
kn electrostatic=               0.00
partial covalent interactions = 0.00
Energy_Ionisation =             0.46
Entropy Complex =               0.00
-----------------------------------------------------------
Total          = 				  4.05

Residue VALA121 has high Energy, we mutate it to itself
Repair Residue ID= VALA121

BackHbond       =               -56.93
SideHbond       =               -17.78
Energy_VdW      =               -78.85
Electro         =               -4.98
Energy_SolvP    =               104.47
Energy_SolvH    =               -103.85
Energy_vdwclash =               1.87
energy_torsion  =               1.94
backbone_vdwclash=              14.85
Entropy_sidec   =               43.32
Entropy_mainc   =               114.38
water bonds     =               0.00
helix dipole    =               0.00
loop_entropy    =               0.00
cis_bond        =               0.00
disulfide       =               0.00
kn electrostatic=               0.00
partial covalent interactions = 0.00
Energy_Ionisation =             0.46
Entropy Complex =               0.00
-----------------------------------------------------------
Total          = 				  4.05

Residue GLUA123 has high Energy, we mutate it to itself
We optimize, instead of self-mutatingGLUA123
We optimize, instead of self-mutatingGLUA123
Repair Residue ID= GLUA123

BackHbond       =               -57.08
SideHbond       =               -18.59
Energy_VdW      =               -78.79
Electro         =               -4.82
Energy_SolvP    =               104.39
Energy_SolvH    =               -103.76
Energy_vdwclash =               1.88
energy_torsion  =               1.63
backbone_vdwclash=              14.85
Entropy_sidec   =               43.76
Entropy_mainc   =               114.30
water bonds     =               0.00
helix dipole    =               0.00
loop_entropy    =               0.00
cis_bond        =               0.00
disulfide       =               0.00
kn electrostatic=               0.00
partial covalent interactions = 0.00
Energy_Ionisation =             0.46
Entropy Complex =               0.00
-----------------------------------------------------------
Total          = 				  3.38

Residue THRA125 has high Energy, we mutate it to itself
Repair Residue ID= THRA125

BackHbond       =               -57.17
SideHbond       =               -18.52
Energy_VdW      =               -79.00
Electro         =               -4.33
Energy_SolvP    =               104.17
Energy_SolvH    =               -104.07
Energy_vdwclash =               1.88
energy_torsion  =               1.69
backbone_vdwclash=              14.85
Entropy_sidec   =               43.06
Entropy_mainc   =               114.32
water bonds     =               0.00
helix dipole    =               0.00
loop_entropy    =               0.00
cis_bond        =               0.00
disulfide       =               0.00
kn electrostatic=               0.00
partial covalent interactions = 0.00
Energy_Ionisation =             0.46
Entropy Complex =               0.00
-----------------------------------------------------------
Total          = 				  2.52

Residue LYSA127 has high Energy, we mutate it to itself
Repair Residue ID= LYSA127

BackHbond       =               -57.16
SideHbond       =               -18.52
Energy_VdW      =               -78.95
Electro         =               -4.42
Energy_SolvP    =               104.10
Energy_SolvH    =               -104.05
Energy_vdwclash =               1.87
energy_torsion  =               1.70
backbone_vdwclash=              14.85
Entropy_sidec   =               43.13
Entropy_mainc   =               114.32
water bonds     =               0.00
helix dipole    =               0.00
loop_entropy    =               0.00
cis_bond        =               0.00
disulfide       =               0.00
kn electrostatic=               0.00
partial covalent interactions = 0.00
Energy_Ionisation =             0.46
Entropy Complex =               0.00
-----------------------------------------------------------
Total          = 				  2.50

Residue H1SA128 has high Energy, we mutate it to itself
Residue GLUA129 has high Energy, we mutate it to itself
Repair Residue ID= GLUA129

BackHbond       =               -57.14
SideHbond       =               -20.07
Energy_VdW      =               -78.64
Electro         =               -4.41
Energy_SolvP    =               103.38
Energy_SolvH    =               -103.76
Energy_vdwclash =               1.78
energy_torsion  =               1.70
backbone_vdwclash=              14.89
Entropy_sidec   =               43.03
Entropy_mainc   =               114.21
water bonds     =               0.00
helix dipole    =               0.00
loop_entropy    =               0.00
cis_bond        =               0.00
disulfide       =               0.00
kn electrostatic=               0.00
partial covalent interactions = 0.00
Energy_Ionisation =             0.43
Entropy Complex =               0.00
-----------------------------------------------------------
Total          = 				  0.50

Residue GLUA130 has high Energy, we mutate it to itself
Repair Residue ID= GLUA130

BackHbond       =               -57.14
SideHbond       =               -20.07
Energy_VdW      =               -78.60
Electro         =               -4.47
Energy_SolvP    =               103.23
Energy_SolvH    =               -103.75
Energy_vdwclash =               1.78
energy_torsion  =               1.69
backbone_vdwclash=              14.89
Entropy_sidec   =               43.08
Entropy_mainc   =               114.23
water bonds     =               0.00
helix dipole    =               0.00
loop_entropy    =               0.00
cis_bond        =               0.00
disulfide       =               0.00
kn electrostatic=               0.00
partial covalent interactions = 0.00
Energy_Ionisation =             0.43
Entropy Complex =               0.00
-----------------------------------------------------------
Total          = 				  0.40

Residue ARGA131 has high Energy, we mutate it to itself
We optimize, instead of self-mutatingARGA131
We optimize, instead of self-mutatingARGA131
Repair Residue ID= ARGA131

BackHbond       =               -57.45
SideHbond       =               -20.89
Energy_VdW      =               -78.49
Electro         =               -3.50
Energy_SolvP    =               102.89
Energy_SolvH    =               -103.75
Energy_vdwclash =               1.77
energy_torsion  =               1.72
backbone_vdwclash=              14.89
Entropy_sidec   =               43.17
Entropy_mainc   =               114.12
water bonds     =               0.00
helix dipole    =               0.00
loop_entropy    =               0.00
cis_bond        =               0.00
disulfide       =               0.00
kn electrostatic=               0.00
partial covalent interactions = 0.00
Energy_Ionisation =             0.43
Entropy Complex =               0.00
-----------------------------------------------------------
Total          = 				  0.02

Residue GLNA132 has high Energy, we mutate it to itself
Repair Residue ID= GLNA132

BackHbond       =               -57.84
SideHbond       =               -21.24
Energy_VdW      =               -78.86
Electro         =               -3.55
Energy_SolvP    =               103.32
Energy_SolvH    =               -104.17
Energy_vdwclash =               1.77
energy_torsion  =               1.72
backbone_vdwclash=              14.89
Entropy_sidec   =               43.72
Entropy_mainc   =               114.37
water bonds     =               0.00
helix dipole    =               0.00
loop_entropy    =               0.00
cis_bond        =               0.00
disulfide       =               0.00
kn electrostatic=               0.00
partial covalent interactions = 0.00
Energy_Ionisation =             0.43
Entropy Complex =               0.00
-----------------------------------------------------------
Total          = 				  -0.33

Residue ASPA133 has high Energy, we mutate it to itself
We optimize, instead of self-mutatingASPA133
Repair Residue ID= ASPA133

BackHbond       =               -57.91
SideHbond       =               -21.32
Energy_VdW      =               -78.84
Electro         =               -3.55
Energy_SolvP    =               103.28
Energy_SolvH    =               -104.15
Energy_vdwclash =               1.76
energy_torsion  =               1.72
backbone_vdwclash=              14.89
Entropy_sidec   =               43.71
Entropy_mainc   =               114.41
water bonds     =               0.00
helix dipole    =               0.00
loop_entropy    =               0.00
cis_bond        =               0.00
disulfide       =               0.00
kn electrostatic=               0.00
partial covalent interactions = 0.00
Energy_Ionisation =             0.43
Entropy Complex =               0.00
-----------------------------------------------------------
Total          = 				  -0.46

Residue GLUA134 has high Energy, we mutate it to itself
Repair Residue ID= GLUA134

BackHbond       =               -57.91
SideHbond       =               -21.32
Energy_VdW      =               -78.88
Electro         =               -3.46
Energy_SolvP    =               103.27
Energy_SolvH    =               -104.22
Energy_vdwclash =               1.76
energy_torsion  =               1.70
backbone_vdwclash=              14.89
Entropy_sidec   =               43.62
Entropy_mainc   =               114.39
water bonds     =               0.00
helix dipole    =               0.00
loop_entropy    =               0.00
cis_bond        =               0.00
disulfide       =               0.00
kn electrostatic=               0.00
partial covalent interactions = 0.00
Energy_Ionisation =             0.43
Entropy Complex =               0.00
-----------------------------------------------------------
Total          = 				  -0.62

Residue HISA135 has high Energy, we mutate it to itself
Repair Residue ID= H2SA135

BackHbond       =               -57.95
SideHbond       =               -21.36
Energy_VdW      =               -78.76
Electro         =               -2.95
Energy_SolvP    =               102.90
Energy_SolvH    =               -104.10
Energy_vdwclash =               1.77
energy_torsion  =               1.70
backbone_vdwclash=              14.89
Entropy_sidec   =               43.35
Entropy_mainc   =               114.40
water bonds     =               0.00
helix dipole    =               0.00
loop_entropy    =               0.00
cis_bond        =               0.00
disulfide       =               0.00
kn electrostatic=               0.00
partial covalent interactions = 0.00
Energy_Ionisation =             0.22
Entropy Complex =               0.00
-----------------------------------------------------------
Total          = 				  -0.77

Residue TYRA137 has high Energy, we mutate it to itself
Repair Residue ID= TYRA137

BackHbond       =               -57.93
SideHbond       =               -21.36
Energy_VdW      =               -78.68
Electro         =               -2.94
Energy_SolvP    =               102.79
Energy_SolvH    =               -104.02
Energy_vdwclash =               1.76
energy_torsion  =               1.70
backbone_vdwclash=              14.89
Entropy_sidec   =               43.31
Entropy_mainc   =               114.37
water bonds     =               0.00
helix dipole    =               0.00
loop_entropy    =               0.00
cis_bond        =               0.00
disulfide       =               0.00
kn electrostatic=               0.00
partial covalent interactions = 0.00
Energy_Ionisation =             0.22
Entropy Complex =               0.00
-----------------------------------------------------------
Total          = 				  -0.77

Residue ILEA138 has high Energy, we mutate it to itself
Repair Residue ID= ILEA138

BackHbond       =               -58.03
SideHbond       =               -21.38
Energy_VdW      =               -79.05
Electro         =               -2.94
Energy_SolvP    =               102.91
Energy_SolvH    =               -104.64
Energy_vdwclash =               1.78
energy_torsion  =               1.70
backbone_vdwclash=              14.89
Entropy_sidec   =               43.52
Entropy_mainc   =               114.57
water bonds     =               0.00
helix dipole    =               0.00
loop_entropy    =               0.00
cis_bond        =               0.00
disulfide       =               0.00
kn electrostatic=               0.00
partial covalent interactions = 0.00
Energy_Ionisation =             0.22
Entropy Complex =               0.00
-----------------------------------------------------------
Total          = 				  -1.34

Residue SERA139 has high Energy, we mutate it to itself
We optimize, instead of self-mutatingSERA139
Repair Residue ID= SERA139

BackHbond       =               -58.03
SideHbond       =               -21.38
Energy_VdW      =               -79.05
Electro         =               -2.94
Energy_SolvP    =               102.91
Energy_SolvH    =               -104.64
Energy_vdwclash =               1.78
energy_torsion  =               1.70
backbone_vdwclash=              14.89
Entropy_sidec   =               43.52
Entropy_mainc   =               114.57
water bonds     =               0.00
helix dipole    =               0.00
loop_entropy    =               0.00
cis_bond        =               0.00
disulfide       =               0.00
kn electrostatic=               0.00
partial covalent interactions = 0.00
Energy_Ionisation =             0.22
Entropy Complex =               0.00
-----------------------------------------------------------
Total          = 				  -1.34

Residue ARGA140 has high Energy, we mutate it to itself
Repair Residue ID= ARGA140

BackHbond       =               -58.05
SideHbond       =               -21.38
Energy_VdW      =               -78.43
Electro         =               -2.71
Energy_SolvP    =               101.86
Energy_SolvH    =               -104.16
Energy_vdwclash =               1.78
energy_torsion  =               1.70
backbone_vdwclash=              14.89
Entropy_sidec   =               42.86
Entropy_mainc   =               114.50
water bonds     =               0.00
helix dipole    =               0.00
loop_entropy    =               0.00
cis_bond        =               0.00
disulfide       =               0.00
kn electrostatic=               0.00
partial covalent interactions = 0.00
Energy_Ionisation =             0.21
Entropy Complex =               0.00
-----------------------------------------------------------
Total          = 				  -1.82

Residue CYSA141 has high Energy, we mutate it to itself
Repair Residue ID= CYSA141

BackHbond       =               -58.15
SideHbond       =               -21.47
Energy_VdW      =               -78.47
Electro         =               -2.71
Energy_SolvP    =               101.85
Energy_SolvH    =               -104.22
Energy_vdwclash =               1.81
energy_torsion  =               1.70
backbone_vdwclash=              14.89
Entropy_sidec   =               42.97
Entropy_mainc   =               114.50
water bonds     =               0.00
helix dipole    =               0.00
loop_entropy    =               0.00
cis_bond        =               0.00
disulfide       =               0.00
kn electrostatic=               0.00
partial covalent interactions = 0.00
Energy_Ionisation =             0.21
Entropy Complex =               0.00
-----------------------------------------------------------
Total          = 				  -1.97

Residue THRA143 has high Energy, we mutate it to itself
We optimize, instead of self-mutatingTHRA143
Repair Residue ID= THRA143

BackHbond       =               -58.15
SideHbond       =               -21.84
Energy_VdW      =               -78.39
Electro         =               -2.70
Energy_SolvP    =               101.78
Energy_SolvH    =               -104.10
Energy_vdwclash =               1.81
energy_torsion  =               1.76
backbone_vdwclash=              14.89
Entropy_sidec   =               42.96
Entropy_mainc   =               114.50
water bonds     =               0.00
helix dipole    =               0.00
loop_entropy    =               0.00
cis_bond        =               0.00
disulfide       =               0.00
kn electrostatic=               0.00
partial covalent interactions = 0.00
Energy_Ionisation =             0.21
Entropy Complex =               0.00
-----------------------------------------------------------
Total          = 				  -2.16

Residue ARGA144 has high Energy, we mutate it to itself
Repair Residue ID= ARGA144

BackHbond       =               -58.84
SideHbond       =               -22.48
Energy_VdW      =               -77.82
Electro         =               -2.74
Energy_SolvP    =               100.77
Energy_SolvH    =               -103.75
Energy_vdwclash =               1.79
energy_torsion  =               1.73
backbone_vdwclash=              14.89
Entropy_sidec   =               43.31
Entropy_mainc   =               114.85
water bonds     =               0.00
helix dipole    =               0.00
loop_entropy    =               0.00
cis_bond        =               0.00
disulfide       =               0.00
kn electrostatic=               0.00
partial covalent interactions = 0.00
Energy_Ionisation =             0.21
Entropy Complex =               0.00
-----------------------------------------------------------
Total          = 				  -2.95

Residue LYSA145 has high Energy, we mutate it to itself
Repair Residue ID= LYSA145

BackHbond       =               -58.83
SideHbond       =               -22.51
Energy_VdW      =               -77.86
Electro         =               -2.73
Energy_SolvP    =               100.73
Energy_SolvH    =               -103.86
Energy_vdwclash =               1.79
energy_torsion  =               1.73
backbone_vdwclash=              14.89
Entropy_sidec   =               43.35
Entropy_mainc   =               114.86
water bonds     =               0.00
helix dipole    =               0.00
loop_entropy    =               0.00
cis_bond        =               0.00
disulfide       =               0.00
kn electrostatic=               0.00
partial covalent interactions = 0.00
Energy_Ionisation =             0.21
Entropy Complex =               0.00
-----------------------------------------------------------
Total          = 				  -3.11

Residue TYRA146 has high Energy, we mutate it to itself
We optimize, instead of self-mutatingTYRA146
Repair Residue ID= TYRA146

BackHbond       =               -58.83
SideHbond       =               -22.48
Energy_VdW      =               -77.87
Electro         =               -2.73
Energy_SolvP    =               100.73
Energy_SolvH    =               -103.88
Energy_vdwclash =               1.74
energy_torsion  =               1.73
backbone_vdwclash=              14.89
Entropy_sidec   =               43.35
Entropy_mainc   =               114.85
water bonds     =               0.00
helix dipole    =               0.00
loop_entropy    =               0.00
cis_bond        =               0.00
disulfide       =               0.00
kn electrostatic=               0.00
partial covalent interactions = 0.00
Energy_Ionisation =             0.21
Entropy Complex =               0.00
-----------------------------------------------------------
Total          = 				  -3.17

Residue THRA147 has high Energy, we mutate it to itself
Repair Residue ID= THRA147

BackHbond       =               -58.83
SideHbond       =               -22.48
Energy_VdW      =               -77.85
Electro         =               -2.73
Energy_SolvP    =               100.68
Energy_SolvH    =               -103.87
Energy_vdwclash =               1.74
energy_torsion  =               1.73
backbone_vdwclash=              14.85
Entropy_sidec   =               43.35
Entropy_mainc   =               114.85
water bonds     =               0.00
helix dipole    =               0.00
loop_entropy    =               0.00
cis_bond        =               0.00
disulfide       =               0.00
kn electrostatic=               0.00
partial covalent interactions = 0.00
Energy_Ionisation =             0.21
Entropy Complex =               0.00
-----------------------------------------------------------
Total          = 				  -3.20

Residue PROA150 has high Energy, we mutate it to itself
Repair Residue ID= PROA150

BackHbond       =               -58.83
SideHbond       =               -22.48
Energy_VdW      =               -77.87
Electro         =               -2.73
Energy_SolvP    =               100.69
Energy_SolvH    =               -103.91
Energy_vdwclash =               1.74
energy_torsion  =               1.73
backbone_vdwclash=              14.85
Entropy_sidec   =               43.35
Entropy_mainc   =               114.86
water bonds     =               0.00
helix dipole    =               0.00
loop_entropy    =               0.00
cis_bond        =               0.00
disulfide       =               0.00
kn electrostatic=               0.00
partial covalent interactions = 0.00
Energy_Ionisation =             0.21
Entropy Complex =               0.00
-----------------------------------------------------------
Total          = 				  -3.23

Residue ASPA153 has high Energy, we mutate it to itself
We optimize, instead of self-mutatingASPA153
Repair Residue ID= ASPA153

BackHbond       =               -58.82
SideHbond       =               -22.25
Energy_VdW      =               -77.83
Electro         =               -2.73
Energy_SolvP    =               100.58
Energy_SolvH    =               -103.88
Energy_vdwclash =               1.40
energy_torsion  =               1.70
backbone_vdwclash=              14.84
Entropy_sidec   =               43.34
Entropy_mainc   =               114.86
water bonds     =               0.00
helix dipole    =               0.00
loop_entropy    =               0.00
cis_bond        =               0.00
disulfide       =               0.00
kn electrostatic=               0.00
partial covalent interactions = 0.00
Energy_Ionisation =             0.21
Entropy Complex =               0.00
-----------------------------------------------------------
Total          = 				  -3.42

Residue PROA154 has high Energy, we mutate it to itself
Repair Residue ID= PROA154

BackHbond       =               -58.82
SideHbond       =               -22.25
Energy_VdW      =               -77.91
Electro         =               -2.73
Energy_SolvP    =               100.56
Energy_SolvH    =               -104.08
Energy_vdwclash =               1.40
energy_torsion  =               1.70
backbone_vdwclash=              14.77
Entropy_sidec   =               43.38
Entropy_mainc   =               114.86
water bonds     =               0.00
helix dipole    =               0.00
loop_entropy    =               0.00
cis_bond        =               0.00
disulfide       =               0.00
kn electrostatic=               0.00
partial covalent interactions = 0.00
Energy_Ionisation =             0.21
Entropy Complex =               0.00
-----------------------------------------------------------
Total          = 				  -3.68

Residue THRA155 has high Energy, we mutate it to itself
We optimize, instead of self-mutatingTHRA155
Repair Residue ID= THRA155

BackHbond       =               -58.82
SideHbond       =               -22.17
Energy_VdW      =               -77.91
Electro         =               -2.73
Energy_SolvP    =               100.56
Energy_SolvH    =               -104.08
Energy_vdwclash =               1.32
energy_torsion  =               1.70
backbone_vdwclash=              14.77
Entropy_sidec   =               43.38
Entropy_mainc   =               114.86
water bonds     =               0.00
helix dipole    =               0.00
loop_entropy    =               0.00
cis_bond        =               0.00
disulfide       =               0.00
kn electrostatic=               0.00
partial covalent interactions = 0.00
Energy_Ionisation =             0.21
Entropy Complex =               0.00
-----------------------------------------------------------
Total          = 				  -3.69

Residue LEUA156 has high Energy, we mutate it to itself
Repair Residue ID= LEUA156

BackHbond       =               -58.82
SideHbond       =               -22.17
Energy_VdW      =               -77.95
Electro         =               -2.73
Energy_SolvP    =               100.52
Energy_SolvH    =               -104.18
Energy_vdwclash =               1.35
energy_torsion  =               1.70
backbone_vdwclash=              14.78
Entropy_sidec   =               43.40
Entropy_mainc   =               114.86
water bonds     =               0.00
helix dipole    =               0.00
loop_entropy    =               0.00
cis_bond        =               0.00
disulfide       =               0.00
kn electrostatic=               0.00
partial covalent interactions = 0.00
Energy_Ionisation =             0.21
Entropy Complex =               0.00
-----------------------------------------------------------
Total          = 				  -3.81

Residue SERA158 has high Energy, we mutate it to itself
Repair Residue ID= SERA158

BackHbond       =               -59.25
SideHbond       =               -22.25
Energy_VdW      =               -77.85
Electro         =               -2.73
Energy_SolvP    =               100.10
Energy_SolvH    =               -104.13
Energy_vdwclash =               1.35
energy_torsion  =               1.71
backbone_vdwclash=              14.79
Entropy_sidec   =               43.38
Entropy_mainc   =               115.60
water bonds     =               0.00
helix dipole    =               0.00
loop_entropy    =               0.00
cis_bond        =               0.00
disulfide       =               0.00
kn electrostatic=               0.00
partial covalent interactions = 0.00
Energy_Ionisation =             0.21
Entropy Complex =               0.00
-----------------------------------------------------------
Total          = 				  -3.85

Residue SERA159 has high Energy, we mutate it to itself
Repair Residue ID= SERA159

BackHbond       =               -59.25
SideHbond       =               -22.25
Energy_VdW      =               -77.84
Electro         =               -2.73
Energy_SolvP    =               100.07
Energy_SolvH    =               -104.12
Energy_vdwclash =               1.35
energy_torsion  =               1.71
backbone_vdwclash=              14.79
Entropy_sidec   =               43.37
Entropy_mainc   =               115.60
water bonds     =               0.00
helix dipole    =               0.00
loop_entropy    =               0.00
cis_bond        =               0.00
disulfide       =               0.00
kn electrostatic=               0.00
partial covalent interactions = 0.00
Energy_Ionisation =             0.21
Entropy Complex =               0.00
-----------------------------------------------------------
Total          = 				  -3.87

Residue SERA160 has high Energy, we mutate it to itself
Repair Residue ID= SERA160

BackHbond       =               -59.23
SideHbond       =               -22.25
Energy_VdW      =               -77.70
Electro         =               -2.73
Energy_SolvP    =               99.74
Energy_SolvH    =               -104.05
Energy_vdwclash =               1.35
energy_torsion  =               1.71
backbone_vdwclash=              14.79
Entropy_sidec   =               43.26
Entropy_mainc   =               115.60
water bonds     =               0.00
helix dipole    =               0.00
loop_entropy    =               0.00
cis_bond        =               0.00
disulfide       =               0.00
kn electrostatic=               0.00
partial covalent interactions = 0.00
Energy_Ionisation =             0.21
Entropy Complex =               0.00
-----------------------------------------------------------
Total          = 				  -4.09

Residue SERA162 has high Energy, we mutate it to itself
Repair Residue ID= SERA162

BackHbond       =               -59.84
SideHbond       =               -22.52
Energy_VdW      =               -77.71
Electro         =               -2.73
Energy_SolvP    =               99.60
Energy_SolvH    =               -104.05
Energy_vdwclash =               0.97
energy_torsion  =               1.25
backbone_vdwclash=              14.80
Entropy_sidec   =               43.26
Entropy_mainc   =               115.84
water bonds     =               0.00
helix dipole    =               0.00
loop_entropy    =               0.00
cis_bond        =               0.00
disulfide       =               0.00
kn electrostatic=               0.00
partial covalent interactions = 0.00
Energy_Ionisation =             0.21
Entropy Complex =               0.00
-----------------------------------------------------------
Total          = 				  -5.70

Residue PROA163 has high Energy, we mutate it to itself
Repair Residue ID= PROA163

BackHbond       =               -59.84
SideHbond       =               -22.52
Energy_VdW      =               -77.79
Electro         =               -2.73
Energy_SolvP    =               99.68
Energy_SolvH    =               -104.19
Energy_vdwclash =               0.99
energy_torsion  =               1.25
backbone_vdwclash=              14.83
Entropy_sidec   =               43.33
Entropy_mainc   =               115.84
water bonds     =               0.00
helix dipole    =               0.00
loop_entropy    =               0.00
cis_bond        =               0.00
disulfide       =               0.00
kn electrostatic=               0.00
partial covalent interactions = 0.00
Energy_Ionisation =             0.21
Entropy Complex =               0.00
-----------------------------------------------------------
Total          = 				  -5.75

Residue GLUA164 has high Energy, we mutate it to itself
We optimize, instead of self-mutatingGLUA164
Repair Residue ID= GLUA164

BackHbond       =               -59.84
SideHbond       =               -22.52
Energy_VdW      =               -77.78
Electro         =               -2.73
Energy_SolvP    =               99.64
Energy_SolvH    =               -104.17
Energy_vdwclash =               0.99
energy_torsion  =               1.25
backbone_vdwclash=              14.83
Entropy_sidec   =               43.32
Entropy_mainc   =               115.84
water bonds     =               0.00
helix dipole    =               0.00
loop_entropy    =               0.00
cis_bond        =               0.00
disulfide       =               0.00
kn electrostatic=               0.00
partial covalent interactions = 0.00
Energy_Ionisation =             0.21
Entropy Complex =               0.00
-----------------------------------------------------------
Total          = 				  -5.78

Residue THRA166 has high Energy, we mutate it to itself
Repair Residue ID= THRA166

BackHbond       =               -59.82
SideHbond       =               -22.52
Energy_VdW      =               -77.83
Electro         =               -2.73
Energy_SolvP    =               99.69
Energy_SolvH    =               -104.27
Energy_vdwclash =               0.99
energy_torsion  =               1.26
backbone_vdwclash=              14.82
Entropy_sidec   =               43.36
Entropy_mainc   =               115.84
water bonds     =               0.00
helix dipole    =               0.00
loop_entropy    =               0.00
cis_bond        =               0.00
disulfide       =               0.00
kn electrostatic=               0.00
partial covalent interactions = 0.00
Energy_Ionisation =             0.21
Entropy Complex =               0.00
-----------------------------------------------------------
Total          = 				  -5.81

Residue THRA168 has high Energy, we mutate it to itself
Repair Residue ID= THRA168

BackHbond       =               -59.82
SideHbond       =               -22.52
Energy_VdW      =               -77.83
Electro         =               -2.73
Energy_SolvP    =               99.69
Energy_SolvH    =               -104.27
Energy_vdwclash =               0.99
energy_torsion  =               1.26
backbone_vdwclash=              14.82
Entropy_sidec   =               43.36
Entropy_mainc   =               115.84
water bonds     =               0.00
helix dipole    =               0.00
loop_entropy    =               0.00
cis_bond        =               0.00
disulfide       =               0.00
kn electrostatic=               0.00
partial covalent interactions = 0.00
Energy_Ionisation =             0.21
Entropy Complex =               0.00
-----------------------------------------------------------
Total          = 				  -5.81

Residue GLUA170 has high Energy, we mutate it to itself
Repair Residue ID= GLUA170

BackHbond       =               -59.82
SideHbond       =               -22.52
Energy_VdW      =               -77.84
Electro         =               -2.72
Energy_SolvP    =               99.69
Energy_SolvH    =               -104.28
Energy_vdwclash =               0.99
energy_torsion  =               1.28
backbone_vdwclash=              14.82
Entropy_sidec   =               43.36
Entropy_mainc   =               115.84
water bonds     =               0.00
helix dipole    =               0.00
loop_entropy    =               0.00
cis_bond        =               0.00
disulfide       =               0.00
kn electrostatic=               0.00
partial covalent interactions = 0.00
Energy_Ionisation =             0.21
Entropy Complex =               0.00
-----------------------------------------------------------
Total          = 				  -5.81

Residue PROA172 has high Energy, we mutate it to itself
Residue PROA174 has high Energy, we mutate it to itself
Repair Residue ID= PROA174

BackHbond       =               -59.82
SideHbond       =               -22.52
Energy_VdW      =               -77.88
Electro         =               -2.72
Energy_SolvP    =               99.71
Energy_SolvH    =               -104.38
Energy_vdwclash =               0.99
energy_torsion  =               1.28
backbone_vdwclash=              14.82
Entropy_sidec   =               43.36
Entropy_mainc   =               115.84
water bonds     =               0.00
helix dipole    =               0.00
loop_entropy    =               0.00
cis_bond        =               0.00
disulfide       =               0.00
kn electrostatic=               0.00
partial covalent interactions = 0.00
Energy_Ionisation =             0.21
Entropy Complex =               0.00
-----------------------------------------------------------
Total          = 				  -5.93

Residue LYSA175 has high Energy, we mutate it to itself
Repair Residue ID= LYSA175

BackHbond       =               -59.82
SideHbond       =               -22.51
Energy_VdW      =               -77.98
Electro         =               -2.82
Energy_SolvP    =               99.80
Energy_SolvH    =               -104.53
Energy_vdwclash =               0.99
energy_torsion  =               1.27
backbone_vdwclash=              14.82
Entropy_sidec   =               43.43
Entropy_mainc   =               115.88
water bonds     =               0.00
helix dipole    =               0.00
loop_entropy    =               0.00
cis_bond        =               0.00
disulfide       =               0.00
kn electrostatic=               0.00
partial covalent interactions = 0.00
Energy_Ionisation =             0.21
Entropy Complex =               0.00
-----------------------------------------------------------
Total          = 				  -6.07

Residue VALA177 has high Energy, we mutate it to itself
Repair Residue ID= VALA177

BackHbond       =               -59.82
SideHbond       =               -22.51
Energy_VdW      =               -77.99
Electro         =               -2.82
Energy_SolvP    =               99.80
Energy_SolvH    =               -104.55
Energy_vdwclash =               0.99
energy_torsion  =               1.27
backbone_vdwclash=              14.82
Entropy_sidec   =               43.43
Entropy_mainc   =               115.90
water bonds     =               0.00
helix dipole    =               0.00
loop_entropy    =               0.00
cis_bond        =               0.00
disulfide       =               0.00
kn electrostatic=               0.00
partial covalent interactions = 0.00
Energy_Ionisation =             0.21
Entropy Complex =               0.00
-----------------------------------------------------------
Total          = 				  -6.08

Repaired

BackHbond       =               -59.82
SideHbond       =               -22.51
Energy_VdW      =               -77.99
Electro         =               -2.82
Energy_SolvP    =               99.80
Energy_SolvH    =               -104.55
Energy_vdwclash =               0.99
energy_torsion  =               1.27
backbone_vdwclash=              14.82
Entropy_sidec   =               43.43
Entropy_mainc   =               115.90
water bonds     =               0.00
helix dipole    =               0.00
loop_entropy    =               0.00
cis_bond        =               0.00
disulfide       =               0.00
kn electrostatic=               0.00
partial covalent interactions = 0.00
Energy_Ionisation =             0.21
Entropy Complex =               0.00
-----------------------------------------------------------
Total          = 				  -6.08

End of Repair
Output PDB ./P14602_trimmed_model0_checked_Repair.pdb
Your file run OK
End time of FoldX: Fri Apr 17 12:11:37 2026
Total time spend: 54.95 seconds.
Cleaning RepairPDB...DONE
