   ********************************************
   ***                                      ***
   ***             FoldX 5 (c)            ***
   ***                                      ***
   ***     code by the FoldX Consortium     ***
   ***                                      ***
   ***     Jesper Borg, Frederic Rousseau   ***
   ***    Joost Schymkowitz, Luis Serrano   ***
   ***    Peter Vanhee, Erik Verschueren    ***
   ***     Lies Baeten, Javier Delgado      ***
   ***       and Francois Stricher          ***
   *** and any other of the 9! permutations ***
   ***   based on an original concept by    ***
   ***   Raphael Guerois and Luis Serrano   ***
   ********************************************

Reading config file 'runfile.txt'
Start RepairPDB >>>

1 models read: O15297_trimmed_model0_checked.pdb
"O15297_trimmed_model0_checked_Repair.fxout"
Repair will take all residues into account
wild type

BackHbond       =               -224.23
SideHbond       =               -67.67
Energy_VdW      =               -354.31
Electro         =               -10.92
Energy_SolvP    =               491.67
Energy_SolvH    =               -455.86
Energy_vdwclash =               28.26
energy_torsion  =               12.79
backbone_vdwclash=              153.74
Entropy_sidec   =               182.54
Entropy_mainc   =               560.02
water bonds     =               0.00
helix dipole    =               -1.53
loop_entropy    =               0.00
cis_bond        =               0.10
disulfide       =               0.00
kn electrostatic=               0.00
partial covalent interactions = 0.00
Energy_Ionisation =             1.29
Entropy Complex =               0.00
-----------------------------------------------------------
Total          = 				  162.15

Flipping HNQ

BackHbond       =               -224.23
SideHbond       =               -67.67
Energy_VdW      =               -354.33
Electro         =               -10.92
Energy_SolvP    =               491.68
Energy_SolvH    =               -455.89
Energy_vdwclash =               28.26
energy_torsion  =               12.79
backbone_vdwclash=              153.74
Entropy_sidec   =               182.55
Entropy_mainc   =               560.02
water bonds     =               0.00
helix dipole    =               -1.53
loop_entropy    =               0.00
cis_bond        =               0.10
disulfide       =               0.00
kn electrostatic=               0.00
partial covalent interactions = 0.00
Energy_Ionisation =             1.29
Entropy Complex =               0.00
-----------------------------------------------------------
Total          = 				  162.12

Now Optimizing Residues
Now optimizing Residue TYRA5
Optimize Residue ID= TYRA5

BackHbond       =               -224.23
SideHbond       =               -67.66
Energy_VdW      =               -354.34
Electro         =               -10.92
Energy_SolvP    =               491.65
Energy_SolvH    =               -455.92
Energy_vdwclash =               28.29
energy_torsion  =               12.79
backbone_vdwclash=              153.74
Entropy_sidec   =               182.55
Entropy_mainc   =               560.02
water bonds     =               0.00
helix dipole    =               -1.53
loop_entropy    =               0.00
cis_bond        =               0.10
disulfide       =               0.00
kn electrostatic=               0.00
partial covalent interactions = 0.00
Energy_Ionisation =             1.29
Entropy Complex =               0.00
-----------------------------------------------------------
Total          = 				  162.08

Now optimizing Residue SERA6
Optimize Residue ID= SERA6

BackHbond       =               -224.27
SideHbond       =               -67.70
Energy_VdW      =               -354.35
Electro         =               -10.93
Energy_SolvP    =               491.66
Energy_SolvH    =               -455.93
Energy_vdwclash =               28.29
energy_torsion  =               12.79
backbone_vdwclash=              153.74
Entropy_sidec   =               182.55
Entropy_mainc   =               560.06
water bonds     =               0.00
helix dipole    =               -1.53
loop_entropy    =               0.00
cis_bond        =               0.10
disulfide       =               0.00
kn electrostatic=               0.00
partial covalent interactions = 0.00
Energy_Ionisation =             1.29
Entropy Complex =               0.00
-----------------------------------------------------------
Total          = 				  162.04

Now optimizing Residue SERA10
Optimize Residue ID= SERA10

BackHbond       =               -224.29
SideHbond       =               -67.72
Energy_VdW      =               -354.35
Electro         =               -10.93
Energy_SolvP    =               491.67
Energy_SolvH    =               -455.93
Energy_vdwclash =               28.29
energy_torsion  =               12.79
backbone_vdwclash=              153.74
Entropy_sidec   =               182.55
Entropy_mainc   =               560.06
water bonds     =               0.00
helix dipole    =               -1.53
loop_entropy    =               0.00
cis_bond        =               0.10
disulfide       =               0.00
kn electrostatic=               0.00
partial covalent interactions = 0.00
Energy_Ionisation =             1.29
Entropy Complex =               0.00
-----------------------------------------------------------
Total          = 				  162.00

Now optimizing Residue VALA11
Optimize Residue ID= VALA11

BackHbond       =               -224.29
SideHbond       =               -67.72
Energy_VdW      =               -354.37
Electro         =               -10.93
Energy_SolvP    =               491.67
Energy_SolvH    =               -455.97
Energy_vdwclash =               28.31
energy_torsion  =               12.79
backbone_vdwclash=              153.74
Entropy_sidec   =               182.56
Entropy_mainc   =               560.06
water bonds     =               0.00
helix dipole    =               -1.53
loop_entropy    =               0.00
cis_bond        =               0.10
disulfide       =               0.00
kn electrostatic=               0.00
partial covalent interactions = 0.00
Energy_Ionisation =             1.29
Entropy Complex =               0.00
-----------------------------------------------------------
Total          = 				  161.97

Now optimizing Residue PHEA12
Optimize Residue ID= PHEA12

BackHbond       =               -224.29
SideHbond       =               -67.72
Energy_VdW      =               -354.40
Electro         =               -10.95
Energy_SolvP    =               491.70
Energy_SolvH    =               -456.00
Energy_vdwclash =               28.29
energy_torsion  =               12.79
backbone_vdwclash=              153.75
Entropy_sidec   =               182.54
Entropy_mainc   =               560.07
water bonds     =               0.00
helix dipole    =               -1.53
loop_entropy    =               0.00
cis_bond        =               0.10
disulfide       =               0.00
kn electrostatic=               0.00
partial covalent interactions = 0.00
Energy_Ionisation =             1.29
Entropy Complex =               0.00
-----------------------------------------------------------
Total          = 				  161.89

Now optimizing Residue SERA13
Optimize Residue ID= SERA13

BackHbond       =               -224.29
SideHbond       =               -67.72
Energy_VdW      =               -354.39
Electro         =               -10.95
Energy_SolvP    =               491.66
Energy_SolvH    =               -456.00
Energy_vdwclash =               28.29
energy_torsion  =               12.79
backbone_vdwclash=              153.75
Entropy_sidec   =               182.54
Entropy_mainc   =               560.07
water bonds     =               0.00
helix dipole    =               -1.53
loop_entropy    =               0.00
cis_bond        =               0.10
disulfide       =               0.00
kn electrostatic=               0.00
partial covalent interactions = 0.00
Energy_Ionisation =             1.29
Entropy Complex =               0.00
-----------------------------------------------------------
Total          = 				  161.87

Now optimizing Residue ASPA14
Optimize Residue ID= ASPA14

BackHbond       =               -224.29
SideHbond       =               -67.72
Energy_VdW      =               -354.38
Electro         =               -10.95
Energy_SolvP    =               491.63
Energy_SolvH    =               -455.99
Energy_vdwclash =               28.20
energy_torsion  =               12.78
backbone_vdwclash=              153.74
Entropy_sidec   =               182.54
Entropy_mainc   =               560.07
water bonds     =               0.00
helix dipole    =               -1.53
loop_entropy    =               0.00
cis_bond        =               0.10
disulfide       =               0.00
kn electrostatic=               0.00
partial covalent interactions = 0.00
Energy_Ionisation =             1.29
Entropy Complex =               0.00
-----------------------------------------------------------
Total          = 				  161.76

Now optimizing Residue GLNA15
Optimize Residue ID= GLNA15

BackHbond       =               -224.91
SideHbond       =               -68.25
Energy_VdW      =               -354.37
Electro         =               -10.95
Energy_SolvP    =               491.42
Energy_SolvH    =               -455.98
Energy_vdwclash =               28.01
energy_torsion  =               12.78
backbone_vdwclash=              153.74
Entropy_sidec   =               182.75
Entropy_mainc   =               560.07
water bonds     =               0.00
helix dipole    =               -1.53
loop_entropy    =               0.00
cis_bond        =               0.10
disulfide       =               0.00
kn electrostatic=               0.00
partial covalent interactions = 0.00
Energy_Ionisation =             1.29
Entropy Complex =               0.00
-----------------------------------------------------------
Total          = 				  160.43

Now optimizing Residue ARGA18
Optimize Residue ID= ARGA18

BackHbond       =               -225.10
SideHbond       =               -68.44
Energy_VdW      =               -354.36
Electro         =               -10.96
Energy_SolvP    =               491.08
Energy_SolvH    =               -455.99
Energy_vdwclash =               27.69
energy_torsion  =               12.78
backbone_vdwclash=              153.78
Entropy_sidec   =               182.87
Entropy_mainc   =               560.20
water bonds     =               0.00
helix dipole    =               -1.53
loop_entropy    =               0.00
cis_bond        =               0.10
disulfide       =               0.00
kn electrostatic=               0.00
partial covalent interactions = 0.00
Energy_Ionisation =             1.29
Entropy Complex =               0.00
-----------------------------------------------------------
Total          = 				  159.63

Now optimizing Residue LYSA19
Optimize Residue ID= LYSA19

BackHbond       =               -225.10
SideHbond       =               -68.44
Energy_VdW      =               -354.37
Electro         =               -10.96
Energy_SolvP    =               491.08
Energy_SolvH    =               -456.00
Energy_vdwclash =               27.69
energy_torsion  =               12.78
backbone_vdwclash=              153.78
Entropy_sidec   =               182.87
Entropy_mainc   =               560.20
water bonds     =               0.00
helix dipole    =               -1.53
loop_entropy    =               0.00
cis_bond        =               0.10
disulfide       =               0.00
kn electrostatic=               0.00
partial covalent interactions = 0.00
Energy_Ionisation =             1.29
Entropy Complex =               0.00
-----------------------------------------------------------
Total          = 				  159.61

Now optimizing Residue TYRA20
Optimize Residue ID= TYRA20

BackHbond       =               -225.10
SideHbond       =               -68.44
Energy_VdW      =               -354.36
Electro         =               -10.96
Energy_SolvP    =               491.06
Energy_SolvH    =               -456.00
Energy_vdwclash =               27.69
energy_torsion  =               12.78
backbone_vdwclash=              153.78
Entropy_sidec   =               182.87
Entropy_mainc   =               560.20
water bonds     =               0.00
helix dipole    =               -1.53
loop_entropy    =               0.00
cis_bond        =               0.10
disulfide       =               0.00
kn electrostatic=               0.00
partial covalent interactions = 0.00
Energy_Ionisation =             1.29
Entropy Complex =               0.00
-----------------------------------------------------------
Total          = 				  159.60

Now optimizing Residue META21
Optimize Residue ID= META21

BackHbond       =               -225.10
SideHbond       =               -68.44
Energy_VdW      =               -354.38
Electro         =               -10.96
Energy_SolvP    =               491.05
Energy_SolvH    =               -456.05
Energy_vdwclash =               27.69
energy_torsion  =               12.79
backbone_vdwclash=              153.78
Entropy_sidec   =               182.88
Entropy_mainc   =               560.20
water bonds     =               0.00
helix dipole    =               -1.53
loop_entropy    =               0.00
cis_bond        =               0.10
disulfide       =               0.00
kn electrostatic=               0.00
partial covalent interactions = 0.00
Energy_Ionisation =             1.29
Entropy Complex =               0.00
-----------------------------------------------------------
Total          = 				  159.55

Now optimizing Residue GLUA22
Optimize Residue ID= GLUA22

BackHbond       =               -225.10
SideHbond       =               -68.53
Energy_VdW      =               -354.40
Electro         =               -10.96
Energy_SolvP    =               491.04
Energy_SolvH    =               -456.10
Energy_vdwclash =               27.69
energy_torsion  =               12.79
backbone_vdwclash=              153.78
Entropy_sidec   =               182.88
Entropy_mainc   =               560.20
water bonds     =               0.00
helix dipole    =               -1.53
loop_entropy    =               0.00
cis_bond        =               0.10
disulfide       =               0.00
kn electrostatic=               0.00
partial covalent interactions = 0.00
Energy_Ionisation =             1.29
Entropy Complex =               0.00
-----------------------------------------------------------
Total          = 				  159.39

Now optimizing Residue ASPA23
Optimize Residue ID= ASPA23

BackHbond       =               -225.10
SideHbond       =               -68.53
Energy_VdW      =               -354.40
Electro         =               -10.99
Energy_SolvP    =               491.02
Energy_SolvH    =               -456.09
Energy_vdwclash =               27.69
energy_torsion  =               12.79
backbone_vdwclash=              153.78
Entropy_sidec   =               182.88
Entropy_mainc   =               560.21
water bonds     =               0.00
helix dipole    =               -1.53
loop_entropy    =               0.00
cis_bond        =               0.10
disulfide       =               0.00
kn electrostatic=               0.00
partial covalent interactions = 0.00
Energy_Ionisation =             1.29
Entropy Complex =               0.00
-----------------------------------------------------------
Total          = 				  159.34

Now optimizing Residue THRA25
Optimize Residue ID= THRA25

BackHbond       =               -225.10
SideHbond       =               -68.53
Energy_VdW      =               -354.41
Electro         =               -10.99
Energy_SolvP    =               491.02
Energy_SolvH    =               -456.11
Energy_vdwclash =               27.68
energy_torsion  =               12.79
backbone_vdwclash=              153.78
Entropy_sidec   =               182.88
Entropy_mainc   =               560.21
water bonds     =               0.00
helix dipole    =               -1.53
loop_entropy    =               0.00
cis_bond        =               0.10
disulfide       =               0.00
kn electrostatic=               0.00
partial covalent interactions = 0.00
Energy_Ionisation =             1.29
Entropy Complex =               0.00
-----------------------------------------------------------
Total          = 				  159.31

Now optimizing Residue GLNA26
Optimize Residue ID= GLNA26

BackHbond       =               -225.10
SideHbond       =               -68.53
Energy_VdW      =               -354.40
Electro         =               -10.99
Energy_SolvP    =               490.97
Energy_SolvH    =               -456.13
Energy_vdwclash =               26.99
energy_torsion  =               12.79
backbone_vdwclash=              153.77
Entropy_sidec   =               182.88
Entropy_mainc   =               560.20
water bonds     =               0.00
helix dipole    =               -1.53
loop_entropy    =               0.00
cis_bond        =               0.10
disulfide       =               0.00
kn electrostatic=               0.00
partial covalent interactions = 0.00
Energy_Ionisation =             1.29
Entropy Complex =               0.00
-----------------------------------------------------------
Total          = 				  158.55

Now optimizing Residue ILEA27
Optimize Residue ID= ILEA27

BackHbond       =               -225.10
SideHbond       =               -68.53
Energy_VdW      =               -354.41
Electro         =               -10.99
Energy_SolvP    =               490.97
Energy_SolvH    =               -456.16
Energy_vdwclash =               26.99
energy_torsion  =               12.79
backbone_vdwclash=              153.77
Entropy_sidec   =               182.89
Entropy_mainc   =               560.20
water bonds     =               0.00
helix dipole    =               -1.53
loop_entropy    =               0.00
cis_bond        =               0.10
disulfide       =               0.00
kn electrostatic=               0.00
partial covalent interactions = 0.00
Energy_Ionisation =             1.29
Entropy Complex =               0.00
-----------------------------------------------------------
Total          = 				  158.51

Now optimizing Residue VALA28
Optimize Residue ID= VALA28

BackHbond       =               -225.10
SideHbond       =               -68.53
Energy_VdW      =               -354.41
Electro         =               -10.99
Energy_SolvP    =               490.97
Energy_SolvH    =               -456.16
Energy_vdwclash =               26.99
energy_torsion  =               12.79
backbone_vdwclash=              153.77
Entropy_sidec   =               182.89
Entropy_mainc   =               560.20
water bonds     =               0.00
helix dipole    =               -1.53
loop_entropy    =               0.00
cis_bond        =               0.10
disulfide       =               0.00
kn electrostatic=               0.00
partial covalent interactions = 0.00
Energy_Ionisation =             1.29
Entropy Complex =               0.00
-----------------------------------------------------------
Total          = 				  158.51

Now optimizing Residue VALA29
Optimize Residue ID= VALA29

BackHbond       =               -225.10
SideHbond       =               -68.53
Energy_VdW      =               -354.44
Electro         =               -10.99
Energy_SolvP    =               490.97
Energy_SolvH    =               -456.21
Energy_vdwclash =               26.99
energy_torsion  =               12.79
backbone_vdwclash=              153.77
Entropy_sidec   =               182.90
Entropy_mainc   =               560.20
water bonds     =               0.00
helix dipole    =               -1.53
loop_entropy    =               0.00
cis_bond        =               0.10
disulfide       =               0.00
kn electrostatic=               0.00
partial covalent interactions = 0.00
Energy_Ionisation =             1.29
Entropy Complex =               0.00
-----------------------------------------------------------
Total          = 				  158.45

Now optimizing Residue GLUA30
Optimize Residue ID= GLUA30

BackHbond       =               -225.10
SideHbond       =               -68.54
Energy_VdW      =               -354.45
Electro         =               -10.99
Energy_SolvP    =               490.98
Energy_SolvH    =               -456.22
Energy_vdwclash =               26.99
energy_torsion  =               12.79
backbone_vdwclash=              153.77
Entropy_sidec   =               182.91
Entropy_mainc   =               560.20
water bonds     =               0.00
helix dipole    =               -1.53
loop_entropy    =               0.00
cis_bond        =               0.10
disulfide       =               0.00
kn electrostatic=               0.00
partial covalent interactions = 0.00
Energy_Ionisation =             1.29
Entropy Complex =               0.00
-----------------------------------------------------------
Total          = 				  158.42

Now optimizing Residue PROA31
Optimize Residue ID= PROA31

BackHbond       =               -225.10
SideHbond       =               -68.54
Energy_VdW      =               -354.45
Electro         =               -10.99
Energy_SolvP    =               490.98
Energy_SolvH    =               -456.22
Energy_vdwclash =               26.99
energy_torsion  =               12.79
backbone_vdwclash=              153.77
Entropy_sidec   =               182.91
Entropy_mainc   =               560.20
water bonds     =               0.00
helix dipole    =               -1.53
loop_entropy    =               0.00
cis_bond        =               0.10
disulfide       =               0.00
kn electrostatic=               0.00
partial covalent interactions = 0.00
Energy_Ionisation =             1.29
Entropy Complex =               0.00
-----------------------------------------------------------
Total          = 				  158.42

Now optimizing Residue GLUA32
Optimize Residue ID= GLUA32

BackHbond       =               -225.10
SideHbond       =               -68.50
Energy_VdW      =               -354.44
Electro         =               -10.99
Energy_SolvP    =               490.98
Energy_SolvH    =               -456.22
Energy_vdwclash =               26.47
energy_torsion  =               12.79
backbone_vdwclash=              153.77
Entropy_sidec   =               182.91
Entropy_mainc   =               560.20
water bonds     =               0.00
helix dipole    =               -1.53
loop_entropy    =               0.00
cis_bond        =               0.10
disulfide       =               0.00
kn electrostatic=               0.00
partial covalent interactions = 0.00
Energy_Ionisation =             1.29
Entropy Complex =               0.00
-----------------------------------------------------------
Total          = 				  157.96

Now optimizing Residue PROA33
Optimize Residue ID= PROA33

BackHbond       =               -225.10
SideHbond       =               -68.50
Energy_VdW      =               -354.47
Electro         =               -11.00
Energy_SolvP    =               491.01
Energy_SolvH    =               -456.27
Energy_vdwclash =               26.47
energy_torsion  =               12.79
backbone_vdwclash=              153.77
Entropy_sidec   =               182.92
Entropy_mainc   =               560.21
water bonds     =               0.00
helix dipole    =               -1.53
loop_entropy    =               0.00
cis_bond        =               0.10
disulfide       =               0.00
kn electrostatic=               0.00
partial covalent interactions = 0.00
Energy_Ionisation =             1.29
Entropy Complex =               0.00
-----------------------------------------------------------
Total          = 				  157.93

Now optimizing Residue THRA34
Optimize Residue ID= THRA34

BackHbond       =               -225.10
SideHbond       =               -68.52
Energy_VdW      =               -354.47
Electro         =               -11.00
Energy_SolvP    =               491.01
Energy_SolvH    =               -456.27
Energy_vdwclash =               26.47
energy_torsion  =               12.79
backbone_vdwclash=              153.77
Entropy_sidec   =               182.93
Entropy_mainc   =               560.21
water bonds     =               0.00
helix dipole    =               -1.53
loop_entropy    =               0.00
cis_bond        =               0.10
disulfide       =               0.00
kn electrostatic=               0.00
partial covalent interactions = 0.00
Energy_Ionisation =             1.29
Entropy Complex =               0.00
-----------------------------------------------------------
Total          = 				  157.92

Now optimizing Residue GLUA36
Optimize Residue ID= GLUA36

BackHbond       =               -225.10
SideHbond       =               -68.52
Energy_VdW      =               -354.47
Electro         =               -11.01
Energy_SolvP    =               491.01
Energy_SolvH    =               -456.27
Energy_vdwclash =               26.47
energy_torsion  =               12.79
backbone_vdwclash=              153.77
Entropy_sidec   =               182.94
Entropy_mainc   =               560.21
water bonds     =               0.00
helix dipole    =               -1.53
loop_entropy    =               0.00
cis_bond        =               0.10
disulfide       =               0.00
kn electrostatic=               0.00
partial covalent interactions = 0.00
Energy_Ionisation =             1.29
Entropy Complex =               0.00
-----------------------------------------------------------
Total          = 				  157.91

Now optimizing Residue GLUA37
Optimize Residue ID= GLUA37

BackHbond       =               -225.10
SideHbond       =               -68.43
Energy_VdW      =               -354.44
Electro         =               -11.00
Energy_SolvP    =               490.88
Energy_SolvH    =               -456.25
Energy_vdwclash =               26.47
energy_torsion  =               12.79
backbone_vdwclash=              153.77
Entropy_sidec   =               182.82
Entropy_mainc   =               560.20
water bonds     =               0.00
helix dipole    =               -1.53
loop_entropy    =               0.00
cis_bond        =               0.10
disulfide       =               0.00
kn electrostatic=               0.00
partial covalent interactions = 0.00
Energy_Ionisation =             1.29
Entropy Complex =               0.00
-----------------------------------------------------------
Total          = 				  157.81

Now optimizing Residue LYSA38
Optimize Residue ID= LYSA38

BackHbond       =               -225.10
SideHbond       =               -68.43
Energy_VdW      =               -354.44
Electro         =               -11.01
Energy_SolvP    =               490.88
Energy_SolvH    =               -456.25
Energy_vdwclash =               26.47
energy_torsion  =               12.79
backbone_vdwclash=              153.77
Entropy_sidec   =               182.82
Entropy_mainc   =               560.20
water bonds     =               0.00
helix dipole    =               -1.53
loop_entropy    =               0.00
cis_bond        =               0.10
disulfide       =               0.00
kn electrostatic=               0.00
partial covalent interactions = 0.00
Energy_Ionisation =             1.29
Entropy Complex =               0.00
-----------------------------------------------------------
Total          = 				  157.80

Now optimizing Residue PROA39
Optimize Residue ID= PROA39

BackHbond       =               -225.10
SideHbond       =               -68.43
Energy_VdW      =               -354.44
Electro         =               -11.01
Energy_SolvP    =               490.88
Energy_SolvH    =               -456.25
Energy_vdwclash =               26.47
energy_torsion  =               12.79
backbone_vdwclash=              153.77
Entropy_sidec   =               182.82
Entropy_mainc   =               560.20
water bonds     =               0.00
helix dipole    =               -1.53
loop_entropy    =               0.00
cis_bond        =               0.10
disulfide       =               0.00
kn electrostatic=               0.00
partial covalent interactions = 0.00
Energy_Ionisation =             1.29
Entropy Complex =               0.00
-----------------------------------------------------------
Total          = 				  157.80

Now optimizing Residue SERA40
Optimize Residue ID= SERA40

BackHbond       =               -225.10
SideHbond       =               -68.43
Energy_VdW      =               -354.44
Electro         =               -11.01
Energy_SolvP    =               490.88
Energy_SolvH    =               -456.25
Energy_vdwclash =               26.47
energy_torsion  =               12.79
backbone_vdwclash=              153.77
Entropy_sidec   =               182.82
Entropy_mainc   =               560.20
water bonds     =               0.00
helix dipole    =               -1.53
loop_entropy    =               0.00
cis_bond        =               0.10
disulfide       =               0.00
kn electrostatic=               0.00
partial covalent interactions = 0.00
Energy_Ionisation =             1.29
Entropy Complex =               0.00
-----------------------------------------------------------
Total          = 				  157.80

Now optimizing Residue PROA41
Optimize Residue ID= PROA41

BackHbond       =               -225.10
SideHbond       =               -68.43
Energy_VdW      =               -354.43
Electro         =               -11.01
Energy_SolvP    =               490.85
Energy_SolvH    =               -456.25
Energy_vdwclash =               26.47
energy_torsion  =               12.79
backbone_vdwclash=              153.77
Entropy_sidec   =               182.82
Entropy_mainc   =               560.20
water bonds     =               0.00
helix dipole    =               -1.53
loop_entropy    =               0.00
cis_bond        =               0.10
disulfide       =               0.00
kn electrostatic=               0.00
partial covalent interactions = 0.00
Energy_Ionisation =             1.29
Entropy Complex =               0.00
-----------------------------------------------------------
Total          = 				  157.78

Now optimizing Residue ARGA42
Optimize Residue ID= ARGA42

BackHbond       =               -225.10
SideHbond       =               -68.43
Energy_VdW      =               -354.43
Electro         =               -11.01
Energy_SolvP    =               490.85
Energy_SolvH    =               -456.25
Energy_vdwclash =               26.47
energy_torsion  =               12.79
backbone_vdwclash=              153.77
Entropy_sidec   =               182.82
Entropy_mainc   =               560.20
water bonds     =               0.00
helix dipole    =               -1.53
loop_entropy    =               0.00
cis_bond        =               0.10
disulfide       =               0.00
kn electrostatic=               0.00
partial covalent interactions = 0.00
Energy_Ionisation =             1.29
Entropy Complex =               0.00
-----------------------------------------------------------
Total          = 				  157.78

Now optimizing Residue ARGA43
Optimize Residue ID= ARGA43

BackHbond       =               -225.10
SideHbond       =               -68.43
Energy_VdW      =               -354.43
Electro         =               -11.01
Energy_SolvP    =               490.85
Energy_SolvH    =               -456.25
Energy_vdwclash =               26.47
energy_torsion  =               12.79
backbone_vdwclash=              153.77
Entropy_sidec   =               182.82
Entropy_mainc   =               560.20
water bonds     =               0.00
helix dipole    =               -1.53
loop_entropy    =               0.00
cis_bond        =               0.10
disulfide       =               0.00
kn electrostatic=               0.00
partial covalent interactions = 0.00
Energy_Ionisation =             1.29
Entropy Complex =               0.00
-----------------------------------------------------------
Total          = 				  157.78

Now optimizing Residue SERA44
Optimize Residue ID= SERA44

BackHbond       =               -225.10
SideHbond       =               -68.43
Energy_VdW      =               -354.43
Electro         =               -11.01
Energy_SolvP    =               490.85
Energy_SolvH    =               -456.25
Energy_vdwclash =               26.47
energy_torsion  =               12.77
backbone_vdwclash=              153.77
Entropy_sidec   =               182.82
Entropy_mainc   =               560.20
water bonds     =               0.00
helix dipole    =               -1.53
loop_entropy    =               0.00
cis_bond        =               0.10
disulfide       =               0.00
kn electrostatic=               0.00
partial covalent interactions = 0.00
Energy_Ionisation =             1.29
Entropy Complex =               0.00
-----------------------------------------------------------
Total          = 				  157.76

Now optimizing Residue LEUA45
Optimize Residue ID= LEUA45

BackHbond       =               -225.10
SideHbond       =               -68.43
Energy_VdW      =               -354.43
Electro         =               -11.01
Energy_SolvP    =               490.86
Energy_SolvH    =               -456.26
Energy_vdwclash =               26.47
energy_torsion  =               12.77
backbone_vdwclash=              153.77
Entropy_sidec   =               182.82
Entropy_mainc   =               560.20
water bonds     =               0.00
helix dipole    =               -1.53
loop_entropy    =               0.00
cis_bond        =               0.10
disulfide       =               0.00
kn electrostatic=               0.00
partial covalent interactions = 0.00
Energy_Ionisation =             1.29
Entropy Complex =               0.00
-----------------------------------------------------------
Total          = 				  157.76

Now optimizing Residue SERA46
Optimize Residue ID= SERA46

BackHbond       =               -225.10
SideHbond       =               -68.43
Energy_VdW      =               -354.43
Electro         =               -11.01
Energy_SolvP    =               490.86
Energy_SolvH    =               -456.26
Energy_vdwclash =               26.47
energy_torsion  =               12.77
backbone_vdwclash=              153.77
Entropy_sidec   =               182.82
Entropy_mainc   =               560.20
water bonds     =               0.00
helix dipole    =               -1.53
loop_entropy    =               0.00
cis_bond        =               0.10
disulfide       =               0.00
kn electrostatic=               0.00
partial covalent interactions = 0.00
Energy_Ionisation =             1.29
Entropy Complex =               0.00
-----------------------------------------------------------
Total          = 				  157.75

Now optimizing Residue GLNA47
Optimize Residue ID= GLNA47

BackHbond       =               -225.10
SideHbond       =               -68.43
Energy_VdW      =               -354.43
Electro         =               -11.01
Energy_SolvP    =               490.84
Energy_SolvH    =               -456.26
Energy_vdwclash =               26.47
energy_torsion  =               12.77
backbone_vdwclash=              153.77
Entropy_sidec   =               182.82
Entropy_mainc   =               560.19
water bonds     =               0.00
helix dipole    =               -1.53
loop_entropy    =               0.00
cis_bond        =               0.10
disulfide       =               0.00
kn electrostatic=               0.00
partial covalent interactions = 0.00
Energy_Ionisation =             1.29
Entropy Complex =               0.00
-----------------------------------------------------------
Total          = 				  157.73

Now optimizing Residue PROA48
Optimize Residue ID= PROA48

BackHbond       =               -225.10
SideHbond       =               -68.43
Energy_VdW      =               -354.43
Electro         =               -11.01
Energy_SolvP    =               490.84
Energy_SolvH    =               -456.26
Energy_vdwclash =               26.47
energy_torsion  =               12.77
backbone_vdwclash=              153.77
Entropy_sidec   =               182.82
Entropy_mainc   =               560.19
water bonds     =               0.00
helix dipole    =               -1.53
loop_entropy    =               0.00
cis_bond        =               0.10
disulfide       =               0.00
kn electrostatic=               0.00
partial covalent interactions = 0.00
Energy_Ionisation =             1.29
Entropy Complex =               0.00
-----------------------------------------------------------
Total          = 				  157.73

Now optimizing Residue LEUA49
Optimize Residue ID= LEUA49

BackHbond       =               -225.10
SideHbond       =               -68.43
Energy_VdW      =               -354.43
Electro         =               -11.01
Energy_SolvP    =               490.83
Energy_SolvH    =               -456.26
Energy_vdwclash =               26.47
energy_torsion  =               12.77
backbone_vdwclash=              153.77
Entropy_sidec   =               182.82
Entropy_mainc   =               560.19
water bonds     =               0.00
helix dipole    =               -1.53
loop_entropy    =               0.00
cis_bond        =               0.10
disulfide       =               0.00
kn electrostatic=               0.00
partial covalent interactions = 0.00
Energy_Ionisation =             1.29
Entropy Complex =               0.00
-----------------------------------------------------------
Total          = 				  157.73

Now optimizing Residue PROA50
Optimize Residue ID= PROA50

BackHbond       =               -225.10
SideHbond       =               -68.43
Energy_VdW      =               -354.43
Electro         =               -11.01
Energy_SolvP    =               490.83
Energy_SolvH    =               -456.26
Energy_vdwclash =               26.47
energy_torsion  =               12.77
backbone_vdwclash=              153.77
Entropy_sidec   =               182.82
Entropy_mainc   =               560.19
water bonds     =               0.00
helix dipole    =               -1.53
loop_entropy    =               0.00
cis_bond        =               0.10
disulfide       =               0.00
kn electrostatic=               0.00
partial covalent interactions = 0.00
Energy_Ionisation =             1.29
Entropy Complex =               0.00
-----------------------------------------------------------
Total          = 				  157.72

Now optimizing Residue PROA51
Optimize Residue ID= PROA51

BackHbond       =               -225.10
SideHbond       =               -68.43
Energy_VdW      =               -354.43
Electro         =               -11.01
Energy_SolvP    =               490.83
Energy_SolvH    =               -456.27
Energy_vdwclash =               26.47
energy_torsion  =               12.77
backbone_vdwclash=              153.77
Entropy_sidec   =               182.82
Entropy_mainc   =               560.19
water bonds     =               0.00
helix dipole    =               -1.53
loop_entropy    =               0.00
cis_bond        =               0.10
disulfide       =               0.00
kn electrostatic=               0.00
partial covalent interactions = 0.00
Energy_Ionisation =             1.29
Entropy Complex =               0.00
-----------------------------------------------------------
Total          = 				  157.72

Now optimizing Residue ARGA52
Optimize Residue ID= ARGA52

BackHbond       =               -225.10
SideHbond       =               -68.43
Energy_VdW      =               -354.43
Electro         =               -11.01
Energy_SolvP    =               490.83
Energy_SolvH    =               -456.27
Energy_vdwclash =               26.47
energy_torsion  =               12.77
backbone_vdwclash=              153.77
Entropy_sidec   =               182.83
Entropy_mainc   =               560.19
water bonds     =               0.00
helix dipole    =               -1.53
loop_entropy    =               0.00
cis_bond        =               0.10
disulfide       =               0.00
kn electrostatic=               0.00
partial covalent interactions = 0.00
Energy_Ionisation =             1.29
Entropy Complex =               0.00
-----------------------------------------------------------
Total          = 				  157.72

Now optimizing Residue PROA53
Optimize Residue ID= PROA53

BackHbond       =               -225.10
SideHbond       =               -68.43
Energy_VdW      =               -354.43
Electro         =               -11.01
Energy_SolvP    =               490.83
Energy_SolvH    =               -456.27
Energy_vdwclash =               26.47
energy_torsion  =               12.77
backbone_vdwclash=              153.77
Entropy_sidec   =               182.83
Entropy_mainc   =               560.19
water bonds     =               0.00
helix dipole    =               -1.53
loop_entropy    =               0.00
cis_bond        =               0.10
disulfide       =               0.00
kn electrostatic=               0.00
partial covalent interactions = 0.00
Energy_Ionisation =             1.29
Entropy Complex =               0.00
-----------------------------------------------------------
Total          = 				  157.72

Now optimizing Residue SERA54
Optimize Residue ID= SERA54

BackHbond       =               -225.10
SideHbond       =               -68.43
Energy_VdW      =               -354.43
Electro         =               -11.01
Energy_SolvP    =               490.83
Energy_SolvH    =               -456.27
Energy_vdwclash =               26.47
energy_torsion  =               12.75
backbone_vdwclash=              153.77
Entropy_sidec   =               182.83
Entropy_mainc   =               560.19
water bonds     =               0.00
helix dipole    =               -1.53
loop_entropy    =               0.00
cis_bond        =               0.10
disulfide       =               0.00
kn electrostatic=               0.00
partial covalent interactions = 0.00
Energy_Ionisation =             1.29
Entropy Complex =               0.00
-----------------------------------------------------------
Total          = 				  157.70

Now optimizing Residue PROA55
Optimize Residue ID= PROA55

BackHbond       =               -225.10
SideHbond       =               -68.43
Energy_VdW      =               -354.43
Electro         =               -11.01
Energy_SolvP    =               490.83
Energy_SolvH    =               -456.27
Energy_vdwclash =               26.47
energy_torsion  =               12.75
backbone_vdwclash=              153.77
Entropy_sidec   =               182.83
Entropy_mainc   =               560.19
water bonds     =               0.00
helix dipole    =               -1.53
loop_entropy    =               0.00
cis_bond        =               0.10
disulfide       =               0.00
kn electrostatic=               0.00
partial covalent interactions = 0.00
Energy_Ionisation =             1.29
Entropy Complex =               0.00
-----------------------------------------------------------
Total          = 				  157.70

Now optimizing Residue LEUA58
Optimize Residue ID= LEUA58

BackHbond       =               -225.10
SideHbond       =               -68.43
Energy_VdW      =               -354.44
Electro         =               -11.01
Energy_SolvP    =               490.83
Energy_SolvH    =               -456.28
Energy_vdwclash =               26.47
energy_torsion  =               12.64
backbone_vdwclash=              153.77
Entropy_sidec   =               182.83
Entropy_mainc   =               560.19
water bonds     =               0.00
helix dipole    =               -1.53
loop_entropy    =               0.00
cis_bond        =               0.10
disulfide       =               0.00
kn electrostatic=               0.00
partial covalent interactions = 0.00
Energy_Ionisation =             1.29
Entropy Complex =               0.00
-----------------------------------------------------------
Total          = 				  157.58

Now optimizing Residue PROA59
Optimize Residue ID= PROA59

BackHbond       =               -225.10
SideHbond       =               -68.43
Energy_VdW      =               -354.44
Electro         =               -11.01
Energy_SolvP    =               490.83
Energy_SolvH    =               -456.29
Energy_vdwclash =               26.47
energy_torsion  =               12.60
backbone_vdwclash=              153.77
Entropy_sidec   =               182.84
Entropy_mainc   =               560.19
water bonds     =               0.00
helix dipole    =               -1.53
loop_entropy    =               0.00
cis_bond        =               0.10
disulfide       =               0.00
kn electrostatic=               0.00
partial covalent interactions = 0.00
Energy_Ionisation =             1.29
Entropy Complex =               0.00
-----------------------------------------------------------
Total          = 				  157.53

Now optimizing Residue GLUA62
Optimize Residue ID= GLUA62

BackHbond       =               -225.10
SideHbond       =               -68.43
Energy_VdW      =               -354.44
Electro         =               -11.01
Energy_SolvP    =               490.83
Energy_SolvH    =               -456.29
Energy_vdwclash =               26.47
energy_torsion  =               12.60
backbone_vdwclash=              153.77
Entropy_sidec   =               182.84
Entropy_mainc   =               560.19
water bonds     =               0.00
helix dipole    =               -1.53
loop_entropy    =               0.00
cis_bond        =               0.10
disulfide       =               0.00
kn electrostatic=               0.00
partial covalent interactions = 0.00
Energy_Ionisation =             1.29
Entropy Complex =               0.00
-----------------------------------------------------------
Total          = 				  157.53

Now optimizing Residue VALA63
Optimize Residue ID= VALA63

BackHbond       =               -225.10
SideHbond       =               -68.43
Energy_VdW      =               -354.44
Electro         =               -11.01
Energy_SolvP    =               490.83
Energy_SolvH    =               -456.29
Energy_vdwclash =               26.48
energy_torsion  =               12.59
backbone_vdwclash=              153.77
Entropy_sidec   =               182.84
Entropy_mainc   =               560.19
water bonds     =               0.00
helix dipole    =               -1.53
loop_entropy    =               0.00
cis_bond        =               0.10
disulfide       =               0.00
kn electrostatic=               0.00
partial covalent interactions = 0.00
Energy_Ionisation =             1.29
Entropy Complex =               0.00
-----------------------------------------------------------
Total          = 				  157.52

Now optimizing Residue SERA64
Optimize Residue ID= SERA64

BackHbond       =               -225.10
SideHbond       =               -68.43
Energy_VdW      =               -354.44
Electro         =               -11.01
Energy_SolvP    =               490.83
Energy_SolvH    =               -456.29
Energy_vdwclash =               26.48
energy_torsion  =               12.59
backbone_vdwclash=              153.77
Entropy_sidec   =               182.84
Entropy_mainc   =               560.19
water bonds     =               0.00
helix dipole    =               -1.53
loop_entropy    =               0.00
cis_bond        =               0.10
disulfide       =               0.00
kn electrostatic=               0.00
partial covalent interactions = 0.00
Energy_Ionisation =             1.29
Entropy Complex =               0.00
-----------------------------------------------------------
Total          = 				  157.52

Now optimizing Residue LYSA66
Optimize Residue ID= LYSA66

BackHbond       =               -225.10
SideHbond       =               -68.43
Energy_VdW      =               -354.44
Electro         =               -11.01
Energy_SolvP    =               490.83
Energy_SolvH    =               -456.29
Energy_vdwclash =               26.48
energy_torsion  =               12.55
backbone_vdwclash=              153.77
Entropy_sidec   =               182.84
Entropy_mainc   =               560.18
water bonds     =               0.00
helix dipole    =               -1.53
loop_entropy    =               0.00
cis_bond        =               0.10
disulfide       =               0.00
kn electrostatic=               0.00
partial covalent interactions = 0.00
Energy_Ionisation =             1.29
Entropy Complex =               0.00
-----------------------------------------------------------
Total          = 				  157.46

Now optimizing Residue PROA68
Optimize Residue ID= PROA68

BackHbond       =               -225.10
SideHbond       =               -68.43
Energy_VdW      =               -354.44
Electro         =               -11.01
Energy_SolvP    =               490.82
Energy_SolvH    =               -456.29
Energy_vdwclash =               26.48
energy_torsion  =               12.55
backbone_vdwclash=              153.77
Entropy_sidec   =               182.84
Entropy_mainc   =               560.18
water bonds     =               0.00
helix dipole    =               -1.53
loop_entropy    =               0.00
cis_bond        =               0.10
disulfide       =               0.00
kn electrostatic=               0.00
partial covalent interactions = 0.00
Energy_Ionisation =             1.29
Entropy Complex =               0.00
-----------------------------------------------------------
Total          = 				  157.46

Now optimizing Residue VALA70
Optimize Residue ID= VALA70

BackHbond       =               -225.10
SideHbond       =               -68.43
Energy_VdW      =               -354.44
Electro         =               -11.01
Energy_SolvP    =               490.82
Energy_SolvH    =               -456.29
Energy_vdwclash =               26.48
energy_torsion  =               12.55
backbone_vdwclash=              153.77
Entropy_sidec   =               182.84
Entropy_mainc   =               560.18
water bonds     =               0.00
helix dipole    =               -1.53
loop_entropy    =               0.00
cis_bond        =               0.10
disulfide       =               0.00
kn electrostatic=               0.00
partial covalent interactions = 0.00
Energy_Ionisation =             1.29
Entropy Complex =               0.00
-----------------------------------------------------------
Total          = 				  157.46

Now optimizing Residue ARGA73
Optimize Residue ID= ARGA73

BackHbond       =               -225.10
SideHbond       =               -68.43
Energy_VdW      =               -354.44
Electro         =               -11.01
Energy_SolvP    =               490.82
Energy_SolvH    =               -456.29
Energy_vdwclash =               26.48
energy_torsion  =               12.55
backbone_vdwclash=              153.77
Entropy_sidec   =               182.84
Entropy_mainc   =               560.18
water bonds     =               0.00
helix dipole    =               -1.53
loop_entropy    =               0.00
cis_bond        =               0.10
disulfide       =               0.00
kn electrostatic=               0.00
partial covalent interactions = 0.00
Energy_Ionisation =             1.29
Entropy Complex =               0.00
-----------------------------------------------------------
Total          = 				  157.46

Now optimizing Residue GLUA74
Optimize Residue ID= GLUA74

BackHbond       =               -225.10
SideHbond       =               -68.43
Energy_VdW      =               -354.43
Electro         =               -11.01
Energy_SolvP    =               490.79
Energy_SolvH    =               -456.29
Energy_vdwclash =               26.37
energy_torsion  =               12.55
backbone_vdwclash=              153.77
Entropy_sidec   =               182.83
Entropy_mainc   =               560.18
water bonds     =               0.00
helix dipole    =               -1.53
loop_entropy    =               0.00
cis_bond        =               0.10
disulfide       =               0.00
kn electrostatic=               0.00
partial covalent interactions = 0.00
Energy_Ionisation =             1.29
Entropy Complex =               0.00
-----------------------------------------------------------
Total          = 				  157.33

Now optimizing Residue ARGA76
Optimize Residue ID= ARGA76

BackHbond       =               -225.10
SideHbond       =               -68.43
Energy_VdW      =               -354.44
Electro         =               -11.01
Energy_SolvP    =               490.79
Energy_SolvH    =               -456.29
Energy_vdwclash =               26.37
energy_torsion  =               12.55
backbone_vdwclash=              153.77
Entropy_sidec   =               182.83
Entropy_mainc   =               560.18
water bonds     =               0.00
helix dipole    =               -1.53
loop_entropy    =               0.00
cis_bond        =               0.10
disulfide       =               0.00
kn electrostatic=               0.00
partial covalent interactions = 0.00
Energy_Ionisation =             1.29
Entropy Complex =               0.00
-----------------------------------------------------------
Total          = 				  157.33

Now optimizing Residue ASPA77
Optimize Residue ID= ASPA77

BackHbond       =               -225.10
SideHbond       =               -68.43
Energy_VdW      =               -354.43
Electro         =               -11.01
Energy_SolvP    =               490.78
Energy_SolvH    =               -456.29
Energy_vdwclash =               26.37
energy_torsion  =               12.55
backbone_vdwclash=              153.77
Entropy_sidec   =               182.83
Entropy_mainc   =               560.18
water bonds     =               0.00
helix dipole    =               -1.53
loop_entropy    =               0.00
cis_bond        =               0.10
disulfide       =               0.00
kn electrostatic=               0.00
partial covalent interactions = 0.00
Energy_Ionisation =             1.29
Entropy Complex =               0.00
-----------------------------------------------------------
Total          = 				  157.31

Now optimizing Residue PROA78
Optimize Residue ID= PROA78

BackHbond       =               -225.10
SideHbond       =               -68.43
Energy_VdW      =               -354.43
Electro         =               -11.01
Energy_SolvP    =               490.78
Energy_SolvH    =               -456.29
Energy_vdwclash =               26.37
energy_torsion  =               12.55
backbone_vdwclash=              153.77
Entropy_sidec   =               182.83
Entropy_mainc   =               560.18
water bonds     =               0.00
helix dipole    =               -1.53
loop_entropy    =               0.00
cis_bond        =               0.10
disulfide       =               0.00
kn electrostatic=               0.00
partial covalent interactions = 0.00
Energy_Ionisation =             1.29
Entropy Complex =               0.00
-----------------------------------------------------------
Total          = 				  157.31

Now optimizing Residue LEUA79
Optimize Residue ID= LEUA79

BackHbond       =               -225.10
SideHbond       =               -68.43
Energy_VdW      =               -354.44
Electro         =               -11.01
Energy_SolvP    =               490.78
Energy_SolvH    =               -456.30
Energy_vdwclash =               26.37
energy_torsion  =               12.55
backbone_vdwclash=              153.77
Entropy_sidec   =               182.83
Entropy_mainc   =               560.18
water bonds     =               0.00
helix dipole    =               -1.53
loop_entropy    =               0.00
cis_bond        =               0.10
disulfide       =               0.00
kn electrostatic=               0.00
partial covalent interactions = 0.00
Energy_Ionisation =             1.29
Entropy Complex =               0.00
-----------------------------------------------------------
Total          = 				  157.31

Now optimizing Residue PROA80
Optimize Residue ID= PROA80

BackHbond       =               -225.10
SideHbond       =               -68.43
Energy_VdW      =               -354.44
Electro         =               -11.01
Energy_SolvP    =               490.78
Energy_SolvH    =               -456.30
Energy_vdwclash =               26.37
energy_torsion  =               12.55
backbone_vdwclash=              153.77
Entropy_sidec   =               182.83
Entropy_mainc   =               560.18
water bonds     =               0.00
helix dipole    =               -1.53
loop_entropy    =               0.00
cis_bond        =               0.10
disulfide       =               0.00
kn electrostatic=               0.00
partial covalent interactions = 0.00
Energy_Ionisation =             1.29
Entropy Complex =               0.00
-----------------------------------------------------------
Total          = 				  157.30

Now optimizing Residue ASPA81
Optimize Residue ID= ASPA81

BackHbond       =               -225.10
SideHbond       =               -68.43
Energy_VdW      =               -354.44
Electro         =               -11.01
Energy_SolvP    =               490.78
Energy_SolvH    =               -456.30
Energy_vdwclash =               26.37
energy_torsion  =               12.55
backbone_vdwclash=              153.77
Entropy_sidec   =               182.83
Entropy_mainc   =               560.18
water bonds     =               0.00
helix dipole    =               -1.53
loop_entropy    =               0.00
cis_bond        =               0.10
disulfide       =               0.00
kn electrostatic=               0.00
partial covalent interactions = 0.00
Energy_Ionisation =             1.29
Entropy Complex =               0.00
-----------------------------------------------------------
Total          = 				  157.29

Now optimizing Residue SERA85
Optimize Residue ID= SERA85

BackHbond       =               -225.10
SideHbond       =               -68.43
Energy_VdW      =               -354.43
Electro         =               -11.01
Energy_SolvP    =               490.76
Energy_SolvH    =               -456.30
Energy_vdwclash =               26.37
energy_torsion  =               12.55
backbone_vdwclash=              153.77
Entropy_sidec   =               182.83
Entropy_mainc   =               560.18
water bonds     =               0.00
helix dipole    =               -1.53
loop_entropy    =               0.00
cis_bond        =               0.10
disulfide       =               0.00
kn electrostatic=               0.00
partial covalent interactions = 0.00
Energy_Ionisation =             1.29
Entropy Complex =               0.00
-----------------------------------------------------------
Total          = 				  157.28

Now optimizing Residue PROA86
Optimize Residue ID= PROA86

BackHbond       =               -225.10
SideHbond       =               -68.43
Energy_VdW      =               -354.43
Electro         =               -11.01
Energy_SolvP    =               490.76
Energy_SolvH    =               -456.30
Energy_vdwclash =               26.37
energy_torsion  =               12.55
backbone_vdwclash=              153.77
Entropy_sidec   =               182.83
Entropy_mainc   =               560.18
water bonds     =               0.00
helix dipole    =               -1.53
loop_entropy    =               0.00
cis_bond        =               0.10
disulfide       =               0.00
kn electrostatic=               0.00
partial covalent interactions = 0.00
Energy_Ionisation =             1.29
Entropy Complex =               0.00
-----------------------------------------------------------
Total          = 				  157.28

Now optimizing Residue PROA88
Optimize Residue ID= PROA88

BackHbond       =               -225.10
SideHbond       =               -68.43
Energy_VdW      =               -354.43
Electro         =               -11.01
Energy_SolvP    =               490.76
Energy_SolvH    =               -456.30
Energy_vdwclash =               26.37
energy_torsion  =               12.55
backbone_vdwclash=              153.77
Entropy_sidec   =               182.83
Entropy_mainc   =               560.18
water bonds     =               0.00
helix dipole    =               -1.53
loop_entropy    =               0.00
cis_bond        =               0.10
disulfide       =               0.00
kn electrostatic=               0.00
partial covalent interactions = 0.00
Energy_Ionisation =             1.29
Entropy Complex =               0.00
-----------------------------------------------------------
Total          = 				  157.28

Now optimizing Residue SERA89
Optimize Residue ID= SERA89

BackHbond       =               -225.10
SideHbond       =               -68.43
Energy_VdW      =               -354.43
Electro         =               -11.01
Energy_SolvP    =               490.76
Energy_SolvH    =               -456.30
Energy_vdwclash =               26.37
energy_torsion  =               12.53
backbone_vdwclash=              153.77
Entropy_sidec   =               182.83
Entropy_mainc   =               560.18
water bonds     =               0.00
helix dipole    =               -1.53
loop_entropy    =               0.00
cis_bond        =               0.10
disulfide       =               0.00
kn electrostatic=               0.00
partial covalent interactions = 0.00
Energy_Ionisation =             1.29
Entropy Complex =               0.00
-----------------------------------------------------------
Total          = 				  157.26

Now optimizing Residue ARGA90
Optimize Residue ID= ARGA90

BackHbond       =               -225.10
SideHbond       =               -68.43
Energy_VdW      =               -354.43
Electro         =               -11.01
Energy_SolvP    =               490.76
Energy_SolvH    =               -456.30
Energy_vdwclash =               26.37
energy_torsion  =               12.53
backbone_vdwclash=              153.77
Entropy_sidec   =               182.83
Entropy_mainc   =               560.18
water bonds     =               0.00
helix dipole    =               -1.53
loop_entropy    =               0.00
cis_bond        =               0.10
disulfide       =               0.00
kn electrostatic=               0.00
partial covalent interactions = 0.00
Energy_Ionisation =             1.29
Entropy Complex =               0.00
-----------------------------------------------------------
Total          = 				  157.26

Now optimizing Residue CYSA91
Optimize Residue ID= CYSA91

BackHbond       =               -225.10
SideHbond       =               -68.43
Energy_VdW      =               -354.43
Electro         =               -11.01
Energy_SolvP    =               490.76
Energy_SolvH    =               -456.31
Energy_vdwclash =               26.37
energy_torsion  =               12.53
backbone_vdwclash=              153.77
Entropy_sidec   =               182.84
Entropy_mainc   =               560.18
water bonds     =               0.00
helix dipole    =               -1.53
loop_entropy    =               0.00
cis_bond        =               0.10
disulfide       =               0.00
kn electrostatic=               0.00
partial covalent interactions = 0.00
Energy_Ionisation =             1.29
Entropy Complex =               0.00
-----------------------------------------------------------
Total          = 				  157.26

Now optimizing Residue CYSA92
Optimize Residue ID= CYSA92

BackHbond       =               -225.11
SideHbond       =               -68.44
Energy_VdW      =               -354.44
Electro         =               -11.01
Energy_SolvP    =               490.76
Energy_SolvH    =               -456.31
Energy_vdwclash =               26.37
energy_torsion  =               12.53
backbone_vdwclash=              153.77
Entropy_sidec   =               182.84
Entropy_mainc   =               560.18
water bonds     =               0.00
helix dipole    =               -1.53
loop_entropy    =               0.00
cis_bond        =               0.10
disulfide       =               0.00
kn electrostatic=               0.00
partial covalent interactions = 0.00
Energy_Ionisation =             1.29
Entropy Complex =               0.00
-----------------------------------------------------------
Total          = 				  157.25

Now optimizing Residue ARGA93
Optimize Residue ID= ARGA93

BackHbond       =               -225.11
SideHbond       =               -68.44
Energy_VdW      =               -354.43
Electro         =               -11.01
Energy_SolvP    =               490.76
Energy_SolvH    =               -456.31
Energy_vdwclash =               26.37
energy_torsion  =               12.53
backbone_vdwclash=              153.77
Entropy_sidec   =               182.84
Entropy_mainc   =               560.18
water bonds     =               0.00
helix dipole    =               -1.53
loop_entropy    =               0.00
cis_bond        =               0.10
disulfide       =               0.00
kn electrostatic=               0.00
partial covalent interactions = 0.00
Energy_Ionisation =             1.29
Entropy Complex =               0.00
-----------------------------------------------------------
Total          = 				  157.25

Now optimizing Residue ARGA94
Optimize Residue ID= ARGA94

BackHbond       =               -225.11
SideHbond       =               -68.44
Energy_VdW      =               -354.43
Electro         =               -11.01
Energy_SolvP    =               490.76
Energy_SolvH    =               -456.31
Energy_vdwclash =               26.37
energy_torsion  =               12.53
backbone_vdwclash=              153.77
Entropy_sidec   =               182.84
Entropy_mainc   =               560.18
water bonds     =               0.00
helix dipole    =               -1.53
loop_entropy    =               0.00
cis_bond        =               0.10
disulfide       =               0.00
kn electrostatic=               0.00
partial covalent interactions = 0.00
Energy_Ionisation =             1.29
Entropy Complex =               0.00
-----------------------------------------------------------
Total          = 				  157.24

Now optimizing Residue ARGA95
Optimize Residue ID= ARGA95

BackHbond       =               -225.11
SideHbond       =               -69.11
Energy_VdW      =               -354.47
Electro         =               -11.05
Energy_SolvP    =               490.86
Energy_SolvH    =               -456.32
Energy_vdwclash =               26.37
energy_torsion  =               12.53
backbone_vdwclash=              153.77
Entropy_sidec   =               183.28
Entropy_mainc   =               560.18
water bonds     =               0.00
helix dipole    =               -1.53
loop_entropy    =               0.00
cis_bond        =               0.10
disulfide       =               0.00
kn electrostatic=               0.00
partial covalent interactions = 0.00
Energy_Ionisation =             1.29
Entropy Complex =               0.00
-----------------------------------------------------------
Total          = 				  157.02

Now optimizing Residue SERA96
Optimize Residue ID= SERA96

BackHbond       =               -225.11
SideHbond       =               -69.11
Energy_VdW      =               -354.47
Electro         =               -11.05
Energy_SolvP    =               490.86
Energy_SolvH    =               -456.32
Energy_vdwclash =               26.37
energy_torsion  =               12.53
backbone_vdwclash=              153.77
Entropy_sidec   =               183.28
Entropy_mainc   =               560.18
water bonds     =               0.00
helix dipole    =               -1.53
loop_entropy    =               0.00
cis_bond        =               0.10
disulfide       =               0.00
kn electrostatic=               0.00
partial covalent interactions = 0.00
Energy_Ionisation =             1.29
Entropy Complex =               0.00
-----------------------------------------------------------
Total          = 				  157.02

Now optimizing Residue SERA97
Optimize Residue ID= SERA97

BackHbond       =               -225.11
SideHbond       =               -69.11
Energy_VdW      =               -354.46
Electro         =               -11.05
Energy_SolvP    =               490.86
Energy_SolvH    =               -456.32
Energy_vdwclash =               26.37
energy_torsion  =               12.53
backbone_vdwclash=              153.77
Entropy_sidec   =               183.28
Entropy_mainc   =               560.18
water bonds     =               0.00
helix dipole    =               -1.53
loop_entropy    =               0.00
cis_bond        =               0.10
disulfide       =               0.00
kn electrostatic=               0.00
partial covalent interactions = 0.00
Energy_Ionisation =             1.29
Entropy Complex =               0.00
-----------------------------------------------------------
Total          = 				  157.02

Now optimizing Residue PHEA100
Optimize Residue ID= PHEA100

BackHbond       =               -225.11
SideHbond       =               -69.11
Energy_VdW      =               -354.47
Electro         =               -11.05
Energy_SolvP    =               490.88
Energy_SolvH    =               -456.33
Energy_vdwclash =               26.36
energy_torsion  =               12.42
backbone_vdwclash=              153.77
Entropy_sidec   =               183.28
Entropy_mainc   =               560.18
water bonds     =               0.00
helix dipole    =               -1.53
loop_entropy    =               0.00
cis_bond        =               0.10
disulfide       =               0.00
kn electrostatic=               0.00
partial covalent interactions = 0.00
Energy_Ionisation =             1.29
Entropy Complex =               0.00
-----------------------------------------------------------
Total          = 				  156.90

Now optimizing Residue CYSA104
Optimize Residue ID= CYSA104

BackHbond       =               -225.11
SideHbond       =               -69.11
Energy_VdW      =               -354.47
Electro         =               -11.05
Energy_SolvP    =               490.88
Energy_SolvH    =               -456.33
Energy_vdwclash =               26.36
energy_torsion  =               12.42
backbone_vdwclash=              153.77
Entropy_sidec   =               183.28
Entropy_mainc   =               560.18
water bonds     =               0.00
helix dipole    =               -1.53
loop_entropy    =               0.00
cis_bond        =               0.10
disulfide       =               0.00
kn electrostatic=               0.00
partial covalent interactions = 0.00
Energy_Ionisation =             1.29
Entropy Complex =               0.00
-----------------------------------------------------------
Total          = 				  156.90

Now optimizing Residue ASPA105
Optimize Residue ID= ASPA105

BackHbond       =               -225.11
SideHbond       =               -69.11
Energy_VdW      =               -354.46
Electro         =               -11.13
Energy_SolvP    =               490.82
Energy_SolvH    =               -456.31
Energy_vdwclash =               26.36
energy_torsion  =               12.45
backbone_vdwclash=              153.77
Entropy_sidec   =               183.27
Entropy_mainc   =               560.18
water bonds     =               0.00
helix dipole    =               -1.53
loop_entropy    =               0.00
cis_bond        =               0.10
disulfide       =               0.00
kn electrostatic=               0.00
partial covalent interactions = 0.00
Energy_Ionisation =             1.29
Entropy Complex =               0.00
-----------------------------------------------------------
Total          = 				  156.82

Now optimizing Residue H2SA107
Optimize Residue ID= H2SA107

BackHbond       =               -225.11
SideHbond       =               -69.10
Energy_VdW      =               -354.47
Electro         =               -11.13
Energy_SolvP    =               490.80
Energy_SolvH    =               -456.34
Energy_vdwclash =               26.36
energy_torsion  =               12.46
backbone_vdwclash=              153.77
Entropy_sidec   =               183.27
Entropy_mainc   =               560.18
water bonds     =               0.00
helix dipole    =               -1.53
loop_entropy    =               0.00
cis_bond        =               0.10
disulfide       =               0.00
kn electrostatic=               0.00
partial covalent interactions = 0.00
Energy_Ionisation =             1.29
Entropy Complex =               0.00
-----------------------------------------------------------
Total          = 				  156.79

Now optimizing Residue ARGA110
Optimize Residue ID= ARGA110

BackHbond       =               -225.11
SideHbond       =               -69.10
Energy_VdW      =               -354.49
Electro         =               -11.12
Energy_SolvP    =               490.81
Energy_SolvH    =               -456.36
Energy_vdwclash =               26.37
energy_torsion  =               12.46
backbone_vdwclash=              153.77
Entropy_sidec   =               183.27
Entropy_mainc   =               560.18
water bonds     =               0.00
helix dipole    =               -1.53
loop_entropy    =               0.00
cis_bond        =               0.10
disulfide       =               0.00
kn electrostatic=               0.00
partial covalent interactions = 0.00
Energy_Ionisation =             1.29
Entropy Complex =               0.00
-----------------------------------------------------------
Total          = 				  156.77

Now optimizing Residue GLUA111
Optimize Residue ID= GLUA111

BackHbond       =               -225.89
SideHbond       =               -69.85
Energy_VdW      =               -354.48
Electro         =               -11.14
Energy_SolvP    =               490.66
Energy_SolvH    =               -456.34
Energy_vdwclash =               26.37
energy_torsion  =               12.34
backbone_vdwclash=              153.76
Entropy_sidec   =               183.72
Entropy_mainc   =               560.17
water bonds     =               0.00
helix dipole    =               -1.53
loop_entropy    =               0.00
cis_bond        =               0.10
disulfide       =               0.00
kn electrostatic=               0.00
partial covalent interactions = 0.00
Energy_Ionisation =             1.29
Entropy Complex =               0.00
-----------------------------------------------------------
Total          = 				  155.43

Now optimizing Residue ARGA117
Optimize Residue ID= ARGA117

BackHbond       =               -225.89
SideHbond       =               -69.79
Energy_VdW      =               -354.53
Electro         =               -11.21
Energy_SolvP    =               490.72
Energy_SolvH    =               -456.39
Energy_vdwclash =               26.37
energy_torsion  =               12.34
backbone_vdwclash=              153.72
Entropy_sidec   =               183.68
Entropy_mainc   =               560.16
water bonds     =               0.00
helix dipole    =               -1.52
loop_entropy    =               0.00
cis_bond        =               0.10
disulfide       =               0.00
kn electrostatic=               0.00
partial covalent interactions = 0.00
Energy_Ionisation =             1.29
Entropy Complex =               0.00
-----------------------------------------------------------
Total          = 				  155.33

Now optimizing Residue GLUA118
Optimize Residue ID= GLUA118

BackHbond       =               -225.89
SideHbond       =               -69.77
Energy_VdW      =               -354.50
Electro         =               -11.19
Energy_SolvP    =               490.61
Energy_SolvH    =               -456.37
Energy_vdwclash =               26.37
energy_torsion  =               12.34
backbone_vdwclash=              153.69
Entropy_sidec   =               183.64
Entropy_mainc   =               560.16
water bonds     =               0.00
helix dipole    =               -1.52
loop_entropy    =               0.00
cis_bond        =               0.10
disulfide       =               0.00
kn electrostatic=               0.00
partial covalent interactions = 0.00
Energy_Ionisation =             1.29
Entropy Complex =               0.00
-----------------------------------------------------------
Total          = 				  155.26

Now optimizing Residue H1SA119
Optimize Residue ID= H1SA119

BackHbond       =               -225.91
SideHbond       =               -69.79
Energy_VdW      =               -354.53
Electro         =               -11.19
Energy_SolvP    =               490.65
Energy_SolvH    =               -456.39
Energy_vdwclash =               26.37
energy_torsion  =               12.29
backbone_vdwclash=              153.73
Entropy_sidec   =               183.64
Entropy_mainc   =               560.16
water bonds     =               0.00
helix dipole    =               -1.52
loop_entropy    =               0.00
cis_bond        =               0.10
disulfide       =               0.00
kn electrostatic=               0.00
partial covalent interactions = 0.00
Energy_Ionisation =             1.30
Entropy Complex =               0.00
-----------------------------------------------------------
Total          = 				  155.17

Now optimizing Residue TRPA121
Optimize Residue ID= TRPA121

BackHbond       =               -225.93
SideHbond       =               -69.79
Energy_VdW      =               -354.56
Electro         =               -11.19
Energy_SolvP    =               490.65
Energy_SolvH    =               -456.45
Energy_vdwclash =               26.35
energy_torsion  =               12.29
backbone_vdwclash=              153.73
Entropy_sidec   =               183.64
Entropy_mainc   =               560.19
water bonds     =               0.00
helix dipole    =               -1.52
loop_entropy    =               0.00
cis_bond        =               0.10
disulfide       =               0.00
kn electrostatic=               0.00
partial covalent interactions = 0.00
Energy_Ionisation =             1.30
Entropy Complex =               0.00
-----------------------------------------------------------
Total          = 				  155.07

Now optimizing Residue PHEA123
Optimize Residue ID= PHEA123

BackHbond       =               -225.93
SideHbond       =               -69.79
Energy_VdW      =               -354.59
Electro         =               -11.17
Energy_SolvP    =               490.66
Energy_SolvH    =               -456.49
Energy_vdwclash =               26.33
energy_torsion  =               12.29
backbone_vdwclash=              153.74
Entropy_sidec   =               183.64
Entropy_mainc   =               560.20
water bonds     =               0.00
helix dipole    =               -1.52
loop_entropy    =               0.00
cis_bond        =               0.10
disulfide       =               0.00
kn electrostatic=               0.00
partial covalent interactions = 0.00
Energy_Ionisation =             1.30
Entropy Complex =               0.00
-----------------------------------------------------------
Total          = 				  155.02

Now optimizing Residue LYSA125
Optimize Residue ID= LYSA125

BackHbond       =               -225.93
SideHbond       =               -69.79
Energy_VdW      =               -354.59
Electro         =               -11.17
Energy_SolvP    =               490.66
Energy_SolvH    =               -456.49
Energy_vdwclash =               26.32
energy_torsion  =               12.29
backbone_vdwclash=              153.74
Entropy_sidec   =               183.64
Entropy_mainc   =               560.20
water bonds     =               0.00
helix dipole    =               -1.52
loop_entropy    =               0.00
cis_bond        =               0.10
disulfide       =               0.00
kn electrostatic=               0.00
partial covalent interactions = 0.00
Energy_Ionisation =             1.30
Entropy Complex =               0.00
-----------------------------------------------------------
Total          = 				  155.01

Now optimizing Residue LYSA126
Optimize Residue ID= LYSA126

BackHbond       =               -225.93
SideHbond       =               -69.79
Energy_VdW      =               -354.59
Electro         =               -11.17
Energy_SolvP    =               490.66
Energy_SolvH    =               -456.49
Energy_vdwclash =               26.32
energy_torsion  =               12.29
backbone_vdwclash=              153.75
Entropy_sidec   =               183.64
Entropy_mainc   =               560.20
water bonds     =               0.00
helix dipole    =               -1.52
loop_entropy    =               0.00
cis_bond        =               0.10
disulfide       =               0.00
kn electrostatic=               0.00
partial covalent interactions = 0.00
Energy_Ionisation =             1.30
Entropy Complex =               0.00
-----------------------------------------------------------
Total          = 				  155.00

Now optimizing Residue GLNA127
Optimize Residue ID= GLNA127

BackHbond       =               -225.95
SideHbond       =               -69.81
Energy_VdW      =               -354.60
Electro         =               -11.17
Energy_SolvP    =               490.67
Energy_SolvH    =               -456.50
Energy_vdwclash =               26.32
energy_torsion  =               12.29
backbone_vdwclash=              153.75
Entropy_sidec   =               183.66
Entropy_mainc   =               560.20
water bonds     =               0.00
helix dipole    =               -1.52
loop_entropy    =               0.00
cis_bond        =               0.10
disulfide       =               0.00
kn electrostatic=               0.00
partial covalent interactions = 0.00
Energy_Ionisation =             1.30
Entropy Complex =               0.00
-----------------------------------------------------------
Total          = 				  154.98

Now optimizing Residue LYSA128
Optimize Residue ID= LYSA128

BackHbond       =               -225.95
SideHbond       =               -69.81
Energy_VdW      =               -354.60
Electro         =               -11.18
Energy_SolvP    =               490.66
Energy_SolvH    =               -456.50
Energy_vdwclash =               26.32
energy_torsion  =               12.29
backbone_vdwclash=              153.75
Entropy_sidec   =               183.66
Entropy_mainc   =               560.19
water bonds     =               0.00
helix dipole    =               -1.52
loop_entropy    =               0.00
cis_bond        =               0.10
disulfide       =               0.00
kn electrostatic=               0.00
partial covalent interactions = 0.00
Energy_Ionisation =             1.30
Entropy Complex =               0.00
-----------------------------------------------------------
Total          = 				  154.97

Now optimizing Residue THRA131
Optimize Residue ID= THRA131

BackHbond       =               -225.95
SideHbond       =               -69.81
Energy_VdW      =               -354.60
Electro         =               -11.18
Energy_SolvP    =               490.66
Energy_SolvH    =               -456.52
Energy_vdwclash =               26.32
energy_torsion  =               12.29
backbone_vdwclash=              153.75
Entropy_sidec   =               183.66
Entropy_mainc   =               560.20
water bonds     =               0.00
helix dipole    =               -1.52
loop_entropy    =               0.00
cis_bond        =               0.10
disulfide       =               0.00
kn electrostatic=               0.00
partial covalent interactions = 0.00
Energy_Ionisation =             1.30
Entropy Complex =               0.00
-----------------------------------------------------------
Total          = 				  154.95

Now optimizing Residue SERA132
Optimize Residue ID= SERA132

BackHbond       =               -225.95
SideHbond       =               -69.81
Energy_VdW      =               -354.60
Electro         =               -11.18
Energy_SolvP    =               490.64
Energy_SolvH    =               -456.51
Energy_vdwclash =               26.32
energy_torsion  =               12.29
backbone_vdwclash=              153.75
Entropy_sidec   =               183.66
Entropy_mainc   =               560.20
water bonds     =               0.00
helix dipole    =               -1.52
loop_entropy    =               0.00
cis_bond        =               0.10
disulfide       =               0.00
kn electrostatic=               0.00
partial covalent interactions = 0.00
Energy_Ionisation =             1.30
Entropy Complex =               0.00
-----------------------------------------------------------
Total          = 				  154.94

Now optimizing Residue SERA133
Optimize Residue ID= SERA133

BackHbond       =               -225.95
SideHbond       =               -69.81
Energy_VdW      =               -354.60
Electro         =               -11.18
Energy_SolvP    =               490.64
Energy_SolvH    =               -456.51
Energy_vdwclash =               26.32
energy_torsion  =               12.28
backbone_vdwclash=              153.75
Entropy_sidec   =               183.66
Entropy_mainc   =               560.20
water bonds     =               0.00
helix dipole    =               -1.52
loop_entropy    =               0.00
cis_bond        =               0.10
disulfide       =               0.00
kn electrostatic=               0.00
partial covalent interactions = 0.00
Energy_Ionisation =             1.30
Entropy Complex =               0.00
-----------------------------------------------------------
Total          = 				  154.93

Now optimizing Residue GLUA134
Optimize Residue ID= GLUA134

BackHbond       =               -225.95
SideHbond       =               -69.80
Energy_VdW      =               -354.59
Electro         =               -11.18
Energy_SolvP    =               490.61
Energy_SolvH    =               -456.50
Energy_vdwclash =               26.31
energy_torsion  =               12.28
backbone_vdwclash=              153.75
Entropy_sidec   =               183.64
Entropy_mainc   =               560.20
water bonds     =               0.00
helix dipole    =               -1.52
loop_entropy    =               0.00
cis_bond        =               0.10
disulfide       =               0.00
kn electrostatic=               0.00
partial covalent interactions = 0.00
Energy_Ionisation =             1.30
Entropy Complex =               0.00
-----------------------------------------------------------
Total          = 				  154.89

Now optimizing Residue PROA135
Optimize Residue ID= PROA135

BackHbond       =               -225.95
SideHbond       =               -69.80
Energy_VdW      =               -354.59
Electro         =               -11.18
Energy_SolvP    =               490.61
Energy_SolvH    =               -456.51
Energy_vdwclash =               26.31
energy_torsion  =               12.28
backbone_vdwclash=              153.75
Entropy_sidec   =               183.64
Entropy_mainc   =               560.20
water bonds     =               0.00
helix dipole    =               -1.52
loop_entropy    =               0.00
cis_bond        =               0.10
disulfide       =               0.00
kn electrostatic=               0.00
partial covalent interactions = 0.00
Energy_Ionisation =             1.30
Entropy Complex =               0.00
-----------------------------------------------------------
Total          = 				  154.89

Now optimizing Residue LYSA137
Optimize Residue ID= LYSA137

BackHbond       =               -225.95
SideHbond       =               -69.59
Energy_VdW      =               -354.56
Electro         =               -11.17
Energy_SolvP    =               490.52
Energy_SolvH    =               -456.48
Energy_vdwclash =               26.27
energy_torsion  =               12.28
backbone_vdwclash=              153.74
Entropy_sidec   =               183.40
Entropy_mainc   =               560.20
water bonds     =               0.00
helix dipole    =               -1.53
loop_entropy    =               0.00
cis_bond        =               0.10
disulfide       =               0.00
kn electrostatic=               0.00
partial covalent interactions = 0.00
Energy_Ionisation =             1.30
Entropy Complex =               0.00
-----------------------------------------------------------
Total          = 				  154.79

Now optimizing Residue CYSA139
Optimize Residue ID= CYSA139

BackHbond       =               -225.95
SideHbond       =               -69.59
Energy_VdW      =               -354.61
Electro         =               -11.17
Energy_SolvP    =               490.56
Energy_SolvH    =               -456.54
Energy_vdwclash =               26.27
energy_torsion  =               12.28
backbone_vdwclash=              153.81
Entropy_sidec   =               183.43
Entropy_mainc   =               560.20
water bonds     =               0.00
helix dipole    =               -1.53
loop_entropy    =               0.00
cis_bond        =               0.10
disulfide       =               0.00
kn electrostatic=               0.00
partial covalent interactions = 0.00
Energy_Ionisation =             1.30
Entropy Complex =               0.00
-----------------------------------------------------------
Total          = 				  154.74

Now optimizing Residue ARGA143
Optimize Residue ID= ARGA143

BackHbond       =               -225.95
SideHbond       =               -69.62
Energy_VdW      =               -354.61
Electro         =               -11.18
Energy_SolvP    =               490.49
Energy_SolvH    =               -456.55
Energy_vdwclash =               26.27
energy_torsion  =               12.28
backbone_vdwclash=              153.80
Entropy_sidec   =               183.44
Entropy_mainc   =               560.20
water bonds     =               0.00
helix dipole    =               -1.53
loop_entropy    =               0.00
cis_bond        =               0.10
disulfide       =               0.00
kn electrostatic=               0.00
partial covalent interactions = 0.00
Energy_Ionisation =             1.30
Entropy Complex =               0.00
-----------------------------------------------------------
Total          = 				  154.63

Now optimizing Residue LYSA144
Optimize Residue ID= LYSA144

BackHbond       =               -225.95
SideHbond       =               -69.62
Energy_VdW      =               -354.60
Electro         =               -11.18
Energy_SolvP    =               490.47
Energy_SolvH    =               -456.55
Energy_vdwclash =               26.27
energy_torsion  =               12.28
backbone_vdwclash=              153.80
Entropy_sidec   =               183.43
Entropy_mainc   =               560.19
water bonds     =               0.00
helix dipole    =               -1.54
loop_entropy    =               0.00
cis_bond        =               0.10
disulfide       =               0.00
kn electrostatic=               0.00
partial covalent interactions = 0.00
Energy_Ionisation =             1.30
Entropy Complex =               0.00
-----------------------------------------------------------
Total          = 				  154.60

Now optimizing Residue LEUA147
Optimize Residue ID= LEUA147

BackHbond       =               -225.95
SideHbond       =               -69.62
Energy_VdW      =               -354.62
Electro         =               -11.18
Energy_SolvP    =               490.48
Energy_SolvH    =               -456.58
Energy_vdwclash =               26.27
energy_torsion  =               12.28
backbone_vdwclash=              153.81
Entropy_sidec   =               183.45
Entropy_mainc   =               560.20
water bonds     =               0.00
helix dipole    =               -1.54
loop_entropy    =               0.00
cis_bond        =               0.10
disulfide       =               0.00
kn electrostatic=               0.00
partial covalent interactions = 0.00
Energy_Ionisation =             1.30
Entropy Complex =               0.00
-----------------------------------------------------------
Total          = 				  154.57

Now optimizing Residue H1SA150
Optimize Residue ID= H1SA150

BackHbond       =               -225.95
SideHbond       =               -69.62
Energy_VdW      =               -354.64
Electro         =               -11.18
Energy_SolvP    =               490.49
Energy_SolvH    =               -456.62
Energy_vdwclash =               26.36
energy_torsion  =               12.16
backbone_vdwclash=              153.81
Entropy_sidec   =               183.44
Entropy_mainc   =               560.20
water bonds     =               0.00
helix dipole    =               -1.54
loop_entropy    =               0.00
cis_bond        =               0.10
disulfide       =               0.00
kn electrostatic=               0.00
partial covalent interactions = 0.00
Energy_Ionisation =             1.30
Entropy Complex =               0.00
-----------------------------------------------------------
Total          = 				  154.48

Now optimizing Residue LEUA151
Optimize Residue ID= LEUA151

BackHbond       =               -225.95
SideHbond       =               -69.62
Energy_VdW      =               -354.65
Electro         =               -11.18
Energy_SolvP    =               490.49
Energy_SolvH    =               -456.64
Energy_vdwclash =               26.36
energy_torsion  =               12.16
backbone_vdwclash=              153.81
Entropy_sidec   =               183.44
Entropy_mainc   =               560.20
water bonds     =               0.00
helix dipole    =               -1.54
loop_entropy    =               0.00
cis_bond        =               0.10
disulfide       =               0.00
kn electrostatic=               0.00
partial covalent interactions = 0.00
Energy_Ionisation =             1.30
Entropy Complex =               0.00
-----------------------------------------------------------
Total          = 				  154.46

Now optimizing Residue TRPA154
Optimize Residue ID= TRPA154

BackHbond       =               -225.95
SideHbond       =               -69.62
Energy_VdW      =               -354.74
Electro         =               -11.18
Energy_SolvP    =               490.51
Energy_SolvH    =               -456.81
Energy_vdwclash =               26.42
energy_torsion  =               12.07
backbone_vdwclash=              153.81
Entropy_sidec   =               183.49
Entropy_mainc   =               560.20
water bonds     =               0.00
helix dipole    =               -1.54
loop_entropy    =               0.00
cis_bond        =               0.10
disulfide       =               0.00
kn electrostatic=               0.00
partial covalent interactions = 0.00
Energy_Ionisation =             1.30
Entropy Complex =               0.00
-----------------------------------------------------------
Total          = 				  154.25

Now optimizing Residue LYSA155
Optimize Residue ID= LYSA155

BackHbond       =               -225.96
SideHbond       =               -69.62
Energy_VdW      =               -354.76
Electro         =               -11.18
Energy_SolvP    =               490.52
Energy_SolvH    =               -456.85
Energy_vdwclash =               26.42
energy_torsion  =               12.07
backbone_vdwclash=              153.81
Entropy_sidec   =               183.52
Entropy_mainc   =               560.20
water bonds     =               0.00
helix dipole    =               -1.55
loop_entropy    =               0.00
cis_bond        =               0.10
disulfide       =               0.00
kn electrostatic=               0.00
partial covalent interactions = 0.00
Energy_Ionisation =             1.30
Entropy Complex =               0.00
-----------------------------------------------------------
Total          = 				  154.22

Now optimizing Residue LYSA156
Optimize Residue ID= LYSA156

BackHbond       =               -225.95
SideHbond       =               -69.51
Energy_VdW      =               -354.76
Electro         =               -11.19
Energy_SolvP    =               490.48
Energy_SolvH    =               -456.86
Energy_vdwclash =               26.02
energy_torsion  =               12.07
backbone_vdwclash=              153.81
Entropy_sidec   =               183.41
Entropy_mainc   =               560.20
water bonds     =               0.00
helix dipole    =               -1.55
loop_entropy    =               0.00
cis_bond        =               0.10
disulfide       =               0.00
kn electrostatic=               0.00
partial covalent interactions = 0.00
Energy_Ionisation =             1.30
Entropy Complex =               0.00
-----------------------------------------------------------
Total          = 				  153.77

Now optimizing Residue GLUA159
Optimize Residue ID= GLUA159

BackHbond       =               -225.95
SideHbond       =               -69.54
Energy_VdW      =               -354.74
Electro         =               -11.19
Energy_SolvP    =               490.42
Energy_SolvH    =               -456.83
Energy_vdwclash =               26.02
energy_torsion  =               12.07
backbone_vdwclash=              153.81
Entropy_sidec   =               183.43
Entropy_mainc   =               560.19
water bonds     =               0.00
helix dipole    =               -1.55
loop_entropy    =               0.00
cis_bond        =               0.10
disulfide       =               0.00
kn electrostatic=               0.00
partial covalent interactions = 0.00
Energy_Ionisation =             1.30
Entropy Complex =               0.00
-----------------------------------------------------------
Total          = 				  153.72

Now optimizing Residue PROA161
Optimize Residue ID= PROA161

BackHbond       =               -225.95
SideHbond       =               -69.54
Energy_VdW      =               -354.74
Electro         =               -11.19
Energy_SolvP    =               490.42
Energy_SolvH    =               -456.84
Energy_vdwclash =               26.02
energy_torsion  =               12.07
backbone_vdwclash=              153.81
Entropy_sidec   =               183.43
Entropy_mainc   =               560.19
water bonds     =               0.00
helix dipole    =               -1.55
loop_entropy    =               0.00
cis_bond        =               0.10
disulfide       =               0.00
kn electrostatic=               0.00
partial covalent interactions = 0.00
Energy_Ionisation =             1.30
Entropy Complex =               0.00
-----------------------------------------------------------
Total          = 				  153.71

Now optimizing Residue LYSA162
Optimize Residue ID= LYSA162

BackHbond       =               -225.96
SideHbond       =               -69.54
Energy_VdW      =               -354.77
Electro         =               -11.19
Energy_SolvP    =               490.44
Energy_SolvH    =               -456.90
Energy_vdwclash =               26.02
energy_torsion  =               12.07
backbone_vdwclash=              153.81
Entropy_sidec   =               183.45
Entropy_mainc   =               560.20
water bonds     =               0.00
helix dipole    =               -1.55
loop_entropy    =               0.00
cis_bond        =               0.10
disulfide       =               0.00
kn electrostatic=               0.00
partial covalent interactions = 0.00
Energy_Ionisation =             1.30
Entropy Complex =               0.00
-----------------------------------------------------------
Total          = 				  153.67

Now optimizing Residue THRA163
Optimize Residue ID= THRA163

BackHbond       =               -226.04
SideHbond       =               -69.46
Energy_VdW      =               -354.78
Electro         =               -11.19
Energy_SolvP    =               490.32
Energy_SolvH    =               -456.91
Energy_vdwclash =               26.02
energy_torsion  =               12.08
backbone_vdwclash=              153.82
Entropy_sidec   =               183.44
Entropy_mainc   =               560.20
water bonds     =               0.00
helix dipole    =               -1.55
loop_entropy    =               0.00
cis_bond        =               0.10
disulfide       =               0.00
kn electrostatic=               0.00
partial covalent interactions = 0.00
Energy_Ionisation =             1.30
Entropy Complex =               0.00
-----------------------------------------------------------
Total          = 				  153.54

Now optimizing Residue META164
Optimize Residue ID= META164

BackHbond       =               -226.04
SideHbond       =               -69.46
Energy_VdW      =               -354.78
Electro         =               -11.19
Energy_SolvP    =               490.32
Energy_SolvH    =               -456.91
Energy_vdwclash =               26.02
energy_torsion  =               12.08
backbone_vdwclash=              153.82
Entropy_sidec   =               183.44
Entropy_mainc   =               560.20
water bonds     =               0.00
helix dipole    =               -1.55
loop_entropy    =               0.00
cis_bond        =               0.10
disulfide       =               0.00
kn electrostatic=               0.00
partial covalent interactions = 0.00
Energy_Ionisation =             1.30
Entropy Complex =               0.00
-----------------------------------------------------------
Total          = 				  153.54

Now optimizing Residue THRA165
Optimize Residue ID= THRA165

BackHbond       =               -226.04
SideHbond       =               -69.45
Energy_VdW      =               -354.76
Electro         =               -11.19
Energy_SolvP    =               490.28
Energy_SolvH    =               -456.90
Energy_vdwclash =               26.01
energy_torsion  =               12.08
backbone_vdwclash=              153.82
Entropy_sidec   =               183.43
Entropy_mainc   =               560.20
water bonds     =               0.00
helix dipole    =               -1.55
loop_entropy    =               0.00
cis_bond        =               0.10
disulfide       =               0.00
kn electrostatic=               0.00
partial covalent interactions = 0.00
Energy_Ionisation =             1.30
Entropy Complex =               0.00
-----------------------------------------------------------
Total          = 				  153.52

Now optimizing Residue LEUA167
Optimize Residue ID= LEUA167

BackHbond       =               -226.04
SideHbond       =               -69.45
Energy_VdW      =               -354.73
Electro         =               -11.18
Energy_SolvP    =               490.24
Energy_SolvH    =               -456.87
Energy_vdwclash =               26.01
energy_torsion  =               12.08
backbone_vdwclash=              153.81
Entropy_sidec   =               183.40
Entropy_mainc   =               560.20
water bonds     =               0.00
helix dipole    =               -1.55
loop_entropy    =               0.00
cis_bond        =               0.10
disulfide       =               0.00
kn electrostatic=               0.00
partial covalent interactions = 0.00
Energy_Ionisation =             1.30
Entropy Complex =               0.00
-----------------------------------------------------------
Total          = 				  153.51

Now optimizing Residue PROA168
Optimize Residue ID= PROA168

BackHbond       =               -226.04
SideHbond       =               -69.45
Energy_VdW      =               -354.74
Electro         =               -11.18
Energy_SolvP    =               490.24
Energy_SolvH    =               -456.87
Energy_vdwclash =               26.01
energy_torsion  =               12.08
backbone_vdwclash=              153.81
Entropy_sidec   =               183.40
Entropy_mainc   =               560.20
water bonds     =               0.00
helix dipole    =               -1.55
loop_entropy    =               0.00
cis_bond        =               0.10
disulfide       =               0.00
kn electrostatic=               0.00
partial covalent interactions = 0.00
Energy_Ionisation =             1.30
Entropy Complex =               0.00
-----------------------------------------------------------
Total          = 				  153.50

Now optimizing Residue SERA169
Optimize Residue ID= SERA169

BackHbond       =               -226.13
SideHbond       =               -69.54
Energy_VdW      =               -354.74
Electro         =               -11.18
Energy_SolvP    =               490.24
Energy_SolvH    =               -456.87
Energy_vdwclash =               26.01
energy_torsion  =               12.08
backbone_vdwclash=              153.81
Entropy_sidec   =               183.40
Entropy_mainc   =               560.20
water bonds     =               0.00
helix dipole    =               -1.55
loop_entropy    =               0.00
cis_bond        =               0.10
disulfide       =               0.00
kn electrostatic=               0.00
partial covalent interactions = 0.00
Energy_Ionisation =             1.30
Entropy Complex =               0.00
-----------------------------------------------------------
Total          = 				  153.32

Now optimizing Residue THRA170
Optimize Residue ID= THRA170

BackHbond       =               -226.17
SideHbond       =               -69.58
Energy_VdW      =               -354.75
Electro         =               -11.18
Energy_SolvP    =               490.28
Energy_SolvH    =               -456.87
Energy_vdwclash =               26.01
energy_torsion  =               12.08
backbone_vdwclash=              153.82
Entropy_sidec   =               183.40
Entropy_mainc   =               560.20
water bonds     =               0.00
helix dipole    =               -1.55
loop_entropy    =               0.00
cis_bond        =               0.10
disulfide       =               0.00
kn electrostatic=               0.00
partial covalent interactions = 0.00
Energy_Ionisation =             1.30
Entropy Complex =               0.00
-----------------------------------------------------------
Total          = 				  153.28

Now optimizing Residue SERA171
Optimize Residue ID= SERA171

BackHbond       =               -226.17
SideHbond       =               -69.58
Energy_VdW      =               -354.75
Electro         =               -11.18
Energy_SolvP    =               490.28
Energy_SolvH    =               -456.87
Energy_vdwclash =               26.01
energy_torsion  =               12.08
backbone_vdwclash=              153.81
Entropy_sidec   =               183.40
Entropy_mainc   =               560.20
water bonds     =               0.00
helix dipole    =               -1.55
loop_entropy    =               0.00
cis_bond        =               0.10
disulfide       =               0.00
kn electrostatic=               0.00
partial covalent interactions = 0.00
Energy_Ionisation =             1.30
Entropy Complex =               0.00
-----------------------------------------------------------
Total          = 				  153.27

Now optimizing Residue THRA173
Optimize Residue ID= THRA173

BackHbond       =               -226.20
SideHbond       =               -69.61
Energy_VdW      =               -354.75
Electro         =               -11.18
Energy_SolvP    =               490.28
Energy_SolvH    =               -456.88
Energy_vdwclash =               26.01
energy_torsion  =               12.08
backbone_vdwclash=              153.81
Entropy_sidec   =               183.40
Entropy_mainc   =               560.20
water bonds     =               0.00
helix dipole    =               -1.55
loop_entropy    =               0.00
cis_bond        =               0.10
disulfide       =               0.00
kn electrostatic=               0.00
partial covalent interactions = 0.00
Energy_Ionisation =             1.30
Entropy Complex =               0.00
-----------------------------------------------------------
Total          = 				  153.19

Now optimizing Residue SERA176
Optimize Residue ID= SERA176

BackHbond       =               -226.20
SideHbond       =               -69.64
Energy_VdW      =               -354.75
Electro         =               -11.18
Energy_SolvP    =               490.28
Energy_SolvH    =               -456.88
Energy_vdwclash =               26.03
energy_torsion  =               12.08
backbone_vdwclash=              153.81
Entropy_sidec   =               183.40
Entropy_mainc   =               560.20
water bonds     =               0.00
helix dipole    =               -1.55
loop_entropy    =               0.00
cis_bond        =               0.10
disulfide       =               0.00
kn electrostatic=               0.00
partial covalent interactions = 0.00
Energy_Ionisation =             1.30
Entropy Complex =               0.00
-----------------------------------------------------------
Total          = 				  153.18

Now optimizing Residue ARGA181
Optimize Residue ID= ARGA181

BackHbond       =               -226.23
SideHbond       =               -69.67
Energy_VdW      =               -354.76
Electro         =               -11.19
Energy_SolvP    =               490.27
Energy_SolvH    =               -456.90
Energy_vdwclash =               26.02
energy_torsion  =               12.08
backbone_vdwclash=              153.82
Entropy_sidec   =               183.40
Entropy_mainc   =               560.19
water bonds     =               0.00
helix dipole    =               -1.56
loop_entropy    =               0.00
cis_bond        =               0.10
disulfide       =               0.00
kn electrostatic=               0.00
partial covalent interactions = 0.00
Energy_Ionisation =             1.30
Entropy Complex =               0.00
-----------------------------------------------------------
Total          = 				  153.09

Now optimizing Residue META183
Optimize Residue ID= META183

BackHbond       =               -226.23
SideHbond       =               -69.67
Energy_VdW      =               -354.79
Electro         =               -11.19
Energy_SolvP    =               490.28
Energy_SolvH    =               -456.96
Energy_vdwclash =               26.03
energy_torsion  =               12.08
backbone_vdwclash=              153.82
Entropy_sidec   =               183.42
Entropy_mainc   =               560.19
water bonds     =               0.00
helix dipole    =               -1.56
loop_entropy    =               0.00
cis_bond        =               0.10
disulfide       =               0.00
kn electrostatic=               0.00
partial covalent interactions = 0.00
Energy_Ionisation =             1.30
Entropy Complex =               0.00
-----------------------------------------------------------
Total          = 				  153.03

Now optimizing Residue LYSA184
Optimize Residue ID= LYSA184

BackHbond       =               -226.22
SideHbond       =               -69.67
Energy_VdW      =               -354.77
Electro         =               -11.18
Energy_SolvP    =               490.23
Energy_SolvH    =               -456.94
Energy_vdwclash =               26.03
energy_torsion  =               12.08
backbone_vdwclash=              153.82
Entropy_sidec   =               183.41
Entropy_mainc   =               560.19
water bonds     =               0.00
helix dipole    =               -1.55
loop_entropy    =               0.00
cis_bond        =               0.10
disulfide       =               0.00
kn electrostatic=               0.00
partial covalent interactions = 0.00
Energy_Ionisation =             1.30
Entropy Complex =               0.00
-----------------------------------------------------------
Total          = 				  153.00

Now optimizing Residue TYRA186
Optimize Residue ID= TYRA186

BackHbond       =               -226.20
SideHbond       =               -69.67
Energy_VdW      =               -354.77
Electro         =               -11.18
Energy_SolvP    =               490.18
Energy_SolvH    =               -456.98
Energy_vdwclash =               26.03
energy_torsion  =               12.08
backbone_vdwclash=              153.78
Entropy_sidec   =               183.41
Entropy_mainc   =               560.18
water bonds     =               0.00
helix dipole    =               -1.55
loop_entropy    =               0.00
cis_bond        =               0.10
disulfide       =               0.00
kn electrostatic=               0.00
partial covalent interactions = 0.00
Energy_Ionisation =             1.30
Entropy Complex =               0.00
-----------------------------------------------------------
Total          = 				  152.93

Now optimizing Residue H1SA189
Optimize Residue ID= H1SA189

BackHbond       =               -226.20
SideHbond       =               -69.61
Energy_VdW      =               -354.76
Electro         =               -11.18
Energy_SolvP    =               490.18
Energy_SolvH    =               -456.96
Energy_vdwclash =               25.43
energy_torsion  =               12.08
backbone_vdwclash=              153.78
Entropy_sidec   =               183.41
Entropy_mainc   =               560.19
water bonds     =               0.00
helix dipole    =               -1.55
loop_entropy    =               0.00
cis_bond        =               0.10
disulfide       =               0.00
kn electrostatic=               0.00
partial covalent interactions = 0.00
Energy_Ionisation =             1.29
Entropy Complex =               0.00
-----------------------------------------------------------
Total          = 				  152.41

Now optimizing Residue ASPA192
Optimize Residue ID= ASPA192

BackHbond       =               -226.20
SideHbond       =               -69.63
Energy_VdW      =               -354.75
Electro         =               -11.16
Energy_SolvP    =               490.13
Energy_SolvH    =               -456.96
Energy_vdwclash =               25.30
energy_torsion  =               11.87
backbone_vdwclash=              153.77
Entropy_sidec   =               183.42
Entropy_mainc   =               560.19
water bonds     =               0.00
helix dipole    =               -1.55
loop_entropy    =               0.00
cis_bond        =               0.10
disulfide       =               0.00
kn electrostatic=               0.00
partial covalent interactions = 0.00
Energy_Ionisation =             1.29
Entropy Complex =               0.00
-----------------------------------------------------------
Total          = 				  152.04

Now optimizing Residue SERA193
Optimize Residue ID= SERA193

BackHbond       =               -226.20
SideHbond       =               -69.63
Energy_VdW      =               -354.75
Electro         =               -11.16
Energy_SolvP    =               490.13
Energy_SolvH    =               -456.96
Energy_vdwclash =               25.07
energy_torsion  =               11.87
backbone_vdwclash=              153.77
Entropy_sidec   =               183.42
Entropy_mainc   =               560.19
water bonds     =               0.00
helix dipole    =               -1.55
loop_entropy    =               0.00
cis_bond        =               0.10
disulfide       =               0.00
kn electrostatic=               0.00
partial covalent interactions = 0.00
Energy_Ionisation =             1.29
Entropy Complex =               0.00
-----------------------------------------------------------
Total          = 				  151.81

Now optimizing Residue GLNA200
Optimize Residue ID= GLNA200

BackHbond       =               -226.19
SideHbond       =               -69.65
Energy_VdW      =               -354.76
Electro         =               -11.16
Energy_SolvP    =               490.16
Energy_SolvH    =               -456.96
Energy_vdwclash =               24.71
energy_torsion  =               11.87
backbone_vdwclash=              153.80
Entropy_sidec   =               183.42
Entropy_mainc   =               560.19
water bonds     =               0.00
helix dipole    =               -1.55
loop_entropy    =               0.00
cis_bond        =               0.10
disulfide       =               0.00
kn electrostatic=               0.00
partial covalent interactions = 0.00
Energy_Ionisation =             1.29
Entropy Complex =               0.00
-----------------------------------------------------------
Total          = 				  151.48

Now optimizing Residue ASPA201
Optimize Residue ID= ASPA201

BackHbond       =               -226.19
SideHbond       =               -69.65
Energy_VdW      =               -354.75
Electro         =               -11.15
Energy_SolvP    =               490.11
Energy_SolvH    =               -456.95
Energy_vdwclash =               24.71
energy_torsion  =               11.87
backbone_vdwclash=              153.80
Entropy_sidec   =               183.42
Entropy_mainc   =               560.19
water bonds     =               0.00
helix dipole    =               -1.55
loop_entropy    =               0.00
cis_bond        =               0.10
disulfide       =               0.00
kn electrostatic=               0.00
partial covalent interactions = 0.00
Energy_Ionisation =             1.29
Entropy Complex =               0.00
-----------------------------------------------------------
Total          = 				  151.45

Now optimizing Residue ASPA202
Optimize Residue ID= ASPA202

BackHbond       =               -226.18
SideHbond       =               -69.64
Energy_VdW      =               -354.74
Electro         =               -11.16
Energy_SolvP    =               490.08
Energy_SolvH    =               -456.94
Energy_vdwclash =               24.71
energy_torsion  =               11.85
backbone_vdwclash=              153.80
Entropy_sidec   =               183.42
Entropy_mainc   =               560.19
water bonds     =               0.00
helix dipole    =               -1.55
loop_entropy    =               0.00
cis_bond        =               0.10
disulfide       =               0.00
kn electrostatic=               0.00
partial covalent interactions = 0.00
Energy_Ionisation =             1.29
Entropy Complex =               0.00
-----------------------------------------------------------
Total          = 				  151.42

Now optimizing Residue PROA203
Optimize Residue ID= PROA203

BackHbond       =               -226.18
SideHbond       =               -69.64
Energy_VdW      =               -354.76
Electro         =               -11.16
Energy_SolvP    =               490.10
Energy_SolvH    =               -456.97
Energy_vdwclash =               24.71
energy_torsion  =               11.85
backbone_vdwclash=              153.80
Entropy_sidec   =               183.43
Entropy_mainc   =               560.19
water bonds     =               0.00
helix dipole    =               -1.55
loop_entropy    =               0.00
cis_bond        =               0.10
disulfide       =               0.00
kn electrostatic=               0.00
partial covalent interactions = 0.00
Energy_Ionisation =             1.29
Entropy Complex =               0.00
-----------------------------------------------------------
Total          = 				  151.41

Now optimizing Residue LYSA204
Optimize Residue ID= LYSA204

BackHbond       =               -226.18
SideHbond       =               -69.64
Energy_VdW      =               -354.77
Electro         =               -11.19
Energy_SolvP    =               490.12
Energy_SolvH    =               -456.98
Energy_vdwclash =               24.71
energy_torsion  =               11.85
backbone_vdwclash=              153.80
Entropy_sidec   =               183.45
Entropy_mainc   =               560.19
water bonds     =               0.00
helix dipole    =               -1.55
loop_entropy    =               0.00
cis_bond        =               0.10
disulfide       =               0.00
kn electrostatic=               0.00
partial covalent interactions = 0.00
Energy_Ionisation =             1.29
Entropy Complex =               0.00
-----------------------------------------------------------
Total          = 				  151.40

Now optimizing Residue ASPA205
Optimize Residue ID= ASPA205

BackHbond       =               -226.17
SideHbond       =               -69.64
Energy_VdW      =               -354.75
Electro         =               -11.21
Energy_SolvP    =               490.04
Energy_SolvH    =               -456.97
Energy_vdwclash =               24.71
energy_torsion  =               11.85
backbone_vdwclash=              153.80
Entropy_sidec   =               183.46
Entropy_mainc   =               560.19
water bonds     =               0.00
helix dipole    =               -1.55
loop_entropy    =               0.00
cis_bond        =               0.10
disulfide       =               0.00
kn electrostatic=               0.00
partial covalent interactions = 0.00
Energy_Ionisation =             1.29
Entropy Complex =               0.00
-----------------------------------------------------------
Total          = 				  151.36

Now optimizing Residue ASPA206
Optimize Residue ID= ASPA206

BackHbond       =               -226.17
SideHbond       =               -69.64
Energy_VdW      =               -354.75
Electro         =               -11.21
Energy_SolvP    =               490.05
Energy_SolvH    =               -456.98
Energy_vdwclash =               24.71
energy_torsion  =               11.85
backbone_vdwclash=              153.80
Entropy_sidec   =               183.46
Entropy_mainc   =               560.19
water bonds     =               0.00
helix dipole    =               -1.55
loop_entropy    =               0.00
cis_bond        =               0.10
disulfide       =               0.00
kn electrostatic=               0.00
partial covalent interactions = 0.00
Energy_Ionisation =             1.29
Entropy Complex =               0.00
-----------------------------------------------------------
Total          = 				  151.35

Now optimizing Residue PHEA207
Optimize Residue ID= PHEA207

BackHbond       =               -226.18
SideHbond       =               -69.64
Energy_VdW      =               -354.77
Electro         =               -11.21
Energy_SolvP    =               490.06
Energy_SolvH    =               -457.02
Energy_vdwclash =               24.71
energy_torsion  =               11.85
backbone_vdwclash=              153.80
Entropy_sidec   =               183.48
Entropy_mainc   =               560.19
water bonds     =               0.00
helix dipole    =               -1.55
loop_entropy    =               0.00
cis_bond        =               0.10
disulfide       =               0.00
kn electrostatic=               0.00
partial covalent interactions = 0.00
Energy_Ionisation =             1.29
Entropy Complex =               0.00
-----------------------------------------------------------
Total          = 				  151.31

Now optimizing Residue ARGA209
Optimize Residue ID= ARGA209

BackHbond       =               -226.18
SideHbond       =               -69.54
Energy_VdW      =               -354.74
Electro         =               -11.18
Energy_SolvP    =               489.99
Energy_SolvH    =               -457.00
Energy_vdwclash =               24.39
energy_torsion  =               11.85
backbone_vdwclash=              153.80
Entropy_sidec   =               183.48
Entropy_mainc   =               560.19
water bonds     =               0.00
helix dipole    =               -1.55
loop_entropy    =               0.00
cis_bond        =               0.10
disulfide       =               0.00
kn electrostatic=               0.00
partial covalent interactions = 0.00
Energy_Ionisation =             1.29
Entropy Complex =               0.00
-----------------------------------------------------------
Total          = 				  151.10

Now optimizing Residue VALA211
Optimize Residue ID= VALA211

BackHbond       =               -226.18
SideHbond       =               -69.54
Energy_VdW      =               -354.75
Electro         =               -11.18
Energy_SolvP    =               489.99
Energy_SolvH    =               -457.02
Energy_vdwclash =               24.38
energy_torsion  =               11.85
backbone_vdwclash=              153.79
Entropy_sidec   =               183.48
Entropy_mainc   =               560.19
water bonds     =               0.00
helix dipole    =               -1.55
loop_entropy    =               0.00
cis_bond        =               0.10
disulfide       =               0.00
kn electrostatic=               0.00
partial covalent interactions = 0.00
Energy_Ionisation =             1.29
Entropy Complex =               0.00
-----------------------------------------------------------
Total          = 				  151.08

Now optimizing Residue GLUA212
Optimize Residue ID= GLUA212

BackHbond       =               -226.18
SideHbond       =               -69.54
Energy_VdW      =               -354.74
Electro         =               -11.19
Energy_SolvP    =               489.93
Energy_SolvH    =               -457.01
Energy_vdwclash =               24.38
energy_torsion  =               11.87
backbone_vdwclash=              153.79
Entropy_sidec   =               183.46
Entropy_mainc   =               560.19
water bonds     =               0.00
helix dipole    =               -1.55
loop_entropy    =               0.00
cis_bond        =               0.10
disulfide       =               0.00
kn electrostatic=               0.00
partial covalent interactions = 0.00
Energy_Ionisation =             1.29
Entropy Complex =               0.00
-----------------------------------------------------------
Total          = 				  151.01

Now optimizing Residue THRA214
Optimize Residue ID= THRA214

BackHbond       =               -226.18
SideHbond       =               -69.54
Energy_VdW      =               -354.74
Electro         =               -11.19
Energy_SolvP    =               489.93
Energy_SolvH    =               -457.01
Energy_vdwclash =               24.38
energy_torsion  =               11.87
backbone_vdwclash=              153.79
Entropy_sidec   =               183.46
Entropy_mainc   =               560.19
water bonds     =               0.00
helix dipole    =               -1.55
loop_entropy    =               0.00
cis_bond        =               0.10
disulfide       =               0.00
kn electrostatic=               0.00
partial covalent interactions = 0.00
Energy_Ionisation =             1.29
Entropy Complex =               0.00
-----------------------------------------------------------
Total          = 				  151.01

Now optimizing Residue GLNA215
Optimize Residue ID= GLNA215

BackHbond       =               -226.18
SideHbond       =               -69.54
Energy_VdW      =               -354.74
Electro         =               -11.19
Energy_SolvP    =               489.92
Energy_SolvH    =               -457.02
Energy_vdwclash =               24.38
energy_torsion  =               11.87
backbone_vdwclash=              153.79
Entropy_sidec   =               183.47
Entropy_mainc   =               560.19
water bonds     =               0.00
helix dipole    =               -1.55
loop_entropy    =               0.00
cis_bond        =               0.10
disulfide       =               0.00
kn electrostatic=               0.00
partial covalent interactions = 0.00
Energy_Ionisation =             1.29
Entropy Complex =               0.00
-----------------------------------------------------------
Total          = 				  151.01

Now optimizing Residue ASPA216
Optimize Residue ID= ASPA216

BackHbond       =               -226.18
SideHbond       =               -69.54
Energy_VdW      =               -354.72
Electro         =               -11.19
Energy_SolvP    =               489.82
Energy_SolvH    =               -457.03
Energy_vdwclash =               24.38
energy_torsion  =               11.90
backbone_vdwclash=              153.78
Entropy_sidec   =               183.46
Entropy_mainc   =               560.18
water bonds     =               0.00
helix dipole    =               -1.55
loop_entropy    =               0.00
cis_bond        =               0.10
disulfide       =               0.00
kn electrostatic=               0.00
partial covalent interactions = 0.00
Energy_Ionisation =             1.29
Entropy Complex =               0.00
-----------------------------------------------------------
Total          = 				  150.93

Now optimizing Residue H1SA217
Optimize Residue ID= H1SA217

BackHbond       =               -226.12
SideHbond       =               -69.49
Energy_VdW      =               -354.72
Electro         =               -11.21
Energy_SolvP    =               489.84
Energy_SolvH    =               -457.01
Energy_vdwclash =               23.99
energy_torsion  =               11.90
backbone_vdwclash=              153.78
Entropy_sidec   =               183.46
Entropy_mainc   =               560.18
water bonds     =               0.00
helix dipole    =               -1.55
loop_entropy    =               0.00
cis_bond        =               0.10
disulfide       =               0.00
kn electrostatic=               0.00
partial covalent interactions = 0.00
Energy_Ionisation =             1.29
Entropy Complex =               0.00
-----------------------------------------------------------
Total          = 				  150.68

Now optimizing Residue LYSA218
Optimize Residue ID= LYSA218

BackHbond       =               -226.12
SideHbond       =               -69.38
Energy_VdW      =               -354.65
Electro         =               -11.09
Energy_SolvP    =               489.57
Energy_SolvH    =               -456.97
Energy_vdwclash =               23.97
energy_torsion  =               11.90
backbone_vdwclash=              153.74
Entropy_sidec   =               183.28
Entropy_mainc   =               560.17
water bonds     =               0.00
helix dipole    =               -1.55
loop_entropy    =               0.00
cis_bond        =               0.10
disulfide       =               0.00
kn electrostatic=               0.00
partial covalent interactions = 0.00
Energy_Ionisation =             1.29
Entropy Complex =               0.00
-----------------------------------------------------------
Total          = 				  150.52

Now optimizing Residue PROA219
Optimize Residue ID= PROA219

BackHbond       =               -226.12
SideHbond       =               -69.38
Energy_VdW      =               -354.65
Electro         =               -11.09
Energy_SolvP    =               489.57
Energy_SolvH    =               -456.97
Energy_vdwclash =               23.90
energy_torsion  =               11.90
backbone_vdwclash=              153.74
Entropy_sidec   =               183.28
Entropy_mainc   =               560.17
water bonds     =               0.00
helix dipole    =               -1.55
loop_entropy    =               0.00
cis_bond        =               0.10
disulfide       =               0.00
kn electrostatic=               0.00
partial covalent interactions = 0.00
Energy_Ionisation =             1.29
Entropy Complex =               0.00
-----------------------------------------------------------
Total          = 				  150.45

Now optimizing Residue GLUA220
Optimize Residue ID= GLUA220

BackHbond       =               -226.84
SideHbond       =               -71.53
Energy_VdW      =               -354.66
Electro         =               -11.09
Energy_SolvP    =               489.19
Energy_SolvH    =               -457.00
Energy_vdwclash =               23.23
energy_torsion  =               11.55
backbone_vdwclash=              153.74
Entropy_sidec   =               184.03
Entropy_mainc   =               560.46
water bonds     =               0.00
helix dipole    =               -1.56
loop_entropy    =               0.00
cis_bond        =               0.10
disulfide       =               0.00
kn electrostatic=               0.00
partial covalent interactions = 0.00
Energy_Ionisation =             1.29
Entropy Complex =               0.00
-----------------------------------------------------------
Total          = 				  147.16

Now optimizing Residue LEUA221
Optimize Residue ID= LEUA221

BackHbond       =               -226.84
SideHbond       =               -71.53
Energy_VdW      =               -354.72
Electro         =               -11.09
Energy_SolvP    =               489.24
Energy_SolvH    =               -457.08
Energy_vdwclash =               23.23
energy_torsion  =               11.55
backbone_vdwclash=              153.80
Entropy_sidec   =               184.03
Entropy_mainc   =               560.46
water bonds     =               0.00
helix dipole    =               -1.56
loop_entropy    =               0.00
cis_bond        =               0.10
disulfide       =               0.00
kn electrostatic=               0.00
partial covalent interactions = 0.00
Energy_Ionisation =             1.29
Entropy Complex =               0.00
-----------------------------------------------------------
Total          = 				  147.08

Now optimizing Residue PROA222
Optimize Residue ID= PROA222

BackHbond       =               -226.84
SideHbond       =               -71.53
Energy_VdW      =               -354.73
Electro         =               -11.09
Energy_SolvP    =               489.24
Energy_SolvH    =               -457.11
Energy_vdwclash =               23.23
energy_torsion  =               11.55
backbone_vdwclash=              153.80
Entropy_sidec   =               184.04
Entropy_mainc   =               560.46
water bonds     =               0.00
helix dipole    =               -1.56
loop_entropy    =               0.00
cis_bond        =               0.10
disulfide       =               0.00
kn electrostatic=               0.00
partial covalent interactions = 0.00
Energy_Ionisation =             1.29
Entropy Complex =               0.00
-----------------------------------------------------------
Total          = 				  147.05

Now optimizing Residue LYSA223
Optimize Residue ID= LYSA223

BackHbond       =               -226.84
SideHbond       =               -71.60
Energy_VdW      =               -354.67
Electro         =               -11.11
Energy_SolvP    =               489.05
Energy_SolvH    =               -457.07
Energy_vdwclash =               23.00
energy_torsion  =               11.55
backbone_vdwclash=              153.80
Entropy_sidec   =               184.06
Entropy_mainc   =               560.46
water bonds     =               0.00
helix dipole    =               -1.56
loop_entropy    =               0.00
cis_bond        =               0.10
disulfide       =               0.00
kn electrostatic=               0.00
partial covalent interactions = 0.00
Energy_Ionisation =             1.29
Entropy Complex =               0.00
-----------------------------------------------------------
Total          = 				  146.66

Now optimizing Residue GLUA224
Optimize Residue ID= GLUA224

BackHbond       =               -226.84
SideHbond       =               -71.78
Energy_VdW      =               -354.68
Electro         =               -11.17
Energy_SolvP    =               489.10
Energy_SolvH    =               -457.08
Energy_vdwclash =               23.00
energy_torsion  =               11.55
backbone_vdwclash=              153.79
Entropy_sidec   =               184.05
Entropy_mainc   =               560.46
water bonds     =               0.00
helix dipole    =               -1.55
loop_entropy    =               0.00
cis_bond        =               0.10
disulfide       =               0.00
kn electrostatic=               0.00
partial covalent interactions = 0.00
Energy_Ionisation =             1.29
Entropy Complex =               0.00
-----------------------------------------------------------
Total          = 				  146.45

Now optimizing Residue ARGA225
Optimize Residue ID= ARGA225

BackHbond       =               -226.84
SideHbond       =               -72.26
Energy_VdW      =               -354.69
Electro         =               -11.15
Energy_SolvP    =               489.01
Energy_SolvH    =               -457.09
Energy_vdwclash =               22.33
energy_torsion  =               11.55
backbone_vdwclash=              153.79
Entropy_sidec   =               184.51
Entropy_mainc   =               560.46
water bonds     =               0.00
helix dipole    =               -1.55
loop_entropy    =               0.00
cis_bond        =               0.10
disulfide       =               0.00
kn electrostatic=               0.00
partial covalent interactions = 0.00
Energy_Ionisation =             1.29
Entropy Complex =               0.00
-----------------------------------------------------------
Total          = 				  145.67

Now optimizing Residue GLUA226
Optimize Residue ID= GLUA226

BackHbond       =               -226.84
SideHbond       =               -72.26
Energy_VdW      =               -354.70
Electro         =               -11.15
Energy_SolvP    =               489.01
Energy_SolvH    =               -457.10
Energy_vdwclash =               22.33
energy_torsion  =               11.54
backbone_vdwclash=              153.79
Entropy_sidec   =               184.51
Entropy_mainc   =               560.46
water bonds     =               0.00
helix dipole    =               -1.55
loop_entropy    =               0.00
cis_bond        =               0.10
disulfide       =               0.00
kn electrostatic=               0.00
partial covalent interactions = 0.00
Energy_Ionisation =             1.29
Entropy Complex =               0.00
-----------------------------------------------------------
Total          = 				  145.65

Now optimizing Residue ARGA227
Optimize Residue ID= ARGA227

BackHbond       =               -227.53
SideHbond       =               -72.93
Energy_VdW      =               -354.75
Electro         =               -11.22
Energy_SolvP    =               488.68
Energy_SolvH    =               -457.13
Energy_vdwclash =               21.02
energy_torsion  =               11.54
backbone_vdwclash=              153.88
Entropy_sidec   =               184.51
Entropy_mainc   =               560.45
water bonds     =               0.00
helix dipole    =               -1.54
loop_entropy    =               0.00
cis_bond        =               0.10
disulfide       =               0.00
kn electrostatic=               0.00
partial covalent interactions = 0.00
Energy_Ionisation =             1.29
Entropy Complex =               0.00
-----------------------------------------------------------
Total          = 				  142.49

Now optimizing Residue GLUA229
Optimize Residue ID= GLUA229

BackHbond       =               -227.53
SideHbond       =               -73.03
Energy_VdW      =               -354.77
Electro         =               -11.26
Energy_SolvP    =               488.75
Energy_SolvH    =               -457.15
Energy_vdwclash =               21.04
energy_torsion  =               11.54
backbone_vdwclash=              153.88
Entropy_sidec   =               184.56
Entropy_mainc   =               560.45
water bonds     =               0.00
helix dipole    =               -1.55
loop_entropy    =               0.00
cis_bond        =               0.10
disulfide       =               0.00
kn electrostatic=               0.00
partial covalent interactions = 0.00
Energy_Ionisation =             1.29
Entropy Complex =               0.00
-----------------------------------------------------------
Total          = 				  142.43

Now optimizing Residue SERA234
Optimize Residue ID= SERA234

BackHbond       =               -227.54
SideHbond       =               -73.03
Energy_VdW      =               -354.77
Electro         =               -11.26
Energy_SolvP    =               488.74
Energy_SolvH    =               -457.15
Energy_vdwclash =               21.00
energy_torsion  =               11.54
backbone_vdwclash=              153.88
Entropy_sidec   =               184.56
Entropy_mainc   =               560.45
water bonds     =               0.00
helix dipole    =               -1.55
loop_entropy    =               0.00
cis_bond        =               0.10
disulfide       =               0.00
kn electrostatic=               0.00
partial covalent interactions = 0.00
Energy_Ionisation =             1.29
Entropy Complex =               0.00
-----------------------------------------------------------
Total          = 				  142.39

Now optimizing Residue META236
Optimize Residue ID= META236

BackHbond       =               -227.54
SideHbond       =               -73.03
Energy_VdW      =               -354.80
Electro         =               -11.26
Energy_SolvP    =               488.75
Energy_SolvH    =               -457.20
Energy_vdwclash =               21.00
energy_torsion  =               11.54
backbone_vdwclash=              153.88
Entropy_sidec   =               184.58
Entropy_mainc   =               560.45
water bonds     =               0.00
helix dipole    =               -1.55
loop_entropy    =               0.00
cis_bond        =               0.10
disulfide       =               0.00
kn electrostatic=               0.00
partial covalent interactions = 0.00
Energy_Ionisation =             1.29
Entropy Complex =               0.00
-----------------------------------------------------------
Total          = 				  142.34

Now optimizing Residue ASNA237
Optimize Residue ID= ASNA237

BackHbond       =               -227.94
SideHbond       =               -73.36
Energy_VdW      =               -354.80
Electro         =               -11.26
Energy_SolvP    =               488.74
Energy_SolvH    =               -457.20
Energy_vdwclash =               20.32
energy_torsion  =               11.54
backbone_vdwclash=              153.88
Entropy_sidec   =               184.58
Entropy_mainc   =               561.41
water bonds     =               0.00
helix dipole    =               -1.55
loop_entropy    =               0.00
cis_bond        =               0.10
disulfide       =               0.00
kn electrostatic=               0.00
partial covalent interactions = 0.00
Energy_Ionisation =             1.29
Entropy Complex =               0.00
-----------------------------------------------------------
Total          = 				  141.89

Now optimizing Residue LYSA238
Optimize Residue ID= LYSA238

BackHbond       =               -227.92
SideHbond       =               -73.36
Energy_VdW      =               -354.77
Electro         =               -11.27
Energy_SolvP    =               488.53
Energy_SolvH    =               -457.19
Energy_vdwclash =               20.32
energy_torsion  =               11.54
backbone_vdwclash=              153.88
Entropy_sidec   =               184.56
Entropy_mainc   =               561.41
water bonds     =               0.00
helix dipole    =               -1.55
loop_entropy    =               0.00
cis_bond        =               0.10
disulfide       =               0.00
kn electrostatic=               0.00
partial covalent interactions = 0.00
Energy_Ionisation =             1.29
Entropy Complex =               0.00
-----------------------------------------------------------
Total          = 				  141.70

Now optimizing Residue SERA239
Optimize Residue ID= SERA239

BackHbond       =               -227.92
SideHbond       =               -73.36
Energy_VdW      =               -354.77
Electro         =               -11.27
Energy_SolvP    =               488.53
Energy_SolvH    =               -457.19
Energy_vdwclash =               20.32
energy_torsion  =               11.54
backbone_vdwclash=              153.88
Entropy_sidec   =               184.56
Entropy_mainc   =               561.41
water bonds     =               0.00
helix dipole    =               -1.55
loop_entropy    =               0.00
cis_bond        =               0.10
disulfide       =               0.00
kn electrostatic=               0.00
partial covalent interactions = 0.00
Energy_Ionisation =             1.29
Entropy Complex =               0.00
-----------------------------------------------------------
Total          = 				  141.70

Now optimizing Residue VALA241
Optimize Residue ID= VALA241

BackHbond       =               -227.92
SideHbond       =               -73.36
Energy_VdW      =               -354.78
Electro         =               -11.27
Energy_SolvP    =               488.54
Energy_SolvH    =               -457.22
Energy_vdwclash =               20.32
energy_torsion  =               11.54
backbone_vdwclash=              153.88
Entropy_sidec   =               184.57
Entropy_mainc   =               561.41
water bonds     =               0.00
helix dipole    =               -1.55
loop_entropy    =               0.00
cis_bond        =               0.10
disulfide       =               0.00
kn electrostatic=               0.00
partial covalent interactions = 0.00
Energy_Ionisation =             1.29
Entropy Complex =               0.00
-----------------------------------------------------------
Total          = 				  141.67

Now optimizing Residue ARGA243
Optimize Residue ID= ARGA243

BackHbond       =               -227.95
SideHbond       =               -73.40
Energy_VdW      =               -354.79
Electro         =               -11.29
Energy_SolvP    =               488.55
Energy_SolvH    =               -457.22
Energy_vdwclash =               20.32
energy_torsion  =               11.54
backbone_vdwclash=              153.89
Entropy_sidec   =               184.56
Entropy_mainc   =               561.41
water bonds     =               0.00
helix dipole    =               -1.55
loop_entropy    =               0.00
cis_bond        =               0.10
disulfide       =               0.00
kn electrostatic=               0.00
partial covalent interactions = 0.00
Energy_Ionisation =             1.29
Entropy Complex =               0.00
-----------------------------------------------------------
Total          = 				  141.59

Now optimizing Residue TRPA246
Optimize Residue ID= TRPA246

BackHbond       =               -227.95
SideHbond       =               -73.41
Energy_VdW      =               -354.77
Electro         =               -11.29
Energy_SolvP    =               488.52
Energy_SolvH    =               -457.21
Energy_vdwclash =               19.48
energy_torsion  =               11.54
backbone_vdwclash=              153.89
Entropy_sidec   =               184.53
Entropy_mainc   =               561.42
water bonds     =               0.00
helix dipole    =               -1.55
loop_entropy    =               0.00
cis_bond        =               0.10
disulfide       =               0.00
kn electrostatic=               0.00
partial covalent interactions = 0.00
Energy_Ionisation =             1.29
Entropy Complex =               0.00
-----------------------------------------------------------
Total          = 				  140.71

Now optimizing Residue LYSA247
Optimize Residue ID= LYSA247

BackHbond       =               -227.94
SideHbond       =               -73.71
Energy_VdW      =               -354.78
Electro         =               -11.28
Energy_SolvP    =               488.39
Energy_SolvH    =               -457.23
Energy_vdwclash =               19.42
energy_torsion  =               11.54
backbone_vdwclash=              153.89
Entropy_sidec   =               184.84
Entropy_mainc   =               561.42
water bonds     =               0.00
helix dipole    =               -1.54
loop_entropy    =               0.00
cis_bond        =               0.10
disulfide       =               0.00
kn electrostatic=               0.00
partial covalent interactions = 0.00
Energy_Ionisation =             1.29
Entropy Complex =               0.00
-----------------------------------------------------------
Total          = 				  140.53

Now optimizing Residue ARGA248
Optimize Residue ID= ARGA248

BackHbond       =               -227.94
SideHbond       =               -73.71
Energy_VdW      =               -354.77
Electro         =               -11.30
Energy_SolvP    =               488.38
Energy_SolvH    =               -457.22
Energy_vdwclash =               19.33
energy_torsion  =               11.54
backbone_vdwclash=              153.89
Entropy_sidec   =               184.84
Entropy_mainc   =               561.42
water bonds     =               0.00
helix dipole    =               -1.54
loop_entropy    =               0.00
cis_bond        =               0.10
disulfide       =               0.00
kn electrostatic=               0.00
partial covalent interactions = 0.00
Energy_Ionisation =             1.29
Entropy Complex =               0.00
-----------------------------------------------------------
Total          = 				  140.43

Now optimizing Residue ARGA250
Optimize Residue ID= ARGA250

BackHbond       =               -227.94
SideHbond       =               -73.91
Energy_VdW      =               -354.72
Electro         =               -11.31
Energy_SolvP    =               488.30
Energy_SolvH    =               -457.19
Energy_vdwclash =               19.33
energy_torsion  =               11.55
backbone_vdwclash=              153.89
Entropy_sidec   =               184.94
Entropy_mainc   =               561.41
water bonds     =               0.00
helix dipole    =               -1.54
loop_entropy    =               0.00
cis_bond        =               0.10
disulfide       =               0.00
kn electrostatic=               0.00
partial covalent interactions = 0.00
Energy_Ionisation =             1.29
Entropy Complex =               0.00
-----------------------------------------------------------
Total          = 				  140.31

Now optimizing Residue LEUA251
Optimize Residue ID= LEUA251

BackHbond       =               -227.94
SideHbond       =               -73.91
Energy_VdW      =               -354.74
Electro         =               -11.31
Energy_SolvP    =               488.29
Energy_SolvH    =               -457.22
Energy_vdwclash =               19.33
energy_torsion  =               11.55
backbone_vdwclash=              153.89
Entropy_sidec   =               184.96
Entropy_mainc   =               561.41
water bonds     =               0.00
helix dipole    =               -1.54
loop_entropy    =               0.00
cis_bond        =               0.10
disulfide       =               0.00
kn electrostatic=               0.00
partial covalent interactions = 0.00
Energy_Ionisation =             1.29
Entropy Complex =               0.00
-----------------------------------------------------------
Total          = 				  140.26

Now optimizing Residue THRA252
Optimize Residue ID= THRA252

BackHbond       =               -227.94
SideHbond       =               -73.91
Energy_VdW      =               -354.74
Electro         =               -11.31
Energy_SolvP    =               488.29
Energy_SolvH    =               -457.22
Energy_vdwclash =               19.33
energy_torsion  =               11.55
backbone_vdwclash=              153.89
Entropy_sidec   =               184.96
Entropy_mainc   =               561.41
water bonds     =               0.00
helix dipole    =               -1.54
loop_entropy    =               0.00
cis_bond        =               0.10
disulfide       =               0.00
kn electrostatic=               0.00
partial covalent interactions = 0.00
Energy_Ionisation =             1.29
Entropy Complex =               0.00
-----------------------------------------------------------
Total          = 				  140.26

Now optimizing Residue H2SA253
Optimize Residue ID= H2SA253

BackHbond       =               -227.94
SideHbond       =               -73.80
Energy_VdW      =               -354.74
Electro         =               -11.31
Energy_SolvP    =               488.30
Energy_SolvH    =               -457.22
Energy_vdwclash =               19.29
energy_torsion  =               11.29
backbone_vdwclash=              153.89
Entropy_sidec   =               184.96
Entropy_mainc   =               561.41
water bonds     =               0.00
helix dipole    =               -1.54
loop_entropy    =               0.00
cis_bond        =               0.10
disulfide       =               0.00
kn electrostatic=               0.00
partial covalent interactions = 0.00
Energy_Ionisation =             1.29
Entropy Complex =               0.00
-----------------------------------------------------------
Total          = 				  140.10

Now optimizing Residue ASNA254
Optimize Residue ID= ASNA254

BackHbond       =               -227.94
SideHbond       =               -73.80
Energy_VdW      =               -354.74
Electro         =               -11.31
Energy_SolvP    =               488.30
Energy_SolvH    =               -457.22
Energy_vdwclash =               19.29
energy_torsion  =               11.29
backbone_vdwclash=              153.89
Entropy_sidec   =               184.96
Entropy_mainc   =               561.41
water bonds     =               0.00
helix dipole    =               -1.54
loop_entropy    =               0.00
cis_bond        =               0.10
disulfide       =               0.00
kn electrostatic=               0.00
partial covalent interactions = 0.00
Energy_Ionisation =             1.29
Entropy Complex =               0.00
-----------------------------------------------------------
Total          = 				  140.10

Now optimizing Residue PROA256
Optimize Residue ID= PROA256

BackHbond       =               -227.94
SideHbond       =               -73.80
Energy_VdW      =               -354.75
Electro         =               -11.31
Energy_SolvP    =               488.31
Energy_SolvH    =               -457.24
Energy_vdwclash =               19.29
energy_torsion  =               11.29
backbone_vdwclash=              153.89
Entropy_sidec   =               184.96
Entropy_mainc   =               561.42
water bonds     =               0.00
helix dipole    =               -1.54
loop_entropy    =               0.00
cis_bond        =               0.10
disulfide       =               0.00
kn electrostatic=               0.00
partial covalent interactions = 0.00
Energy_Ionisation =             1.29
Entropy Complex =               0.00
-----------------------------------------------------------
Total          = 				  140.09

Now optimizing Residue VALA257
Optimize Residue ID= VALA257

BackHbond       =               -227.94
SideHbond       =               -73.80
Energy_VdW      =               -354.75
Electro         =               -11.31
Energy_SolvP    =               488.31
Energy_SolvH    =               -457.24
Energy_vdwclash =               19.29
energy_torsion  =               11.29
backbone_vdwclash=              153.89
Entropy_sidec   =               184.96
Entropy_mainc   =               561.42
water bonds     =               0.00
helix dipole    =               -1.54
loop_entropy    =               0.00
cis_bond        =               0.10
disulfide       =               0.00
kn electrostatic=               0.00
partial covalent interactions = 0.00
Energy_Ionisation =             1.29
Entropy Complex =               0.00
-----------------------------------------------------------
Total          = 				  140.09

Now optimizing Residue ARGA258
Optimize Residue ID= ARGA258

BackHbond       =               -227.94
SideHbond       =               -73.80
Energy_VdW      =               -354.74
Electro         =               -11.31
Energy_SolvP    =               488.26
Energy_SolvH    =               -457.23
Energy_vdwclash =               19.29
energy_torsion  =               11.29
backbone_vdwclash=              153.89
Entropy_sidec   =               184.95
Entropy_mainc   =               561.42
water bonds     =               0.00
helix dipole    =               -1.54
loop_entropy    =               0.00
cis_bond        =               0.10
disulfide       =               0.00
kn electrostatic=               0.00
partial covalent interactions = 0.00
Energy_Ionisation =             1.29
Entropy Complex =               0.00
-----------------------------------------------------------
Total          = 				  140.05

Now optimizing Residue ARGA259
Optimize Residue ID= ARGA259

BackHbond       =               -227.94
SideHbond       =               -73.80
Energy_VdW      =               -354.73
Electro         =               -11.31
Energy_SolvP    =               488.25
Energy_SolvH    =               -457.23
Energy_vdwclash =               19.29
energy_torsion  =               11.29
backbone_vdwclash=              153.89
Entropy_sidec   =               184.95
Entropy_mainc   =               561.42
water bonds     =               0.00
helix dipole    =               -1.54
loop_entropy    =               0.00
cis_bond        =               0.10
disulfide       =               0.00
kn electrostatic=               0.00
partial covalent interactions = 0.00
Energy_Ionisation =             1.29
Entropy Complex =               0.00
-----------------------------------------------------------
Total          = 				  140.04

Now optimizing Residue SERA260
Optimize Residue ID= SERA260

BackHbond       =               -227.94
SideHbond       =               -73.80
Energy_VdW      =               -354.73
Electro         =               -11.31
Energy_SolvP    =               488.25
Energy_SolvH    =               -457.23
Energy_vdwclash =               19.29
energy_torsion  =               11.29
backbone_vdwclash=              153.89
Entropy_sidec   =               184.95
Entropy_mainc   =               561.42
water bonds     =               0.00
helix dipole    =               -1.54
loop_entropy    =               0.00
cis_bond        =               0.10
disulfide       =               0.00
kn electrostatic=               0.00
partial covalent interactions = 0.00
Energy_Ionisation =             1.29
Entropy Complex =               0.00
-----------------------------------------------------------
Total          = 				  140.04

Now optimizing Residue THRA261
Optimize Residue ID= THRA261

BackHbond       =               -227.92
SideHbond       =               -73.83
Energy_VdW      =               -354.74
Electro         =               -11.31
Energy_SolvP    =               488.27
Energy_SolvH    =               -457.23
Energy_vdwclash =               19.28
energy_torsion  =               11.29
backbone_vdwclash=              153.89
Entropy_sidec   =               184.95
Entropy_mainc   =               561.42
water bonds     =               0.00
helix dipole    =               -1.54
loop_entropy    =               0.00
cis_bond        =               0.10
disulfide       =               0.00
kn electrostatic=               0.00
partial covalent interactions = 0.00
Energy_Ionisation =             1.29
Entropy Complex =               0.00
-----------------------------------------------------------
Total          = 				  140.03

Now optimizing Residue VALA262
Optimize Residue ID= VALA262

BackHbond       =               -227.92
SideHbond       =               -73.83
Energy_VdW      =               -354.75
Electro         =               -11.31
Energy_SolvP    =               488.28
Energy_SolvH    =               -457.24
Energy_vdwclash =               19.28
energy_torsion  =               11.29
backbone_vdwclash=              153.89
Entropy_sidec   =               184.96
Entropy_mainc   =               561.42
water bonds     =               0.00
helix dipole    =               -1.54
loop_entropy    =               0.00
cis_bond        =               0.10
disulfide       =               0.00
kn electrostatic=               0.00
partial covalent interactions = 0.00
Energy_Ionisation =             1.29
Entropy Complex =               0.00
-----------------------------------------------------------
Total          = 				  140.03

Now optimizing Residue ASPA264
Optimize Residue ID= ASPA264

BackHbond       =               -227.92
SideHbond       =               -73.82
Energy_VdW      =               -354.75
Electro         =               -11.32
Energy_SolvP    =               488.29
Energy_SolvH    =               -457.25
Energy_vdwclash =               19.28
energy_torsion  =               11.29
backbone_vdwclash=              153.89
Entropy_sidec   =               184.96
Entropy_mainc   =               561.42
water bonds     =               0.00
helix dipole    =               -1.54
loop_entropy    =               0.00
cis_bond        =               0.10
disulfide       =               0.00
kn electrostatic=               0.00
partial covalent interactions = 0.00
Energy_Ionisation =             1.29
Entropy Complex =               0.00
-----------------------------------------------------------
Total          = 				  140.01

Now optimizing Residue GLNA265
Optimize Residue ID= GLNA265

BackHbond       =               -227.92
SideHbond       =               -73.82
Energy_VdW      =               -354.72
Electro         =               -11.32
Energy_SolvP    =               488.21
Energy_SolvH    =               -457.22
Energy_vdwclash =               19.28
energy_torsion  =               11.29
backbone_vdwclash=              153.89
Entropy_sidec   =               184.91
Entropy_mainc   =               561.43
water bonds     =               0.00
helix dipole    =               -1.54
loop_entropy    =               0.00
cis_bond        =               0.10
disulfide       =               0.00
kn electrostatic=               0.00
partial covalent interactions = 0.00
Energy_Ionisation =             1.29
Entropy Complex =               0.00
-----------------------------------------------------------
Total          = 				  139.96

Now optimizing Residue ILEA266
Optimize Residue ID= ILEA266

BackHbond       =               -227.92
SideHbond       =               -73.82
Energy_VdW      =               -354.73
Electro         =               -11.32
Energy_SolvP    =               488.21
Energy_SolvH    =               -457.23
Energy_vdwclash =               19.28
energy_torsion  =               11.29
backbone_vdwclash=              153.89
Entropy_sidec   =               184.92
Entropy_mainc   =               561.43
water bonds     =               0.00
helix dipole    =               -1.54
loop_entropy    =               0.00
cis_bond        =               0.10
disulfide       =               0.00
kn electrostatic=               0.00
partial covalent interactions = 0.00
Energy_Ionisation =             1.29
Entropy Complex =               0.00
-----------------------------------------------------------
Total          = 				  139.95

Now optimizing Residue PHEA268
Optimize Residue ID= PHEA268

BackHbond       =               -227.92
SideHbond       =               -73.84
Energy_VdW      =               -354.79
Electro         =               -11.35
Energy_SolvP    =               488.24
Energy_SolvH    =               -457.34
Energy_vdwclash =               19.28
energy_torsion  =               11.29
backbone_vdwclash=              153.89
Entropy_sidec   =               184.92
Entropy_mainc   =               561.43
water bonds     =               0.00
helix dipole    =               -1.54
loop_entropy    =               0.00
cis_bond        =               0.10
disulfide       =               0.00
kn electrostatic=               0.00
partial covalent interactions = 0.00
Energy_Ionisation =             1.29
Entropy Complex =               0.00
-----------------------------------------------------------
Total          = 				  139.76

Now optimizing Residue ARGA273
Optimize Residue ID= ARGA273

BackHbond       =               -227.91
SideHbond       =               -74.31
Energy_VdW      =               -354.79
Electro         =               -11.39
Energy_SolvP    =               488.27
Energy_SolvH    =               -457.34
Energy_vdwclash =               18.60
energy_torsion  =               11.29
backbone_vdwclash=              153.89
Entropy_sidec   =               184.84
Entropy_mainc   =               561.42
water bonds     =               0.00
helix dipole    =               -1.54
loop_entropy    =               0.00
cis_bond        =               0.10
disulfide       =               0.00
kn electrostatic=               0.00
partial covalent interactions = 0.00
Energy_Ionisation =             1.29
Entropy Complex =               0.00
-----------------------------------------------------------
Total          = 				  138.52

Now optimizing Residue ASPA277
Optimize Residue ID= ASPA277

BackHbond       =               -227.91
SideHbond       =               -74.36
Energy_VdW      =               -354.79
Electro         =               -11.39
Energy_SolvP    =               488.27
Energy_SolvH    =               -457.34
Energy_vdwclash =               18.60
energy_torsion  =               11.29
backbone_vdwclash=              153.89
Entropy_sidec   =               184.84
Entropy_mainc   =               561.42
water bonds     =               0.00
helix dipole    =               -1.54
loop_entropy    =               0.00
cis_bond        =               0.10
disulfide       =               0.00
kn electrostatic=               0.00
partial covalent interactions = 0.00
Energy_Ionisation =             1.29
Entropy Complex =               0.00
-----------------------------------------------------------
Total          = 				  138.48

Now optimizing Residue SERA280
Optimize Residue ID= SERA280

BackHbond       =               -227.94
SideHbond       =               -74.39
Energy_VdW      =               -354.79
Electro         =               -11.39
Energy_SolvP    =               488.27
Energy_SolvH    =               -457.36
Energy_vdwclash =               18.60
energy_torsion  =               11.28
backbone_vdwclash=              153.89
Entropy_sidec   =               184.84
Entropy_mainc   =               561.42
water bonds     =               0.00
helix dipole    =               -1.54
loop_entropy    =               0.00
cis_bond        =               0.10
disulfide       =               0.00
kn electrostatic=               0.00
partial covalent interactions = 0.00
Energy_Ionisation =             1.29
Entropy Complex =               0.00
-----------------------------------------------------------
Total          = 				  138.39

Now optimizing Residue TYRA281
Optimize Residue ID= TYRA281

BackHbond       =               -227.94
SideHbond       =               -74.39
Energy_VdW      =               -354.82
Electro         =               -11.38
Energy_SolvP    =               488.30
Energy_SolvH    =               -457.38
Energy_vdwclash =               18.41
energy_torsion  =               11.28
backbone_vdwclash=              153.89
Entropy_sidec   =               184.85
Entropy_mainc   =               561.43
water bonds     =               0.00
helix dipole    =               -1.54
loop_entropy    =               0.00
cis_bond        =               0.10
disulfide       =               0.00
kn electrostatic=               0.00
partial covalent interactions = 0.00
Energy_Ionisation =             1.29
Entropy Complex =               0.00
-----------------------------------------------------------
Total          = 				  138.23

Now optimizing Residue ASPA282
Optimize Residue ID= ASPA282

BackHbond       =               -227.97
SideHbond       =               -74.40
Energy_VdW      =               -354.80
Electro         =               -11.38
Energy_SolvP    =               488.25
Energy_SolvH    =               -457.36
Energy_vdwclash =               18.41
energy_torsion  =               11.28
backbone_vdwclash=              153.89
Entropy_sidec   =               184.85
Entropy_mainc   =               561.43
water bonds     =               0.00
helix dipole    =               -1.54
loop_entropy    =               0.00
cis_bond        =               0.10
disulfide       =               0.00
kn electrostatic=               0.00
partial covalent interactions = 0.00
Energy_Ionisation =             1.29
Entropy Complex =               0.00
-----------------------------------------------------------
Total          = 				  138.18

Now optimizing Residue PHEA283
Optimize Residue ID= PHEA283

BackHbond       =               -227.97
SideHbond       =               -74.40
Energy_VdW      =               -354.82
Electro         =               -11.40
Energy_SolvP    =               488.25
Energy_SolvH    =               -457.40
Energy_vdwclash =               18.41
energy_torsion  =               11.28
backbone_vdwclash=              153.89
Entropy_sidec   =               184.87
Entropy_mainc   =               561.43
water bonds     =               0.00
helix dipole    =               -1.54
loop_entropy    =               0.00
cis_bond        =               0.10
disulfide       =               0.00
kn electrostatic=               0.00
partial covalent interactions = 0.00
Energy_Ionisation =             1.29
Entropy Complex =               0.00
-----------------------------------------------------------
Total          = 				  138.12

Now optimizing Residue PHEA284
Optimize Residue ID= PHEA284

BackHbond       =               -227.97
SideHbond       =               -74.40
Energy_VdW      =               -354.83
Electro         =               -11.42
Energy_SolvP    =               488.27
Energy_SolvH    =               -457.43
Energy_vdwclash =               18.41
energy_torsion  =               11.28
backbone_vdwclash=              153.89
Entropy_sidec   =               184.89
Entropy_mainc   =               561.43
water bonds     =               0.00
helix dipole    =               -1.54
loop_entropy    =               0.00
cis_bond        =               0.10
disulfide       =               0.00
kn electrostatic=               0.00
partial covalent interactions = 0.00
Energy_Ionisation =             1.29
Entropy Complex =               0.00
-----------------------------------------------------------
Total          = 				  138.10

Now optimizing Residue SERA285
Optimize Residue ID= SERA285

BackHbond       =               -227.93
SideHbond       =               -74.34
Energy_VdW      =               -354.84
Electro         =               -11.42
Energy_SolvP    =               488.27
Energy_SolvH    =               -457.43
Energy_vdwclash =               18.41
energy_torsion  =               11.05
backbone_vdwclash=              153.89
Entropy_sidec   =               184.89
Entropy_mainc   =               561.44
water bonds     =               0.00
helix dipole    =               -1.54
loop_entropy    =               0.00
cis_bond        =               0.10
disulfide       =               0.00
kn electrostatic=               0.00
partial covalent interactions = 0.00
Energy_Ionisation =             1.29
Entropy Complex =               0.00
-----------------------------------------------------------
Total          = 				  137.97

Now optimizing Residue GLUA287
Optimize Residue ID= GLUA287

BackHbond       =               -227.93
SideHbond       =               -74.34
Energy_VdW      =               -354.83
Electro         =               -11.44
Energy_SolvP    =               488.25
Energy_SolvH    =               -457.43
Energy_vdwclash =               18.41
energy_torsion  =               11.05
backbone_vdwclash=              153.89
Entropy_sidec   =               184.89
Entropy_mainc   =               561.44
water bonds     =               0.00
helix dipole    =               -1.54
loop_entropy    =               0.00
cis_bond        =               0.10
disulfide       =               0.00
kn electrostatic=               0.00
partial covalent interactions = 0.00
Energy_Ionisation =             1.29
Entropy Complex =               0.00
-----------------------------------------------------------
Total          = 				  137.93

Now optimizing Residue SERA291
Optimize Residue ID= SERA291

BackHbond       =               -227.95
SideHbond       =               -74.35
Energy_VdW      =               -354.84
Electro         =               -11.44
Energy_SolvP    =               488.26
Energy_SolvH    =               -457.43
Energy_vdwclash =               18.41
energy_torsion  =               11.05
backbone_vdwclash=              153.89
Entropy_sidec   =               184.89
Entropy_mainc   =               561.44
water bonds     =               0.00
helix dipole    =               -1.54
loop_entropy    =               0.00
cis_bond        =               0.10
disulfide       =               0.00
kn electrostatic=               0.00
partial covalent interactions = 0.00
Energy_Ionisation =             1.29
Entropy Complex =               0.00
-----------------------------------------------------------
Total          = 				  137.91

Now optimizing Residue GLUA293
Optimize Residue ID= GLUA293

BackHbond       =               -227.95
SideHbond       =               -74.35
Energy_VdW      =               -354.83
Electro         =               -11.45
Energy_SolvP    =               488.23
Energy_SolvH    =               -457.42
Energy_vdwclash =               18.41
energy_torsion  =               11.05
backbone_vdwclash=              153.89
Entropy_sidec   =               184.89
Entropy_mainc   =               561.44
water bonds     =               0.00
helix dipole    =               -1.54
loop_entropy    =               0.00
cis_bond        =               0.10
disulfide       =               0.00
kn electrostatic=               0.00
partial covalent interactions = 0.00
Energy_Ionisation =             1.29
Entropy Complex =               0.00
-----------------------------------------------------------
Total          = 				  137.89

Now optimizing Residue ASPA295
Optimize Residue ID= ASPA295

BackHbond       =               -227.95
SideHbond       =               -74.49
Energy_VdW      =               -354.81
Electro         =               -11.42
Energy_SolvP    =               488.20
Energy_SolvH    =               -457.41
Energy_vdwclash =               18.41
energy_torsion  =               11.05
backbone_vdwclash=              153.89
Entropy_sidec   =               184.90
Entropy_mainc   =               561.44
water bonds     =               0.00
helix dipole    =               -1.54
loop_entropy    =               0.00
cis_bond        =               0.10
disulfide       =               0.00
kn electrostatic=               0.00
partial covalent interactions = 0.00
Energy_Ionisation =             1.29
Entropy Complex =               0.00
-----------------------------------------------------------
Total          = 				  137.78

Now optimizing Residue THRA296
Optimize Residue ID= THRA296

BackHbond       =               -227.95
SideHbond       =               -74.51
Energy_VdW      =               -354.83
Electro         =               -11.42
Energy_SolvP    =               488.23
Energy_SolvH    =               -457.43
Energy_vdwclash =               18.41
energy_torsion  =               11.05
backbone_vdwclash=              153.89
Entropy_sidec   =               184.90
Entropy_mainc   =               561.44
water bonds     =               0.00
helix dipole    =               -1.54
loop_entropy    =               0.00
cis_bond        =               0.10
disulfide       =               0.00
kn electrostatic=               0.00
partial covalent interactions = 0.00
Energy_Ionisation =             1.29
Entropy Complex =               0.00
-----------------------------------------------------------
Total          = 				  137.76

Now optimizing Residue SERA297
Optimize Residue ID= SERA297

BackHbond       =               -227.95
SideHbond       =               -74.55
Energy_VdW      =               -354.84
Electro         =               -11.42
Energy_SolvP    =               488.25
Energy_SolvH    =               -457.43
Energy_vdwclash =               18.41
energy_torsion  =               11.05
backbone_vdwclash=              153.89
Entropy_sidec   =               184.90
Entropy_mainc   =               561.44
water bonds     =               0.00
helix dipole    =               -1.54
loop_entropy    =               0.00
cis_bond        =               0.10
disulfide       =               0.00
kn electrostatic=               0.00
partial covalent interactions = 0.00
Energy_Ionisation =             1.29
Entropy Complex =               0.00
-----------------------------------------------------------
Total          = 				  137.74

Now optimizing Residue VALA298
Optimize Residue ID= VALA298

BackHbond       =               -227.95
SideHbond       =               -74.55
Energy_VdW      =               -354.84
Electro         =               -11.42
Energy_SolvP    =               488.24
Energy_SolvH    =               -457.44
Energy_vdwclash =               18.42
energy_torsion  =               11.05
backbone_vdwclash=              153.89
Entropy_sidec   =               184.90
Entropy_mainc   =               561.44
water bonds     =               0.00
helix dipole    =               -1.54
loop_entropy    =               0.00
cis_bond        =               0.10
disulfide       =               0.00
kn electrostatic=               0.00
partial covalent interactions = 0.00
Energy_Ionisation =             1.29
Entropy Complex =               0.00
-----------------------------------------------------------
Total          = 				  137.71

Now optimizing Residue H2SA299
Optimize Residue ID= H2SA299

BackHbond       =               -227.95
SideHbond       =               -74.61
Energy_VdW      =               -354.90
Electro         =               -11.42
Energy_SolvP    =               488.30
Energy_SolvH    =               -457.51
Energy_vdwclash =               18.42
energy_torsion  =               11.05
backbone_vdwclash=              153.89
Entropy_sidec   =               184.90
Entropy_mainc   =               561.45
water bonds     =               0.00
helix dipole    =               -1.54
loop_entropy    =               0.00
cis_bond        =               0.10
disulfide       =               0.00
kn electrostatic=               0.00
partial covalent interactions = 0.00
Energy_Ionisation =             1.29
Entropy Complex =               0.00
-----------------------------------------------------------
Total          = 				  137.58

Now optimizing Residue THRA300
Optimize Residue ID= THRA300

BackHbond       =               -227.95
SideHbond       =               -74.61
Energy_VdW      =               -354.90
Electro         =               -11.42
Energy_SolvP    =               488.28
Energy_SolvH    =               -457.51
Energy_vdwclash =               18.42
energy_torsion  =               11.05
backbone_vdwclash=              153.89
Entropy_sidec   =               184.90
Entropy_mainc   =               561.45
water bonds     =               0.00
helix dipole    =               -1.54
loop_entropy    =               0.00
cis_bond        =               0.10
disulfide       =               0.00
kn electrostatic=               0.00
partial covalent interactions = 0.00
Energy_Ionisation =             1.29
Entropy Complex =               0.00
-----------------------------------------------------------
Total          = 				  137.57

Now optimizing Residue ASPA302
Optimize Residue ID= ASPA302

BackHbond       =               -227.92
SideHbond       =               -74.58
Energy_VdW      =               -354.88
Electro         =               -11.42
Energy_SolvP    =               488.23
Energy_SolvH    =               -457.51
Energy_vdwclash =               18.42
energy_torsion  =               10.92
backbone_vdwclash=              153.89
Entropy_sidec   =               184.89
Entropy_mainc   =               561.45
water bonds     =               0.00
helix dipole    =               -1.54
loop_entropy    =               0.00
cis_bond        =               0.10
disulfide       =               0.00
kn electrostatic=               0.00
partial covalent interactions = 0.00
Energy_Ionisation =             1.29
Entropy Complex =               0.00
-----------------------------------------------------------
Total          = 				  137.46

Now optimizing Residue GLNA304
Optimize Residue ID= GLNA304

BackHbond       =               -227.92
SideHbond       =               -74.58
Energy_VdW      =               -354.88
Electro         =               -11.42
Energy_SolvP    =               488.21
Energy_SolvH    =               -457.50
Energy_vdwclash =               18.42
energy_torsion  =               10.92
backbone_vdwclash=              153.89
Entropy_sidec   =               184.89
Entropy_mainc   =               561.45
water bonds     =               0.00
helix dipole    =               -1.54
loop_entropy    =               0.00
cis_bond        =               0.10
disulfide       =               0.00
kn electrostatic=               0.00
partial covalent interactions = 0.00
Energy_Ionisation =             1.29
Entropy Complex =               0.00
-----------------------------------------------------------
Total          = 				  137.45

Now optimizing Residue LYSA305
Optimize Residue ID= LYSA305

BackHbond       =               -227.93
SideHbond       =               -74.59
Energy_VdW      =               -354.87
Electro         =               -11.42
Energy_SolvP    =               488.19
Energy_SolvH    =               -457.50
Energy_vdwclash =               18.42
energy_torsion  =               10.92
backbone_vdwclash=              153.89
Entropy_sidec   =               184.90
Entropy_mainc   =               561.45
water bonds     =               0.00
helix dipole    =               -1.54
loop_entropy    =               0.00
cis_bond        =               0.10
disulfide       =               0.00
kn electrostatic=               0.00
partial covalent interactions = 0.00
Energy_Ionisation =             1.29
Entropy Complex =               0.00
-----------------------------------------------------------
Total          = 				  137.41

Now optimizing Residue H2SA306
Optimize Residue ID= H2SA306

BackHbond       =               -227.94
SideHbond       =               -74.59
Energy_VdW      =               -354.90
Electro         =               -11.42
Energy_SolvP    =               488.18
Energy_SolvH    =               -457.54
Energy_vdwclash =               18.42
energy_torsion  =               10.91
backbone_vdwclash=              153.89
Entropy_sidec   =               184.90
Entropy_mainc   =               561.45
water bonds     =               0.00
helix dipole    =               -1.54
loop_entropy    =               0.00
cis_bond        =               0.10
disulfide       =               0.00
kn electrostatic=               0.00
partial covalent interactions = 0.00
Energy_Ionisation =             1.29
Entropy Complex =               0.00
-----------------------------------------------------------
Total          = 				  137.34

Now optimizing Residue LYSA307
Optimize Residue ID= LYSA307

BackHbond       =               -227.97
SideHbond       =               -74.59
Energy_VdW      =               -354.90
Electro         =               -11.42
Energy_SolvP    =               488.17
Energy_SolvH    =               -457.55
Energy_vdwclash =               18.38
energy_torsion  =               10.91
backbone_vdwclash=              153.89
Entropy_sidec   =               184.90
Entropy_mainc   =               561.45
water bonds     =               0.00
helix dipole    =               -1.54
loop_entropy    =               0.00
cis_bond        =               0.10
disulfide       =               0.00
kn electrostatic=               0.00
partial covalent interactions = 0.00
Energy_Ionisation =             1.29
Entropy Complex =               0.00
-----------------------------------------------------------
Total          = 				  137.25

Now optimizing Residue SERA313
Optimize Residue ID= SERA313

BackHbond       =               -227.97
SideHbond       =               -74.58
Energy_VdW      =               -354.90
Electro         =               -11.41
Energy_SolvP    =               488.18
Energy_SolvH    =               -457.55
Energy_vdwclash =               18.16
energy_torsion  =               10.91
backbone_vdwclash=              153.89
Entropy_sidec   =               184.90
Entropy_mainc   =               561.45
water bonds     =               0.00
helix dipole    =               -1.54
loop_entropy    =               0.00
cis_bond        =               0.10
disulfide       =               0.00
kn electrostatic=               0.00
partial covalent interactions = 0.00
Energy_Ionisation =             1.29
Entropy Complex =               0.00
-----------------------------------------------------------
Total          = 				  137.05

Now optimizing Residue ASPA314
Optimize Residue ID= ASPA314

BackHbond       =               -227.97
SideHbond       =               -74.58
Energy_VdW      =               -354.90
Electro         =               -11.37
Energy_SolvP    =               488.13
Energy_SolvH    =               -457.55
Energy_vdwclash =               17.95
energy_torsion  =               10.88
backbone_vdwclash=              153.89
Entropy_sidec   =               184.90
Entropy_mainc   =               561.45
water bonds     =               0.00
helix dipole    =               -1.54
loop_entropy    =               0.00
cis_bond        =               0.10
disulfide       =               0.00
kn electrostatic=               0.00
partial covalent interactions = 0.00
Energy_Ionisation =             1.29
Entropy Complex =               0.00
-----------------------------------------------------------
Total          = 				  136.79

Now optimizing Residue TRPA317
Optimize Residue ID= TRPA317

BackHbond       =               -227.98
SideHbond       =               -74.58
Energy_VdW      =               -354.91
Electro         =               -11.37
Energy_SolvP    =               488.11
Energy_SolvH    =               -457.57
Energy_vdwclash =               17.81
energy_torsion  =               10.88
backbone_vdwclash=              153.88
Entropy_sidec   =               184.90
Entropy_mainc   =               561.44
water bonds     =               0.00
helix dipole    =               -1.54
loop_entropy    =               0.00
cis_bond        =               0.10
disulfide       =               0.00
kn electrostatic=               0.00
partial covalent interactions = 0.00
Energy_Ionisation =             1.29
Entropy Complex =               0.00
-----------------------------------------------------------
Total          = 				  136.58

Now optimizing Residue ASNA318
Optimize Residue ID= ASNA318

BackHbond       =               -227.98
SideHbond       =               -74.58
Energy_VdW      =               -354.89
Electro         =               -11.37
Energy_SolvP    =               488.07
Energy_SolvH    =               -457.55
Energy_vdwclash =               17.71
energy_torsion  =               10.88
backbone_vdwclash=              153.88
Entropy_sidec   =               184.88
Entropy_mainc   =               561.44
water bonds     =               0.00
helix dipole    =               -1.54
loop_entropy    =               0.00
cis_bond        =               0.10
disulfide       =               0.00
kn electrostatic=               0.00
partial covalent interactions = 0.00
Energy_Ionisation =             1.29
Entropy Complex =               0.00
-----------------------------------------------------------
Total          = 				  136.48

Now optimizing Residue META319
Optimize Residue ID= META319

BackHbond       =               -227.98
SideHbond       =               -74.58
Energy_VdW      =               -354.89
Electro         =               -11.37
Energy_SolvP    =               488.07
Energy_SolvH    =               -457.56
Energy_vdwclash =               17.21
energy_torsion  =               10.88
backbone_vdwclash=              153.88
Entropy_sidec   =               184.88
Entropy_mainc   =               561.44
water bonds     =               0.00
helix dipole    =               -1.54
loop_entropy    =               0.00
cis_bond        =               0.10
disulfide       =               0.00
kn electrostatic=               0.00
partial covalent interactions = 0.00
Energy_Ionisation =             1.29
Entropy Complex =               0.00
-----------------------------------------------------------
Total          = 				  135.95

Now optimizing Residue PROA321
Optimize Residue ID= PROA321

BackHbond       =               -227.98
SideHbond       =               -74.58
Energy_VdW      =               -354.89
Electro         =               -11.37
Energy_SolvP    =               488.07
Energy_SolvH    =               -457.57
Energy_vdwclash =               17.20
energy_torsion  =               10.88
backbone_vdwclash=              153.88
Entropy_sidec   =               184.88
Entropy_mainc   =               561.44
water bonds     =               0.00
helix dipole    =               -1.54
loop_entropy    =               0.00
cis_bond        =               0.10
disulfide       =               0.00
kn electrostatic=               0.00
partial covalent interactions = 0.00
Energy_Ionisation =             1.29
Entropy Complex =               0.00
-----------------------------------------------------------
Total          = 				  135.94

Now optimizing Residue PROA322
Optimize Residue ID= PROA322

BackHbond       =               -227.98
SideHbond       =               -74.58
Energy_VdW      =               -354.90
Electro         =               -11.37
Energy_SolvP    =               488.07
Energy_SolvH    =               -457.57
Energy_vdwclash =               17.20
energy_torsion  =               10.88
backbone_vdwclash=              153.88
Entropy_sidec   =               184.88
Entropy_mainc   =               561.44
water bonds     =               0.00
helix dipole    =               -1.54
loop_entropy    =               0.00
cis_bond        =               0.10
disulfide       =               0.00
kn electrostatic=               0.00
partial covalent interactions = 0.00
Energy_Ionisation =             1.29
Entropy Complex =               0.00
-----------------------------------------------------------
Total          = 				  135.94

Now optimizing Residue GLNA323
Optimize Residue ID= GLNA323

BackHbond       =               -227.96
SideHbond       =               -74.73
Energy_VdW      =               -354.89
Electro         =               -11.37
Energy_SolvP    =               488.07
Energy_SolvH    =               -457.57
Energy_vdwclash =               17.21
energy_torsion  =               10.88
backbone_vdwclash=              153.88
Entropy_sidec   =               184.88
Entropy_mainc   =               561.44
water bonds     =               0.00
helix dipole    =               -1.54
loop_entropy    =               0.00
cis_bond        =               0.10
disulfide       =               0.00
kn electrostatic=               0.00
partial covalent interactions = 0.00
Energy_Ionisation =             1.29
Entropy Complex =               0.00
-----------------------------------------------------------
Total          = 				  135.82

Now optimizing Residue ASPA324
Optimize Residue ID= ASPA324

BackHbond       =               -227.96
SideHbond       =               -74.75
Energy_VdW      =               -354.90
Electro         =               -11.37
Energy_SolvP    =               488.08
Energy_SolvH    =               -457.57
Energy_vdwclash =               17.21
energy_torsion  =               10.88
backbone_vdwclash=              153.89
Entropy_sidec   =               184.88
Entropy_mainc   =               561.44
water bonds     =               0.00
helix dipole    =               -1.54
loop_entropy    =               0.00
cis_bond        =               0.10
disulfide       =               0.00
kn electrostatic=               0.00
partial covalent interactions = 0.00
Energy_Ionisation =             1.29
Entropy Complex =               0.00
-----------------------------------------------------------
Total          = 				  135.80

Now optimizing Residue SERA327
Optimize Residue ID= SERA327

BackHbond       =               -227.96
SideHbond       =               -74.73
Energy_VdW      =               -354.89
Electro         =               -11.37
Energy_SolvP    =               488.07
Energy_SolvH    =               -457.57
Energy_vdwclash =               17.16
energy_torsion  =               10.88
backbone_vdwclash=              153.88
Entropy_sidec   =               184.88
Entropy_mainc   =               561.44
water bonds     =               0.00
helix dipole    =               -1.54
loop_entropy    =               0.00
cis_bond        =               0.10
disulfide       =               0.00
kn electrostatic=               0.00
partial covalent interactions = 0.00
Energy_Ionisation =             1.29
Entropy Complex =               0.00
-----------------------------------------------------------
Total          = 				  135.77

Now optimizing Residue GLNA330
Optimize Residue ID= GLNA330

BackHbond       =               -227.96
SideHbond       =               -74.82
Energy_VdW      =               -354.90
Electro         =               -11.37
Energy_SolvP    =               488.08
Energy_SolvH    =               -457.58
Energy_vdwclash =               17.16
energy_torsion  =               10.88
backbone_vdwclash=              153.88
Entropy_sidec   =               184.92
Entropy_mainc   =               561.44
water bonds     =               0.00
helix dipole    =               -1.54
loop_entropy    =               0.00
cis_bond        =               0.10
disulfide       =               0.00
kn electrostatic=               0.00
partial covalent interactions = 0.00
Energy_Ionisation =             1.29
Entropy Complex =               0.00
-----------------------------------------------------------
Total          = 				  135.71

Now optimizing Residue ASPA331
Optimize Residue ID= ASPA331

BackHbond       =               -227.96
SideHbond       =               -74.82
Energy_VdW      =               -354.90
Electro         =               -11.36
Energy_SolvP    =               488.08
Energy_SolvH    =               -457.58
Energy_vdwclash =               17.02
energy_torsion  =               10.88
backbone_vdwclash=              153.89
Entropy_sidec   =               184.92
Entropy_mainc   =               561.44
water bonds     =               0.00
helix dipole    =               -1.54
loop_entropy    =               0.00
cis_bond        =               0.10
disulfide       =               0.00
kn electrostatic=               0.00
partial covalent interactions = 0.00
Energy_Ionisation =             1.29
Entropy Complex =               0.00
-----------------------------------------------------------
Total          = 				  135.56

Now optimizing Residue GLNA332
Optimize Residue ID= GLNA332

BackHbond       =               -227.98
SideHbond       =               -74.84
Energy_VdW      =               -354.90
Electro         =               -11.36
Energy_SolvP    =               488.04
Energy_SolvH    =               -457.60
Energy_vdwclash =               17.02
energy_torsion  =               10.88
backbone_vdwclash=              153.84
Entropy_sidec   =               184.95
Entropy_mainc   =               561.44
water bonds     =               0.00
helix dipole    =               -1.54
loop_entropy    =               0.00
cis_bond        =               0.10
disulfide       =               0.00
kn electrostatic=               0.00
partial covalent interactions = 0.00
Energy_Ionisation =             1.29
Entropy Complex =               0.00
-----------------------------------------------------------
Total          = 				  135.51

Now optimizing Residue GLUA333
Optimize Residue ID= GLUA333

BackHbond       =               -227.98
SideHbond       =               -74.85
Energy_VdW      =               -354.91
Electro         =               -11.38
Energy_SolvP    =               488.07
Energy_SolvH    =               -457.61
Energy_vdwclash =               17.02
energy_torsion  =               10.88
backbone_vdwclash=              153.84
Entropy_sidec   =               184.95
Entropy_mainc   =               561.44
water bonds     =               0.00
helix dipole    =               -1.56
loop_entropy    =               0.00
cis_bond        =               0.10
disulfide       =               0.00
kn electrostatic=               0.00
partial covalent interactions = 0.00
Energy_Ionisation =             1.29
Entropy Complex =               0.00
-----------------------------------------------------------
Total          = 				  135.47

Now optimizing Residue GLUA334
Optimize Residue ID= GLUA334

BackHbond       =               -227.98
SideHbond       =               -74.85
Energy_VdW      =               -354.90
Electro         =               -11.38
Energy_SolvP    =               488.02
Energy_SolvH    =               -457.61
Energy_vdwclash =               17.02
energy_torsion  =               10.87
backbone_vdwclash=              153.84
Entropy_sidec   =               184.94
Entropy_mainc   =               561.44
water bonds     =               0.00
helix dipole    =               -1.56
loop_entropy    =               0.00
cis_bond        =               0.10
disulfide       =               0.00
kn electrostatic=               0.00
partial covalent interactions = 0.00
Energy_Ionisation =             1.29
Entropy Complex =               0.00
-----------------------------------------------------------
Total          = 				  135.41

Now optimizing Residue LYSA335
Optimize Residue ID= LYSA335

BackHbond       =               -227.98
SideHbond       =               -75.38
Energy_VdW      =               -354.89
Electro         =               -11.37
Energy_SolvP    =               487.89
Energy_SolvH    =               -457.60
Energy_vdwclash =               17.00
energy_torsion  =               10.87
backbone_vdwclash=              153.83
Entropy_sidec   =               185.38
Entropy_mainc   =               561.44
water bonds     =               0.00
helix dipole    =               -1.56
loop_entropy    =               0.00
cis_bond        =               0.10
disulfide       =               0.00
kn electrostatic=               0.00
partial covalent interactions = 0.00
Energy_Ionisation =             1.29
Entropy Complex =               0.00
-----------------------------------------------------------
Total          = 				  135.19

Now optimizing Residue LYSA336
Optimize Residue ID= LYSA336

BackHbond       =               -227.98
SideHbond       =               -75.38
Energy_VdW      =               -354.89
Electro         =               -11.37
Energy_SolvP    =               487.89
Energy_SolvH    =               -457.61
Energy_vdwclash =               17.00
energy_torsion  =               10.87
backbone_vdwclash=              153.83
Entropy_sidec   =               185.38
Entropy_mainc   =               561.44
water bonds     =               0.00
helix dipole    =               -1.56
loop_entropy    =               0.00
cis_bond        =               0.10
disulfide       =               0.00
kn electrostatic=               0.00
partial covalent interactions = 0.00
Energy_Ionisation =             1.29
Entropy Complex =               0.00
-----------------------------------------------------------
Total          = 				  135.18

Now optimizing Residue TYRA337
Optimize Residue ID= TYRA337

BackHbond       =               -227.98
SideHbond       =               -75.38
Energy_VdW      =               -354.92
Electro         =               -11.37
Energy_SolvP    =               487.89
Energy_SolvH    =               -457.66
Energy_vdwclash =               17.00
energy_torsion  =               10.87
backbone_vdwclash=              153.84
Entropy_sidec   =               185.40
Entropy_mainc   =               561.44
water bonds     =               0.00
helix dipole    =               -1.56
loop_entropy    =               0.00
cis_bond        =               0.10
disulfide       =               0.00
kn electrostatic=               0.00
partial covalent interactions = 0.00
Energy_Ionisation =             1.29
Entropy Complex =               0.00
-----------------------------------------------------------
Total          = 				  135.12

Now optimizing Residue LEUA338
Optimize Residue ID= LEUA338

BackHbond       =               -227.98
SideHbond       =               -75.38
Energy_VdW      =               -354.95
Electro         =               -11.37
Energy_SolvP    =               487.90
Energy_SolvH    =               -457.73
Energy_vdwclash =               17.00
energy_torsion  =               10.87
backbone_vdwclash=              153.84
Entropy_sidec   =               185.43
Entropy_mainc   =               561.44
water bonds     =               0.00
helix dipole    =               -1.56
loop_entropy    =               0.00
cis_bond        =               0.10
disulfide       =               0.00
kn electrostatic=               0.00
partial covalent interactions = 0.00
Energy_Ionisation =             1.29
Entropy Complex =               0.00
-----------------------------------------------------------
Total          = 				  135.06

Now optimizing Residue META339
Optimize Residue ID= META339

BackHbond       =               -227.98
SideHbond       =               -75.38
Energy_VdW      =               -354.97
Electro         =               -11.37
Energy_SolvP    =               487.91
Energy_SolvH    =               -457.76
Energy_vdwclash =               17.00
energy_torsion  =               10.87
backbone_vdwclash=              153.85
Entropy_sidec   =               185.44
Entropy_mainc   =               561.44
water bonds     =               0.00
helix dipole    =               -1.56
loop_entropy    =               0.00
cis_bond        =               0.10
disulfide       =               0.00
kn electrostatic=               0.00
partial covalent interactions = 0.00
Energy_Ionisation =             1.29
Entropy Complex =               0.00
-----------------------------------------------------------
Total          = 				  135.03

Now optimizing Residue GLUA341
Optimize Residue ID= GLUA341

BackHbond       =               -227.98
SideHbond       =               -75.38
Energy_VdW      =               -354.97
Electro         =               -11.37
Energy_SolvP    =               487.91
Energy_SolvH    =               -457.77
Energy_vdwclash =               17.00
energy_torsion  =               10.87
backbone_vdwclash=              153.85
Entropy_sidec   =               185.44
Entropy_mainc   =               561.44
water bonds     =               0.00
helix dipole    =               -1.56
loop_entropy    =               0.00
cis_bond        =               0.10
disulfide       =               0.00
kn electrostatic=               0.00
partial covalent interactions = 0.00
Energy_Ionisation =             1.29
Entropy Complex =               0.00
-----------------------------------------------------------
Total          = 				  135.02

Now optimizing Residue HISA342
Optimize Residue ID= HISA342

BackHbond       =               -227.98
SideHbond       =               -75.38
Energy_VdW      =               -354.96
Electro         =               -11.37
Energy_SolvP    =               487.84
Energy_SolvH    =               -457.76
Energy_vdwclash =               16.95
energy_torsion  =               10.87
backbone_vdwclash=              153.85
Entropy_sidec   =               185.43
Entropy_mainc   =               561.44
water bonds     =               0.00
helix dipole    =               -1.56
loop_entropy    =               0.00
cis_bond        =               0.10
disulfide       =               0.00
kn electrostatic=               0.00
partial covalent interactions = 0.00
Energy_Ionisation =             1.29
Entropy Complex =               0.00
-----------------------------------------------------------
Total          = 				  134.93

Now optimizing Residue GLNA344
Optimize Residue ID= GLNA344

BackHbond       =               -227.98
SideHbond       =               -75.38
Energy_VdW      =               -354.94
Electro         =               -11.37
Energy_SolvP    =               487.81
Energy_SolvH    =               -457.75
Energy_vdwclash =               16.95
energy_torsion  =               10.87
backbone_vdwclash=              153.84
Entropy_sidec   =               185.41
Entropy_mainc   =               561.44
water bonds     =               0.00
helix dipole    =               -1.56
loop_entropy    =               0.00
cis_bond        =               0.10
disulfide       =               0.00
kn electrostatic=               0.00
partial covalent interactions = 0.00
Energy_Ionisation =             1.29
Entropy Complex =               0.00
-----------------------------------------------------------
Total          = 				  134.91

Now optimizing Residue SERA345
Optimize Residue ID= SERA345

BackHbond       =               -228.01
SideHbond       =               -75.41
Energy_VdW      =               -354.94
Electro         =               -11.37
Energy_SolvP    =               487.81
Energy_SolvH    =               -457.75
Energy_vdwclash =               16.95
energy_torsion  =               10.87
backbone_vdwclash=              153.84
Entropy_sidec   =               185.44
Entropy_mainc   =               561.44
water bonds     =               0.00
helix dipole    =               -1.56
loop_entropy    =               0.00
cis_bond        =               0.10
disulfide       =               0.00
kn electrostatic=               0.00
partial covalent interactions = 0.00
Energy_Ionisation =             1.29
Entropy Complex =               0.00
-----------------------------------------------------------
Total          = 				  134.88

Now optimizing Residue CYSA346
Optimize Residue ID= CYSA346

BackHbond       =               -228.01
SideHbond       =               -75.41
Energy_VdW      =               -354.96
Electro         =               -11.37
Energy_SolvP    =               487.81
Energy_SolvH    =               -457.77
Energy_vdwclash =               16.95
energy_torsion  =               10.87
backbone_vdwclash=              153.84
Entropy_sidec   =               185.45
Entropy_mainc   =               561.44
water bonds     =               0.00
helix dipole    =               -1.56
loop_entropy    =               0.00
cis_bond        =               0.10
disulfide       =               0.00
kn electrostatic=               0.00
partial covalent interactions = 0.00
Energy_Ionisation =             1.29
Entropy Complex =               0.00
-----------------------------------------------------------
Total          = 				  134.85

Now optimizing Residue LYSA348
Optimize Residue ID= LYSA348

BackHbond       =               -228.01
SideHbond       =               -75.41
Energy_VdW      =               -354.98
Electro         =               -11.37
Energy_SolvP    =               487.81
Energy_SolvH    =               -457.80
Energy_vdwclash =               16.95
energy_torsion  =               10.87
backbone_vdwclash=              153.84
Entropy_sidec   =               185.47
Entropy_mainc   =               561.44
water bonds     =               0.00
helix dipole    =               -1.56
loop_entropy    =               0.00
cis_bond        =               0.10
disulfide       =               0.00
kn electrostatic=               0.00
partial covalent interactions = 0.00
Energy_Ionisation =             1.29
Entropy Complex =               0.00
-----------------------------------------------------------
Total          = 				  134.82

Now optimizing Residue ASNA352
Optimize Residue ID= ASNA352

BackHbond       =               -228.01
SideHbond       =               -75.43
Energy_VdW      =               -355.00
Electro         =               -11.37
Energy_SolvP    =               487.85
Energy_SolvH    =               -457.82
Energy_vdwclash =               16.95
energy_torsion  =               10.87
backbone_vdwclash=              153.84
Entropy_sidec   =               185.49
Entropy_mainc   =               561.44
water bonds     =               0.00
helix dipole    =               -1.56
loop_entropy    =               0.00
cis_bond        =               0.10
disulfide       =               0.00
kn electrostatic=               0.00
partial covalent interactions = 0.00
Energy_Ionisation =             1.29
Entropy Complex =               0.00
-----------------------------------------------------------
Total          = 				  134.80

Now optimizing Residue ARGA353
Optimize Residue ID= ARGA353

BackHbond       =               -228.00
SideHbond       =               -75.43
Energy_VdW      =               -354.89
Electro         =               -11.47
Energy_SolvP    =               487.57
Energy_SolvH    =               -457.78
Energy_vdwclash =               16.94
energy_torsion  =               10.87
backbone_vdwclash=              153.84
Entropy_sidec   =               185.42
Entropy_mainc   =               561.44
water bonds     =               0.00
helix dipole    =               -1.55
loop_entropy    =               0.00
cis_bond        =               0.10
disulfide       =               0.00
kn electrostatic=               0.00
partial covalent interactions = 0.00
Energy_Ionisation =             1.29
Entropy Complex =               0.00
-----------------------------------------------------------
Total          = 				  134.52

Now optimizing Residue ARGA357
Optimize Residue ID= ARGA357

BackHbond       =               -227.99
SideHbond       =               -75.75
Energy_VdW      =               -354.80
Electro         =               -11.46
Energy_SolvP    =               487.43
Energy_SolvH    =               -457.73
Energy_vdwclash =               16.94
energy_torsion  =               10.87
backbone_vdwclash=              153.83
Entropy_sidec   =               185.40
Entropy_mainc   =               561.44
water bonds     =               0.00
helix dipole    =               -1.57
loop_entropy    =               0.00
cis_bond        =               0.10
disulfide       =               0.00
kn electrostatic=               0.00
partial covalent interactions = 0.00
Energy_Ionisation =             1.29
Entropy Complex =               0.00
-----------------------------------------------------------
Total          = 				  134.19

Now optimizing Residue ARGA359
Optimize Residue ID= ARGA359

BackHbond       =               -227.98
SideHbond       =               -75.75
Energy_VdW      =               -354.73
Electro         =               -11.46
Energy_SolvP    =               487.28
Energy_SolvH    =               -457.68
Energy_vdwclash =               16.94
energy_torsion  =               10.87
backbone_vdwclash=              153.76
Entropy_sidec   =               185.36
Entropy_mainc   =               561.44
water bonds     =               0.00
helix dipole    =               -1.57
loop_entropy    =               0.00
cis_bond        =               0.10
disulfide       =               0.00
kn electrostatic=               0.00
partial covalent interactions = 0.00
Energy_Ionisation =             1.29
Entropy Complex =               0.00
-----------------------------------------------------------
Total          = 				  134.14

Now optimizing Residue GLNA360
Optimize Residue ID= GLNA360

BackHbond       =               -227.98
SideHbond       =               -75.75
Energy_VdW      =               -354.71
Electro         =               -11.46
Energy_SolvP    =               487.24
Energy_SolvH    =               -457.66
Energy_vdwclash =               16.94
energy_torsion  =               10.87
backbone_vdwclash=              153.76
Entropy_sidec   =               185.32
Entropy_mainc   =               561.44
water bonds     =               0.00
helix dipole    =               -1.57
loop_entropy    =               0.00
cis_bond        =               0.10
disulfide       =               0.00
kn electrostatic=               0.00
partial covalent interactions = 0.00
Energy_Ionisation =             1.29
Entropy Complex =               0.00
-----------------------------------------------------------
Total          = 				  134.10

Now optimizing Residue ARGA361
Optimize Residue ID= ARGA361

BackHbond       =               -227.96
SideHbond       =               -75.75
Energy_VdW      =               -354.58
Electro         =               -11.48
Energy_SolvP    =               486.94
Energy_SolvH    =               -457.61
Energy_vdwclash =               16.65
energy_torsion  =               10.87
backbone_vdwclash=              153.68
Entropy_sidec   =               185.33
Entropy_mainc   =               561.44
water bonds     =               0.00
helix dipole    =               -1.56
loop_entropy    =               0.00
cis_bond        =               0.10
disulfide       =               0.00
kn electrostatic=               0.00
partial covalent interactions = 0.00
Energy_Ionisation =             1.29
Entropy Complex =               0.00
-----------------------------------------------------------
Total          = 				  133.70

Now optimizing Residue META362
Optimize Residue ID= META362

BackHbond       =               -227.96
SideHbond       =               -75.75
Energy_VdW      =               -354.56
Electro         =               -11.48
Energy_SolvP    =               486.90
Energy_SolvH    =               -457.60
Energy_vdwclash =               16.65
energy_torsion  =               10.87
backbone_vdwclash=              153.61
Entropy_sidec   =               185.33
Entropy_mainc   =               561.44
water bonds     =               0.00
helix dipole    =               -1.56
loop_entropy    =               0.00
cis_bond        =               0.10
disulfide       =               0.00
kn electrostatic=               0.00
partial covalent interactions = 0.00
Energy_Ionisation =             1.29
Entropy Complex =               0.00
-----------------------------------------------------------
Total          = 				  133.67

Now optimizing Residue LEUA363
Optimize Residue ID= LEUA363

BackHbond       =               -227.96
SideHbond       =               -75.75
Energy_VdW      =               -354.60
Electro         =               -11.48
Energy_SolvP    =               486.94
Energy_SolvH    =               -457.64
Energy_vdwclash =               16.65
energy_torsion  =               10.87
backbone_vdwclash=              153.69
Entropy_sidec   =               185.34
Entropy_mainc   =               561.44
water bonds     =               0.00
helix dipole    =               -1.56
loop_entropy    =               0.00
cis_bond        =               0.10
disulfide       =               0.00
kn electrostatic=               0.00
partial covalent interactions = 0.00
Energy_Ionisation =             1.29
Entropy Complex =               0.00
-----------------------------------------------------------
Total          = 				  133.66

Now optimizing Residue ARGA364
Optimize Residue ID= ARGA364

BackHbond       =               -228.09
SideHbond       =               -76.00
Energy_VdW      =               -354.55
Electro         =               -11.47
Energy_SolvP    =               486.78
Energy_SolvH    =               -457.62
Energy_vdwclash =               15.87
energy_torsion  =               10.87
backbone_vdwclash=              153.69
Entropy_sidec   =               185.54
Entropy_mainc   =               561.44
water bonds     =               0.00
helix dipole    =               -1.56
loop_entropy    =               0.00
cis_bond        =               0.10
disulfide       =               0.00
kn electrostatic=               0.00
partial covalent interactions = 0.00
Energy_Ionisation =             1.29
Entropy Complex =               0.00
-----------------------------------------------------------
Total          = 				  132.60

Now optimizing Residue ASPA366
Optimize Residue ID= ASPA366

BackHbond       =               -228.09
SideHbond       =               -76.00
Energy_VdW      =               -354.55
Electro         =               -11.51
Energy_SolvP    =               486.79
Energy_SolvH    =               -457.62
Energy_vdwclash =               15.39
energy_torsion  =               10.90
backbone_vdwclash=              153.69
Entropy_sidec   =               185.54
Entropy_mainc   =               561.44
water bonds     =               0.00
helix dipole    =               -1.56
loop_entropy    =               0.00
cis_bond        =               0.10
disulfide       =               0.00
kn electrostatic=               0.00
partial covalent interactions = 0.00
Energy_Ionisation =             1.29
Entropy Complex =               0.00
-----------------------------------------------------------
Total          = 				  132.13

Now optimizing Residue ASNA367
Optimize Residue ID= ASNA367

BackHbond       =               -228.11
SideHbond       =               -76.02
Energy_VdW      =               -354.54
Electro         =               -11.54
Energy_SolvP    =               486.75
Energy_SolvH    =               -457.63
Energy_vdwclash =               15.39
energy_torsion  =               10.90
backbone_vdwclash=              153.69
Entropy_sidec   =               185.53
Entropy_mainc   =               561.44
water bonds     =               0.00
helix dipole    =               -1.56
loop_entropy    =               0.00
cis_bond        =               0.10
disulfide       =               0.00
kn electrostatic=               0.00
partial covalent interactions = 0.00
Energy_Ionisation =             1.29
Entropy Complex =               0.00
-----------------------------------------------------------
Total          = 				  132.00

Now optimizing Residue THRA368
Optimize Residue ID= THRA368

BackHbond       =               -228.16
SideHbond       =               -76.07
Energy_VdW      =               -354.54
Electro         =               -11.54
Energy_SolvP    =               486.75
Energy_SolvH    =               -457.63
Energy_vdwclash =               15.39
energy_torsion  =               10.90
backbone_vdwclash=              153.69
Entropy_sidec   =               185.53
Entropy_mainc   =               561.44
water bonds     =               0.00
helix dipole    =               -1.56
loop_entropy    =               0.00
cis_bond        =               0.10
disulfide       =               0.00
kn electrostatic=               0.00
partial covalent interactions = 0.00
Energy_Ionisation =             1.29
Entropy Complex =               0.00
-----------------------------------------------------------
Total          = 				  131.91

Now optimizing Residue SERA369
Optimize Residue ID= SERA369

BackHbond       =               -228.16
SideHbond       =               -76.07
Energy_VdW      =               -354.54
Electro         =               -11.54
Energy_SolvP    =               486.75
Energy_SolvH    =               -457.63
Energy_vdwclash =               15.39
energy_torsion  =               10.90
backbone_vdwclash=              153.69
Entropy_sidec   =               185.53
Entropy_mainc   =               561.44
water bonds     =               0.00
helix dipole    =               -1.56
loop_entropy    =               0.00
cis_bond        =               0.10
disulfide       =               0.00
kn electrostatic=               0.00
partial covalent interactions = 0.00
Energy_Ionisation =             1.29
Entropy Complex =               0.00
-----------------------------------------------------------
Total          = 				  131.91

Now optimizing Residue CYSA374
Optimize Residue ID= CYSA374

BackHbond       =               -228.16
SideHbond       =               -76.07
Energy_VdW      =               -354.54
Electro         =               -11.54
Energy_SolvP    =               486.75
Energy_SolvH    =               -457.63
Energy_vdwclash =               15.39
energy_torsion  =               10.83
backbone_vdwclash=              153.69
Entropy_sidec   =               185.53
Entropy_mainc   =               561.44
water bonds     =               0.00
helix dipole    =               -1.56
loop_entropy    =               0.00
cis_bond        =               0.10
disulfide       =               0.00
kn electrostatic=               0.00
partial covalent interactions = 0.00
Energy_Ionisation =             1.29
Entropy Complex =               0.00
-----------------------------------------------------------
Total          = 				  131.83

Now optimizing Residue SERA376
Optimize Residue ID= SERA376

BackHbond       =               -228.16
SideHbond       =               -76.07
Energy_VdW      =               -354.54
Electro         =               -11.54
Energy_SolvP    =               486.75
Energy_SolvH    =               -457.63
Energy_vdwclash =               15.39
energy_torsion  =               10.83
backbone_vdwclash=              153.69
Entropy_sidec   =               185.53
Entropy_mainc   =               561.44
water bonds     =               0.00
helix dipole    =               -1.56
loop_entropy    =               0.00
cis_bond        =               0.10
disulfide       =               0.00
kn electrostatic=               0.00
partial covalent interactions = 0.00
Energy_Ionisation =             1.29
Entropy Complex =               0.00
-----------------------------------------------------------
Total          = 				  131.83

Now optimizing Residue PROA377
Optimize Residue ID= PROA377

BackHbond       =               -228.16
SideHbond       =               -76.07
Energy_VdW      =               -354.54
Electro         =               -11.54
Energy_SolvP    =               486.75
Energy_SolvH    =               -457.63
Energy_vdwclash =               15.39
energy_torsion  =               10.83
backbone_vdwclash=              153.69
Entropy_sidec   =               185.53
Entropy_mainc   =               561.44
water bonds     =               0.00
helix dipole    =               -1.56
loop_entropy    =               0.00
cis_bond        =               0.10
disulfide       =               0.00
kn electrostatic=               0.00
partial covalent interactions = 0.00
Energy_Ionisation =             1.29
Entropy Complex =               0.00
-----------------------------------------------------------
Total          = 				  131.83

Now optimizing Residue GLUA378
Optimize Residue ID= GLUA378

BackHbond       =               -228.16
SideHbond       =               -76.07
Energy_VdW      =               -354.55
Electro         =               -11.54
Energy_SolvP    =               486.75
Energy_SolvH    =               -457.65
Energy_vdwclash =               15.39
energy_torsion  =               10.83
backbone_vdwclash=              153.69
Entropy_sidec   =               185.54
Entropy_mainc   =               561.44
water bonds     =               0.00
helix dipole    =               -1.56
loop_entropy    =               0.00
cis_bond        =               0.10
disulfide       =               0.00
kn electrostatic=               0.00
partial covalent interactions = 0.00
Energy_Ionisation =             1.29
Entropy Complex =               0.00
-----------------------------------------------------------
Total          = 				  131.82

Optimized

BackHbond       =               -228.16
SideHbond       =               -76.07
Energy_VdW      =               -354.55
Electro         =               -11.54
Energy_SolvP    =               486.75
Energy_SolvH    =               -457.65
Energy_vdwclash =               15.39
energy_torsion  =               10.83
backbone_vdwclash=              153.69
Entropy_sidec   =               185.54
Entropy_mainc   =               561.44
water bonds     =               0.00
helix dipole    =               -1.56
loop_entropy    =               0.00
cis_bond        =               0.10
disulfide       =               0.00
kn electrostatic=               0.00
partial covalent interactions = 0.00
Energy_Ionisation =             1.29
Entropy Complex =               0.00
-----------------------------------------------------------
Total          = 				  131.82

Now moving residues with bad energies 
Residue TYRA5 has high Energy, we mutate it to itself
Repair Residue ID= TYRA5

BackHbond       =               -228.16
SideHbond       =               -76.05
Energy_VdW      =               -354.96
Electro         =               -11.54
Energy_SolvP    =               486.81
Energy_SolvH    =               -458.42
Energy_vdwclash =               14.66
energy_torsion  =               10.91
backbone_vdwclash=              153.69
Entropy_sidec   =               185.70
Entropy_mainc   =               561.43
water bonds     =               0.00
helix dipole    =               -1.56
loop_entropy    =               0.00
cis_bond        =               0.10
disulfide       =               0.00
kn electrostatic=               0.00
partial covalent interactions = 0.00
Energy_Ionisation =             1.29
Entropy Complex =               0.00
-----------------------------------------------------------
Total          = 				  130.20

Residue SERA6 has high Energy, we mutate it to itself
Repair Residue ID= SERA6

BackHbond       =               -227.69
SideHbond       =               -75.58
Energy_VdW      =               -354.81
Electro         =               -11.54
Energy_SolvP    =               486.47
Energy_SolvH    =               -458.36
Energy_vdwclash =               14.66
energy_torsion  =               10.91
backbone_vdwclash=              153.69
Entropy_sidec   =               185.22
Entropy_mainc   =               560.82
water bonds     =               0.00
helix dipole    =               -1.56
loop_entropy    =               0.00
cis_bond        =               0.10
disulfide       =               0.00
kn electrostatic=               0.00
partial covalent interactions = 0.00
Energy_Ionisation =             1.29
Entropy Complex =               0.00
-----------------------------------------------------------
Total          = 				  129.93

Residue SERA10 has high Energy, we mutate it to itself
We optimize, instead of self-mutatingSERA10
Repair Residue ID= SERA10

BackHbond       =               -227.70
SideHbond       =               -75.59
Energy_VdW      =               -354.80
Electro         =               -11.54
Energy_SolvP    =               486.44
Energy_SolvH    =               -458.36
Energy_vdwclash =               14.66
energy_torsion  =               10.91
backbone_vdwclash=              153.69
Entropy_sidec   =               185.22
Entropy_mainc   =               560.82
water bonds     =               0.00
helix dipole    =               -1.56
loop_entropy    =               0.00
cis_bond        =               0.10
disulfide       =               0.00
kn electrostatic=               0.00
partial covalent interactions = 0.00
Energy_Ionisation =             1.29
Entropy Complex =               0.00
-----------------------------------------------------------
Total          = 				  129.88

Residue VALA11 has high Energy, we mutate it to itself
Repair Residue ID= VALA11

BackHbond       =               -227.71
SideHbond       =               -75.59
Energy_VdW      =               -355.18
Electro         =               -11.54
Energy_SolvP    =               486.44
Energy_SolvH    =               -459.25
Energy_vdwclash =               15.49
energy_torsion  =               10.91
backbone_vdwclash=              153.69
Entropy_sidec   =               185.33
Entropy_mainc   =               560.80
water bonds     =               0.00
helix dipole    =               -1.56
loop_entropy    =               0.00
cis_bond        =               0.10
disulfide       =               0.00
kn electrostatic=               0.00
partial covalent interactions = 0.00
Energy_Ionisation =             1.29
Entropy Complex =               0.00
-----------------------------------------------------------
Total          = 				  129.55

Residue PHEA12 has high Energy, we mutate it to itself
Repair Residue ID= PHEA12

BackHbond       =               -227.71
SideHbond       =               -75.59
Energy_VdW      =               -355.31
Electro         =               -11.54
Energy_SolvP    =               486.46
Energy_SolvH    =               -459.47
Energy_vdwclash =               15.66
energy_torsion  =               10.91
backbone_vdwclash=              153.70
Entropy_sidec   =               185.34
Entropy_mainc   =               560.79
water bonds     =               0.00
helix dipole    =               -1.56
loop_entropy    =               0.00
cis_bond        =               0.10
disulfide       =               0.00
kn electrostatic=               0.00
partial covalent interactions = 0.00
Energy_Ionisation =             1.29
Entropy Complex =               0.00
-----------------------------------------------------------
Total          = 				  129.39

Residue SERA13 has high Energy, we mutate it to itself
We optimize, instead of self-mutatingSERA13
Repair Residue ID= SERA13

BackHbond       =               -227.71
SideHbond       =               -75.58
Energy_VdW      =               -355.30
Electro         =               -11.54
Energy_SolvP    =               486.43
Energy_SolvH    =               -459.47
Energy_vdwclash =               15.64
energy_torsion  =               10.91
backbone_vdwclash=              153.70
Entropy_sidec   =               185.34
Entropy_mainc   =               560.79
water bonds     =               0.00
helix dipole    =               -1.56
loop_entropy    =               0.00
cis_bond        =               0.10
disulfide       =               0.00
kn electrostatic=               0.00
partial covalent interactions = 0.00
Energy_Ionisation =             1.29
Entropy Complex =               0.00
-----------------------------------------------------------
Total          = 				  129.35

Residue ASPA14 has high Energy, we mutate it to itself
Repair Residue ID= ASPA14

BackHbond       =               -228.49
SideHbond       =               -76.34
Energy_VdW      =               -355.39
Electro         =               -11.50
Energy_SolvP    =               486.52
Energy_SolvH    =               -459.53
Energy_vdwclash =               15.60
energy_torsion  =               10.91
backbone_vdwclash=              153.72
Entropy_sidec   =               185.48
Entropy_mainc   =               561.17
water bonds     =               0.00
helix dipole    =               -1.56
loop_entropy    =               0.00
cis_bond        =               0.10
disulfide       =               0.00
kn electrostatic=               0.00
partial covalent interactions = 0.00
Energy_Ionisation =             1.29
Entropy Complex =               0.00
-----------------------------------------------------------
Total          = 				  128.27

Residue GLNA15 has high Energy, we mutate it to itself
We optimize, instead of self-mutatingGLNA15
Repair Residue ID= GLNA15

BackHbond       =               -228.49
SideHbond       =               -76.35
Energy_VdW      =               -355.39
Electro         =               -11.49
Energy_SolvP    =               486.50
Energy_SolvH    =               -459.53
Energy_vdwclash =               15.60
energy_torsion  =               10.91
backbone_vdwclash=              153.72
Entropy_sidec   =               185.48
Entropy_mainc   =               561.17
water bonds     =               0.00
helix dipole    =               -1.56
loop_entropy    =               0.00
cis_bond        =               0.10
disulfide       =               0.00
kn electrostatic=               0.00
partial covalent interactions = 0.00
Energy_Ionisation =             1.29
Entropy Complex =               0.00
-----------------------------------------------------------
Total          = 				  128.24

Residue ARGA18 has high Energy, we mutate it to itself
We optimize, instead of self-mutatingARGA18
We optimize, instead of self-mutatingARGA18
We optimize, instead of self-mutatingARGA18
We optimize, instead of self-mutatingARGA18
We optimize, instead of self-mutatingARGA18
Repair Residue ID= ARGA18

BackHbond       =               -229.98
SideHbond       =               -79.67
Energy_VdW      =               -355.88
Electro         =               -12.66
Energy_SolvP    =               486.33
Energy_SolvH    =               -460.28
Energy_vdwclash =               15.18
energy_torsion  =               10.82
backbone_vdwclash=              153.95
Entropy_sidec   =               186.66
Entropy_mainc   =               561.11
water bonds     =               0.00
helix dipole    =               -1.48
loop_entropy    =               0.00
cis_bond        =               0.10
disulfide       =               0.00
kn electrostatic=               0.00
partial covalent interactions = 0.00
Energy_Ionisation =             1.29
Entropy Complex =               0.00
-----------------------------------------------------------
Total          = 				  121.54

Residue LYSA19 has high Energy, we mutate it to itself
Repair Residue ID= LYSA19

BackHbond       =               -229.98
SideHbond       =               -79.67
Energy_VdW      =               -356.22
Electro         =               -12.65
Energy_SolvP    =               486.42
Energy_SolvH    =               -460.90
Energy_vdwclash =               15.19
energy_torsion  =               10.82
backbone_vdwclash=              153.94
Entropy_sidec   =               186.96
Entropy_mainc   =               561.15
water bonds     =               0.00
helix dipole    =               -1.48
loop_entropy    =               0.00
cis_bond        =               0.10
disulfide       =               0.00
kn electrostatic=               0.00
partial covalent interactions = 0.00
Energy_Ionisation =             1.29
Entropy Complex =               0.00
-----------------------------------------------------------
Total          = 				  121.03

Residue TYRA20 has high Energy, we mutate it to itself
Repair Residue ID= TYRA20

BackHbond       =               -229.98
SideHbond       =               -79.67
Energy_VdW      =               -356.25
Electro         =               -12.65
Energy_SolvP    =               486.45
Energy_SolvH    =               -460.93
Energy_vdwclash =               15.18
energy_torsion  =               10.81
backbone_vdwclash=              153.94
Entropy_sidec   =               186.99
Entropy_mainc   =               561.16
water bonds     =               0.00
helix dipole    =               -1.48
loop_entropy    =               0.00
cis_bond        =               0.10
disulfide       =               0.00
kn electrostatic=               0.00
partial covalent interactions = 0.00
Energy_Ionisation =             1.29
Entropy Complex =               0.00
-----------------------------------------------------------
Total          = 				  121.02

Residue GLUA22 has high Energy, we mutate it to itself
We optimize, instead of self-mutatingGLUA22
Repair Residue ID= GLUA22

BackHbond       =               -229.98
SideHbond       =               -79.82
Energy_VdW      =               -356.25
Electro         =               -12.66
Energy_SolvP    =               486.41
Energy_SolvH    =               -460.94
Energy_vdwclash =               15.18
energy_torsion  =               10.81
backbone_vdwclash=              153.94
Entropy_sidec   =               186.99
Entropy_mainc   =               561.16
water bonds     =               0.00
helix dipole    =               -1.48
loop_entropy    =               0.00
cis_bond        =               0.10
disulfide       =               0.00
kn electrostatic=               0.00
partial covalent interactions = 0.00
Energy_Ionisation =             1.29
Entropy Complex =               0.00
-----------------------------------------------------------
Total          = 				  120.81

Residue ASPA23 has high Energy, we mutate it to itself
We optimize, instead of self-mutatingASPA23
Repair Residue ID= ASPA23

BackHbond       =               -229.98
SideHbond       =               -79.82
Energy_VdW      =               -356.25
Electro         =               -12.66
Energy_SolvP    =               486.41
Energy_SolvH    =               -460.94
Energy_vdwclash =               15.18
energy_torsion  =               10.81
backbone_vdwclash=              153.94
Entropy_sidec   =               186.99
Entropy_mainc   =               561.16
water bonds     =               0.00
helix dipole    =               -1.48
loop_entropy    =               0.00
cis_bond        =               0.10
disulfide       =               0.00
kn electrostatic=               0.00
partial covalent interactions = 0.00
Energy_Ionisation =             1.29
Entropy Complex =               0.00
-----------------------------------------------------------
Total          = 				  120.81

Residue THRA25 has high Energy, we mutate it to itself
Repair Residue ID= THRA25

BackHbond       =               -230.00
SideHbond       =               -80.27
Energy_VdW      =               -356.30
Electro         =               -12.66
Energy_SolvP    =               486.38
Energy_SolvH    =               -461.02
Energy_vdwclash =               15.16
energy_torsion  =               11.18
backbone_vdwclash=              153.94
Entropy_sidec   =               186.99
Entropy_mainc   =               561.18
water bonds     =               0.00
helix dipole    =               -1.48
loop_entropy    =               0.00
cis_bond        =               0.10
disulfide       =               0.00
kn electrostatic=               0.00
partial covalent interactions = 0.00
Energy_Ionisation =             1.29
Entropy Complex =               0.00
-----------------------------------------------------------
Total          = 				  120.56

Residue GLNA26 has high Energy, we mutate it to itself
Repair Residue ID= GLNA26

BackHbond       =               -230.47
SideHbond       =               -80.73
Energy_VdW      =               -355.96
Electro         =               -12.66
Energy_SolvP    =               485.56
Energy_SolvH    =               -460.72
Energy_vdwclash =               14.25
energy_torsion  =               11.17
backbone_vdwclash=              153.55
Entropy_sidec   =               186.94
Entropy_mainc   =               561.25
water bonds     =               0.00
helix dipole    =               -1.48
loop_entropy    =               0.00
cis_bond        =               0.10
disulfide       =               0.00
kn electrostatic=               0.00
partial covalent interactions = 0.00
Energy_Ionisation =             1.29
Entropy Complex =               0.00
-----------------------------------------------------------
Total          = 				  118.56

Residue ILEA27 has high Energy, we mutate it to itself
Repair Residue ID= ILEA27

BackHbond       =               -230.48
SideHbond       =               -80.75
Energy_VdW      =               -356.01
Electro         =               -12.66
Energy_SolvP    =               485.81
Energy_SolvH    =               -460.66
Energy_vdwclash =               13.41
energy_torsion  =               11.25
backbone_vdwclash=              153.55
Entropy_sidec   =               186.95
Entropy_mainc   =               561.34
water bonds     =               0.00
helix dipole    =               -1.48
loop_entropy    =               0.00
cis_bond        =               0.10
disulfide       =               0.00
kn electrostatic=               0.00
partial covalent interactions = 0.00
Energy_Ionisation =             1.29
Entropy Complex =               0.00
-----------------------------------------------------------
Total          = 				  118.13

Residue VALA28 has high Energy, we mutate it to itself
Repair Residue ID= VALA28

BackHbond       =               -230.49
SideHbond       =               -80.75
Energy_VdW      =               -356.06
Electro         =               -12.65
Energy_SolvP    =               485.64
Energy_SolvH    =               -460.81
Energy_vdwclash =               13.41
energy_torsion  =               11.33
backbone_vdwclash=              153.55
Entropy_sidec   =               186.97
Entropy_mainc   =               561.36
water bonds     =               0.00
helix dipole    =               -1.48
loop_entropy    =               0.00
cis_bond        =               0.10
disulfide       =               0.00
kn electrostatic=               0.00
partial covalent interactions = 0.00
Energy_Ionisation =             1.29
Entropy Complex =               0.00
-----------------------------------------------------------
Total          = 				  117.87

Residue VALA29 has high Energy, we mutate it to itself
Repair Residue ID= VALA29

BackHbond       =               -230.49
SideHbond       =               -80.75
Energy_VdW      =               -356.06
Electro         =               -12.65
Energy_SolvP    =               485.64
Energy_SolvH    =               -460.81
Energy_vdwclash =               13.41
energy_torsion  =               11.33
backbone_vdwclash=              153.55
Entropy_sidec   =               186.97
Entropy_mainc   =               561.36
water bonds     =               0.00
helix dipole    =               -1.48
loop_entropy    =               0.00
cis_bond        =               0.10
disulfide       =               0.00
kn electrostatic=               0.00
partial covalent interactions = 0.00
Energy_Ionisation =             1.29
Entropy Complex =               0.00
-----------------------------------------------------------
Total          = 				  117.87

Residue GLUA30 has high Energy, we mutate it to itself
We optimize, instead of self-mutatingGLUA30
Repair Residue ID= GLUA30

BackHbond       =               -230.49
SideHbond       =               -80.74
Energy_VdW      =               -356.03
Electro         =               -12.62
Energy_SolvP    =               485.56
Energy_SolvH    =               -460.78
Energy_vdwclash =               13.35
energy_torsion  =               11.33
backbone_vdwclash=              153.55
Entropy_sidec   =               186.96
Entropy_mainc   =               561.35
water bonds     =               0.00
helix dipole    =               -1.48
loop_entropy    =               0.00
cis_bond        =               0.10
disulfide       =               0.00
kn electrostatic=               0.00
partial covalent interactions = 0.00
Energy_Ionisation =             1.29
Entropy Complex =               0.00
-----------------------------------------------------------
Total          = 				  117.81

Residue PROA31 has high Energy, we mutate it to itself
Repair Residue ID= PROA31

BackHbond       =               -230.49
SideHbond       =               -80.74
Energy_VdW      =               -356.05
Electro         =               -12.62
Energy_SolvP    =               485.57
Energy_SolvH    =               -460.83
Energy_vdwclash =               13.35
energy_torsion  =               11.33
backbone_vdwclash=              153.55
Entropy_sidec   =               186.96
Entropy_mainc   =               561.37
water bonds     =               0.00
helix dipole    =               -1.48
loop_entropy    =               0.00
cis_bond        =               0.10
disulfide       =               0.00
kn electrostatic=               0.00
partial covalent interactions = 0.00
Energy_Ionisation =             1.29
Entropy Complex =               0.00
-----------------------------------------------------------
Total          = 				  117.76

Residue GLUA32 has high Energy, we mutate it to itself
We optimize, instead of self-mutatingGLUA32
We optimize, instead of self-mutatingGLUA32
Repair Residue ID= GLUA32

BackHbond       =               -230.53
SideHbond       =               -81.05
Energy_VdW      =               -356.11
Electro         =               -12.65
Energy_SolvP    =               485.70
Energy_SolvH    =               -460.86
Energy_vdwclash =               13.35
energy_torsion  =               11.33
backbone_vdwclash=              153.55
Entropy_sidec   =               186.96
Entropy_mainc   =               561.38
water bonds     =               0.00
helix dipole    =               -1.48
loop_entropy    =               0.00
cis_bond        =               0.10
disulfide       =               0.00
kn electrostatic=               0.00
partial covalent interactions = 0.00
Energy_Ionisation =             1.29
Entropy Complex =               0.00
-----------------------------------------------------------
Total          = 				  117.44

Residue PROA33 has high Energy, we mutate it to itself
Repair Residue ID= PROA33

BackHbond       =               -230.53
SideHbond       =               -81.05
Energy_VdW      =               -356.11
Electro         =               -12.65
Energy_SolvP    =               485.66
Energy_SolvH    =               -460.88
Energy_vdwclash =               13.35
energy_torsion  =               11.33
backbone_vdwclash=              153.56
Entropy_sidec   =               186.96
Entropy_mainc   =               561.37
water bonds     =               0.00
helix dipole    =               -1.48
loop_entropy    =               0.00
cis_bond        =               0.10
disulfide       =               0.00
kn electrostatic=               0.00
partial covalent interactions = 0.00
Energy_Ionisation =             1.29
Entropy Complex =               0.00
-----------------------------------------------------------
Total          = 				  117.36

Residue THRA34 has high Energy, we mutate it to itself
We optimize, instead of self-mutatingTHRA34
Repair Residue ID= THRA34

BackHbond       =               -230.53
SideHbond       =               -81.14
Energy_VdW      =               -356.12
Electro         =               -12.65
Energy_SolvP    =               485.68
Energy_SolvH    =               -460.89
Energy_vdwclash =               13.35
energy_torsion  =               11.34
backbone_vdwclash=              153.56
Entropy_sidec   =               187.01
Entropy_mainc   =               561.37
water bonds     =               0.00
helix dipole    =               -1.48
loop_entropy    =               0.00
cis_bond        =               0.10
disulfide       =               0.00
kn electrostatic=               0.00
partial covalent interactions = 0.00
Energy_Ionisation =             1.29
Entropy Complex =               0.00
-----------------------------------------------------------
Total          = 				  117.33

Residue GLUA36 has high Energy, we mutate it to itself
Repair Residue ID= GLUA36

BackHbond       =               -231.07
SideHbond       =               -81.68
Energy_VdW      =               -356.38
Electro         =               -12.65
Energy_SolvP    =               486.16
Energy_SolvH    =               -461.15
Energy_vdwclash =               13.35
energy_torsion  =               11.37
backbone_vdwclash=              153.56
Entropy_sidec   =               187.62
Entropy_mainc   =               561.23
water bonds     =               0.00
helix dipole    =               -1.48
loop_entropy    =               0.00
cis_bond        =               0.10
disulfide       =               0.00
kn electrostatic=               0.00
partial covalent interactions = 0.00
Energy_Ionisation =             1.29
Entropy Complex =               0.00
-----------------------------------------------------------
Total          = 				  116.73

Residue GLUA37 has high Energy, we mutate it to itself
We optimize, instead of self-mutatingGLUA37
Repair Residue ID= GLUA37

BackHbond       =               -231.07
SideHbond       =               -82.48
Energy_VdW      =               -356.57
Electro         =               -12.67
Energy_SolvP    =               486.65
Energy_SolvH    =               -461.33
Energy_vdwclash =               13.35
energy_torsion  =               11.37
backbone_vdwclash=              153.56
Entropy_sidec   =               187.95
Entropy_mainc   =               561.27
water bonds     =               0.00
helix dipole    =               -1.48
loop_entropy    =               0.00
cis_bond        =               0.10
disulfide       =               0.00
kn electrostatic=               0.00
partial covalent interactions = 0.00
Energy_Ionisation =             1.29
Entropy Complex =               0.00
-----------------------------------------------------------
Total          = 				  116.40

Residue LYSA38 has high Energy, we mutate it to itself
Repair Residue ID= LYSA38

BackHbond       =               -231.07
SideHbond       =               -82.48
Energy_VdW      =               -356.87
Electro         =               -12.68
Energy_SolvP    =               486.76
Energy_SolvH    =               -461.79
Energy_vdwclash =               13.35
energy_torsion  =               11.38
backbone_vdwclash=              153.56
Entropy_sidec   =               188.13
Entropy_mainc   =               561.48
water bonds     =               0.00
helix dipole    =               -1.48
loop_entropy    =               0.00
cis_bond        =               0.10
disulfide       =               0.00
kn electrostatic=               0.00
partial covalent interactions = 0.00
Energy_Ionisation =             1.29
Entropy Complex =               0.00
-----------------------------------------------------------
Total          = 				  116.12

Residue PROA39 has high Energy, we mutate it to itself
Repair Residue ID= PROA39

BackHbond       =               -231.07
SideHbond       =               -82.48
Energy_VdW      =               -356.88
Electro         =               -12.68
Energy_SolvP    =               486.75
Energy_SolvH    =               -461.82
Energy_vdwclash =               13.35
energy_torsion  =               11.38
backbone_vdwclash=              153.56
Entropy_sidec   =               188.14
Entropy_mainc   =               561.49
water bonds     =               0.00
helix dipole    =               -1.48
loop_entropy    =               0.00
cis_bond        =               0.10
disulfide       =               0.00
kn electrostatic=               0.00
partial covalent interactions = 0.00
Energy_Ionisation =             1.29
Entropy Complex =               0.00
-----------------------------------------------------------
Total          = 				  116.10

Residue SERA40 has high Energy, we mutate it to itself
Repair Residue ID= SERA40

BackHbond       =               -231.31
SideHbond       =               -82.72
Energy_VdW      =               -356.91
Electro         =               -12.68
Energy_SolvP    =               486.76
Energy_SolvH    =               -461.83
Energy_vdwclash =               13.35
energy_torsion  =               11.41
backbone_vdwclash=              153.56
Entropy_sidec   =               188.39
Entropy_mainc   =               561.53
water bonds     =               0.00
helix dipole    =               -1.48
loop_entropy    =               0.00
cis_bond        =               0.10
disulfide       =               0.00
kn electrostatic=               0.00
partial covalent interactions = 0.00
Energy_Ionisation =             1.29
Entropy Complex =               0.00
-----------------------------------------------------------
Total          = 				  115.90

Residue PROA41 has high Energy, we mutate it to itself
Repair Residue ID= PROA41

BackHbond       =               -231.31
SideHbond       =               -82.72
Energy_VdW      =               -356.90
Electro         =               -12.68
Energy_SolvP    =               486.73
Energy_SolvH    =               -461.84
Energy_vdwclash =               13.35
energy_torsion  =               11.41
backbone_vdwclash=              153.56
Entropy_sidec   =               188.40
Entropy_mainc   =               561.51
water bonds     =               0.00
helix dipole    =               -1.48
loop_entropy    =               0.00
cis_bond        =               0.10
disulfide       =               0.00
kn electrostatic=               0.00
partial covalent interactions = 0.00
Energy_Ionisation =             1.29
Entropy Complex =               0.00
-----------------------------------------------------------
Total          = 				  115.86

Residue ARGA42 has high Energy, we mutate it to itself
Repair Residue ID= ARGA42

BackHbond       =               -231.31
SideHbond       =               -82.72
Energy_VdW      =               -356.92
Electro         =               -12.68
Energy_SolvP    =               486.73
Energy_SolvH    =               -461.85
Energy_vdwclash =               13.35
energy_torsion  =               11.41
backbone_vdwclash=              153.56
Entropy_sidec   =               188.41
Entropy_mainc   =               561.51
water bonds     =               0.00
helix dipole    =               -1.48
loop_entropy    =               0.00
cis_bond        =               0.10
disulfide       =               0.00
kn electrostatic=               0.00
partial covalent interactions = 0.00
Energy_Ionisation =             1.29
Entropy Complex =               0.00
-----------------------------------------------------------
Total          = 				  115.84

Residue ARGA43 has high Energy, we mutate it to itself
Repair Residue ID= ARGA43

BackHbond       =               -231.31
SideHbond       =               -82.72
Energy_VdW      =               -357.19
Electro         =               -12.68
Energy_SolvP    =               486.84
Energy_SolvH    =               -462.35
Energy_vdwclash =               13.35
energy_torsion  =               11.41
backbone_vdwclash=              153.56
Entropy_sidec   =               188.63
Entropy_mainc   =               561.57
water bonds     =               0.00
helix dipole    =               -1.48
loop_entropy    =               0.00
cis_bond        =               0.10
disulfide       =               0.00
kn electrostatic=               0.00
partial covalent interactions = 0.00
Energy_Ionisation =             1.29
Entropy Complex =               0.00
-----------------------------------------------------------
Total          = 				  115.48

Residue SERA44 has high Energy, we mutate it to itself
Repair Residue ID= SERA44

BackHbond       =               -231.31
SideHbond       =               -82.72
Energy_VdW      =               -357.16
Electro         =               -12.68
Energy_SolvP    =               486.82
Energy_SolvH    =               -462.31
Energy_vdwclash =               13.35
energy_torsion  =               10.75
backbone_vdwclash=              153.56
Entropy_sidec   =               188.62
Entropy_mainc   =               561.54
water bonds     =               0.00
helix dipole    =               -1.48
loop_entropy    =               0.00
cis_bond        =               0.10
disulfide       =               0.00
kn electrostatic=               0.00
partial covalent interactions = 0.00
Energy_Ionisation =             1.29
Entropy Complex =               0.00
-----------------------------------------------------------
Total          = 				  114.84

Residue LEUA45 has high Energy, we mutate it to itself
Repair Residue ID= LEUA45

BackHbond       =               -231.31
SideHbond       =               -82.72
Energy_VdW      =               -357.31
Electro         =               -12.68
Energy_SolvP    =               486.95
Energy_SolvH    =               -462.55
Energy_vdwclash =               13.36
energy_torsion  =               10.75
backbone_vdwclash=              153.56
Entropy_sidec   =               188.71
Entropy_mainc   =               561.62
water bonds     =               0.00
helix dipole    =               -1.48
loop_entropy    =               0.00
cis_bond        =               0.10
disulfide       =               0.00
kn electrostatic=               0.00
partial covalent interactions = 0.00
Energy_Ionisation =             1.29
Entropy Complex =               0.00
-----------------------------------------------------------
Total          = 				  114.73

Residue SERA46 has high Energy, we mutate it to itself
Repair Residue ID= SERA46

BackHbond       =               -231.31
SideHbond       =               -82.72
Energy_VdW      =               -357.29
Electro         =               -12.68
Energy_SolvP    =               486.89
Energy_SolvH    =               -462.54
Energy_vdwclash =               13.36
energy_torsion  =               10.08
backbone_vdwclash=              153.56
Entropy_sidec   =               188.71
Entropy_mainc   =               561.59
water bonds     =               0.00
helix dipole    =               -1.48
loop_entropy    =               0.00
cis_bond        =               0.10
disulfide       =               0.00
kn electrostatic=               0.00
partial covalent interactions = 0.00
Energy_Ionisation =             1.29
Entropy Complex =               0.00
-----------------------------------------------------------
Total          = 				  114.01

Residue GLNA47 has high Energy, we mutate it to itself
We optimize, instead of self-mutatingGLNA47
Repair Residue ID= GLNA47

BackHbond       =               -231.93
SideHbond       =               -83.34
Energy_VdW      =               -357.98
Electro         =               -12.68
Energy_SolvP    =               487.49
Energy_SolvH    =               -463.47
Energy_vdwclash =               13.36
energy_torsion  =               10.08
backbone_vdwclash=              153.56
Entropy_sidec   =               189.73
Entropy_mainc   =               561.83
water bonds     =               0.00
helix dipole    =               -1.48
loop_entropy    =               0.00
cis_bond        =               0.10
disulfide       =               0.00
kn electrostatic=               0.00
partial covalent interactions = 0.00
Energy_Ionisation =             1.29
Entropy Complex =               0.00
-----------------------------------------------------------
Total          = 				  113.03

Residue PROA48 has high Energy, we mutate it to itself
Repair Residue ID= PROA48

BackHbond       =               -231.93
SideHbond       =               -83.34
Energy_VdW      =               -358.02
Electro         =               -12.68
Energy_SolvP    =               487.53
Energy_SolvH    =               -463.52
Energy_vdwclash =               13.36
energy_torsion  =               10.08
backbone_vdwclash=              153.56
Entropy_sidec   =               189.76
Entropy_mainc   =               561.84
water bonds     =               0.00
helix dipole    =               -1.48
loop_entropy    =               0.00
cis_bond        =               0.10
disulfide       =               0.00
kn electrostatic=               0.00
partial covalent interactions = 0.00
Energy_Ionisation =             1.29
Entropy Complex =               0.00
-----------------------------------------------------------
Total          = 				  113.00

Residue LEUA49 has high Energy, we mutate it to itself
Repair Residue ID= LEUA49

BackHbond       =               -231.93
SideHbond       =               -83.34
Energy_VdW      =               -358.02
Electro         =               -12.68
Energy_SolvP    =               487.53
Energy_SolvH    =               -463.52
Energy_vdwclash =               13.36
energy_torsion  =               10.08
backbone_vdwclash=              153.56
Entropy_sidec   =               189.76
Entropy_mainc   =               561.84
water bonds     =               0.00
helix dipole    =               -1.48
loop_entropy    =               0.00
cis_bond        =               0.10
disulfide       =               0.00
kn electrostatic=               0.00
partial covalent interactions = 0.00
Energy_Ionisation =             1.29
Entropy Complex =               0.00
-----------------------------------------------------------
Total          = 				  113.00

Residue PROA50 has high Energy, we mutate it to itself
Repair Residue ID= PROA50

BackHbond       =               -231.93
SideHbond       =               -83.34
Energy_VdW      =               -358.03
Electro         =               -12.68
Energy_SolvP    =               487.53
Energy_SolvH    =               -463.55
Energy_vdwclash =               13.36
energy_torsion  =               10.08
backbone_vdwclash=              153.56
Entropy_sidec   =               189.76
Entropy_mainc   =               561.84
water bonds     =               0.00
helix dipole    =               -1.48
loop_entropy    =               0.00
cis_bond        =               0.10
disulfide       =               0.00
kn electrostatic=               0.00
partial covalent interactions = 0.00
Energy_Ionisation =             1.29
Entropy Complex =               0.00
-----------------------------------------------------------
Total          = 				  112.97

Residue PROA51 has high Energy, we mutate it to itself
Repair Residue ID= PROA51

BackHbond       =               -231.93
SideHbond       =               -83.34
Energy_VdW      =               -358.02
Electro         =               -12.68
Energy_SolvP    =               487.51
Energy_SolvH    =               -463.54
Energy_vdwclash =               13.36
energy_torsion  =               10.08
backbone_vdwclash=              153.56
Entropy_sidec   =               189.76
Entropy_mainc   =               561.83
water bonds     =               0.00
helix dipole    =               -1.48
loop_entropy    =               0.00
cis_bond        =               0.10
disulfide       =               0.00
kn electrostatic=               0.00
partial covalent interactions = 0.00
Energy_Ionisation =             1.29
Entropy Complex =               0.00
-----------------------------------------------------------
Total          = 				  112.95

Residue ARGA52 has high Energy, we mutate it to itself
We optimize, instead of self-mutatingARGA52
Repair Residue ID= ARGA52

BackHbond       =               -232.70
SideHbond       =               -84.11
Energy_VdW      =               -358.86
Electro         =               -12.68
Energy_SolvP    =               488.41
Energy_SolvH    =               -464.50
Energy_vdwclash =               13.38
energy_torsion  =               10.18
backbone_vdwclash=              153.56
Entropy_sidec   =               191.15
Entropy_mainc   =               561.80
water bonds     =               0.00
helix dipole    =               -1.48
loop_entropy    =               0.00
cis_bond        =               0.10
disulfide       =               0.00
kn electrostatic=               0.00
partial covalent interactions = 0.00
Energy_Ionisation =             1.29
Entropy Complex =               0.00
-----------------------------------------------------------
Total          = 				  111.99

Residue PROA53 has high Energy, we mutate it to itself
Repair Residue ID= PROA53

BackHbond       =               -232.70
SideHbond       =               -84.11
Energy_VdW      =               -358.86
Electro         =               -12.68
Energy_SolvP    =               488.39
Energy_SolvH    =               -464.51
Energy_vdwclash =               13.38
energy_torsion  =               10.18
backbone_vdwclash=              153.56
Entropy_sidec   =               191.15
Entropy_mainc   =               561.80
water bonds     =               0.00
helix dipole    =               -1.48
loop_entropy    =               0.00
cis_bond        =               0.10
disulfide       =               0.00
kn electrostatic=               0.00
partial covalent interactions = 0.00
Energy_Ionisation =             1.29
Entropy Complex =               0.00
-----------------------------------------------------------
Total          = 				  111.97

Residue SERA54 has high Energy, we mutate it to itself
Repair Residue ID= SERA54

BackHbond       =               -233.13
SideHbond       =               -84.54
Energy_VdW      =               -358.87
Electro         =               -12.68
Energy_SolvP    =               488.36
Energy_SolvH    =               -464.52
Energy_vdwclash =               13.38
energy_torsion  =               10.13
backbone_vdwclash=              153.56
Entropy_sidec   =               191.58
Entropy_mainc   =               561.81
water bonds     =               0.00
helix dipole    =               -1.48
loop_entropy    =               0.00
cis_bond        =               0.10
disulfide       =               0.00
kn electrostatic=               0.00
partial covalent interactions = 0.00
Energy_Ionisation =             1.29
Entropy Complex =               0.00
-----------------------------------------------------------
Total          = 				  111.45

Residue PROA55 has high Energy, we mutate it to itself
Repair Residue ID= PROA55

BackHbond       =               -233.13
SideHbond       =               -84.54
Energy_VdW      =               -358.86
Electro         =               -12.68
Energy_SolvP    =               488.34
Energy_SolvH    =               -464.52
Energy_vdwclash =               13.38
energy_torsion  =               10.13
backbone_vdwclash=              153.56
Entropy_sidec   =               191.58
Entropy_mainc   =               561.80
water bonds     =               0.00
helix dipole    =               -1.48
loop_entropy    =               0.00
cis_bond        =               0.10
disulfide       =               0.00
kn electrostatic=               0.00
partial covalent interactions = 0.00
Energy_Ionisation =             1.29
Entropy Complex =               0.00
-----------------------------------------------------------
Total          = 				  111.41

Residue LEUA58 has high Energy, we mutate it to itself
Repair Residue ID= LEUA58

BackHbond       =               -233.13
SideHbond       =               -84.54
Energy_VdW      =               -358.92
Electro         =               -12.68
Energy_SolvP    =               488.37
Energy_SolvH    =               -464.61
Energy_vdwclash =               13.39
energy_torsion  =               9.91
backbone_vdwclash=              153.56
Entropy_sidec   =               191.61
Entropy_mainc   =               561.80
water bonds     =               0.00
helix dipole    =               -1.48
loop_entropy    =               0.00
cis_bond        =               0.10
disulfide       =               0.00
kn electrostatic=               0.00
partial covalent interactions = 0.00
Energy_Ionisation =             1.29
Entropy Complex =               0.00
-----------------------------------------------------------
Total          = 				  111.11

Residue PROA59 has high Energy, we mutate it to itself
Repair Residue ID= PROA59

BackHbond       =               -233.13
SideHbond       =               -84.54
Energy_VdW      =               -358.95
Electro         =               -12.68
Energy_SolvP    =               488.37
Energy_SolvH    =               -464.70
Energy_vdwclash =               13.41
energy_torsion  =               9.90
backbone_vdwclash=              153.56
Entropy_sidec   =               191.63
Entropy_mainc   =               561.80
water bonds     =               0.00
helix dipole    =               -1.48
loop_entropy    =               0.00
cis_bond        =               0.10
disulfide       =               0.00
kn electrostatic=               0.00
partial covalent interactions = 0.00
Energy_Ionisation =             1.29
Entropy Complex =               0.00
-----------------------------------------------------------
Total          = 				  111.03

Residue GLUA62 has high Energy, we mutate it to itself
Repair Residue ID= GLUA62

BackHbond       =               -233.71
SideHbond       =               -85.12
Energy_VdW      =               -358.98
Electro         =               -12.67
Energy_SolvP    =               488.50
Energy_SolvH    =               -464.71
Energy_vdwclash =               13.41
energy_torsion  =               9.90
backbone_vdwclash=              153.56
Entropy_sidec   =               192.22
Entropy_mainc   =               561.80
water bonds     =               0.00
helix dipole    =               -1.48
loop_entropy    =               0.00
cis_bond        =               0.10
disulfide       =               0.00
kn electrostatic=               0.00
partial covalent interactions = 0.00
Energy_Ionisation =             1.29
Entropy Complex =               0.00
-----------------------------------------------------------
Total          = 				  110.57

Residue VALA63 has high Energy, we mutate it to itself
Repair Residue ID= VALA63

BackHbond       =               -233.71
SideHbond       =               -85.12
Energy_VdW      =               -358.98
Electro         =               -12.67
Energy_SolvP    =               488.46
Energy_SolvH    =               -464.72
Energy_vdwclash =               13.41
energy_torsion  =               9.88
backbone_vdwclash=              153.56
Entropy_sidec   =               192.22
Entropy_mainc   =               561.81
water bonds     =               0.00
helix dipole    =               -1.48
loop_entropy    =               0.00
cis_bond        =               0.10
disulfide       =               0.00
kn electrostatic=               0.00
partial covalent interactions = 0.00
Energy_Ionisation =             1.29
Entropy Complex =               0.00
-----------------------------------------------------------
Total          = 				  110.49

Residue SERA64 has high Energy, we mutate it to itself
Repair Residue ID= SERA64

BackHbond       =               -233.71
SideHbond       =               -85.12
Energy_VdW      =               -358.98
Electro         =               -12.67
Energy_SolvP    =               488.46
Energy_SolvH    =               -464.73
Energy_vdwclash =               13.41
energy_torsion  =               9.88
backbone_vdwclash=              153.56
Entropy_sidec   =               192.23
Entropy_mainc   =               561.77
water bonds     =               0.00
helix dipole    =               -1.48
loop_entropy    =               0.00
cis_bond        =               0.10
disulfide       =               0.00
kn electrostatic=               0.00
partial covalent interactions = 0.00
Energy_Ionisation =             1.29
Entropy Complex =               0.00
-----------------------------------------------------------
Total          = 				  110.46

Residue LYSA66 has high Energy, we mutate it to itself
Repair Residue ID= LYSA66

BackHbond       =               -233.71
SideHbond       =               -85.12
Energy_VdW      =               -359.10
Electro         =               -12.66
Energy_SolvP    =               488.51
Energy_SolvH    =               -464.97
Energy_vdwclash =               13.41
energy_torsion  =               9.82
backbone_vdwclash=              153.56
Entropy_sidec   =               192.30
Entropy_mainc   =               561.83
water bonds     =               0.00
helix dipole    =               -1.48
loop_entropy    =               0.00
cis_bond        =               0.11
disulfide       =               0.00
kn electrostatic=               0.00
partial covalent interactions = 0.00
Energy_Ionisation =             1.29
Entropy Complex =               0.00
-----------------------------------------------------------
Total          = 				  110.23

Residue PROA68 has high Energy, we mutate it to itself
Repair Residue ID= PROA68

BackHbond       =               -233.71
SideHbond       =               -85.12
Energy_VdW      =               -359.10
Electro         =               -12.66
Energy_SolvP    =               488.51
Energy_SolvH    =               -464.96
Energy_vdwclash =               13.41
energy_torsion  =               9.82
backbone_vdwclash=              153.56
Entropy_sidec   =               192.30
Entropy_mainc   =               561.83
water bonds     =               0.00
helix dipole    =               -1.48
loop_entropy    =               0.00
cis_bond        =               0.11
disulfide       =               0.00
kn electrostatic=               0.00
partial covalent interactions = 0.00
Energy_Ionisation =             1.29
Entropy Complex =               0.00
-----------------------------------------------------------
Total          = 				  110.23

Residue VALA70 has high Energy, we mutate it to itself
Repair Residue ID= VALA70

BackHbond       =               -233.71
SideHbond       =               -85.12
Energy_VdW      =               -359.10
Electro         =               -12.66
Energy_SolvP    =               488.51
Energy_SolvH    =               -464.96
Energy_vdwclash =               13.41
energy_torsion  =               9.82
backbone_vdwclash=              153.56
Entropy_sidec   =               192.30
Entropy_mainc   =               561.83
water bonds     =               0.00
helix dipole    =               -1.48
loop_entropy    =               0.00
cis_bond        =               0.11
disulfide       =               0.00
kn electrostatic=               0.00
partial covalent interactions = 0.00
Energy_Ionisation =             1.29
Entropy Complex =               0.00
-----------------------------------------------------------
Total          = 				  110.23

Residue ARGA73 has high Energy, we mutate it to itself
Repair Residue ID= ARGA73

BackHbond       =               -233.71
SideHbond       =               -85.12
Energy_VdW      =               -359.16
Electro         =               -12.64
Energy_SolvP    =               488.48
Energy_SolvH    =               -465.11
Energy_vdwclash =               13.30
energy_torsion  =               9.82
backbone_vdwclash=              153.56
Entropy_sidec   =               192.34
Entropy_mainc   =               561.85
water bonds     =               0.00
helix dipole    =               -1.48
loop_entropy    =               0.00
cis_bond        =               0.10
disulfide       =               0.00
kn electrostatic=               0.00
partial covalent interactions = 0.00
Energy_Ionisation =             1.29
Entropy Complex =               0.00
-----------------------------------------------------------
Total          = 				  109.96

Residue GLUA74 has high Energy, we mutate it to itself
Repair Residue ID= GLUA74

BackHbond       =               -233.71
SideHbond       =               -85.12
Energy_VdW      =               -359.16
Electro         =               -12.63
Energy_SolvP    =               488.48
Energy_SolvH    =               -465.11
Energy_vdwclash =               13.29
energy_torsion  =               9.82
backbone_vdwclash=              153.56
Entropy_sidec   =               192.34
Entropy_mainc   =               561.85
water bonds     =               0.00
helix dipole    =               -1.48
loop_entropy    =               0.00
cis_bond        =               0.10
disulfide       =               0.00
kn electrostatic=               0.00
partial covalent interactions = 0.00
Energy_Ionisation =             1.29
Entropy Complex =               0.00
-----------------------------------------------------------
Total          = 				  109.95

Residue ARGA76 has high Energy, we mutate it to itself
Repair Residue ID= ARGA76

BackHbond       =               -234.50
SideHbond       =               -85.91
Energy_VdW      =               -359.31
Electro         =               -12.64
Energy_SolvP    =               488.72
Energy_SolvH    =               -465.24
Energy_vdwclash =               13.29
energy_torsion  =               9.82
backbone_vdwclash=              153.56
Entropy_sidec   =               193.17
Entropy_mainc   =               561.92
water bonds     =               0.00
helix dipole    =               -1.48
loop_entropy    =               0.00
cis_bond        =               0.10
disulfide       =               0.00
kn electrostatic=               0.00
partial covalent interactions = 0.00
Energy_Ionisation =             1.29
Entropy Complex =               0.00
-----------------------------------------------------------
Total          = 				  109.20

Residue ASPA77 has high Energy, we mutate it to itself
Repair Residue ID= ASPA77

BackHbond       =               -234.50
SideHbond       =               -85.91
Energy_VdW      =               -359.33
Electro         =               -12.65
Energy_SolvP    =               488.72
Energy_SolvH    =               -465.27
Energy_vdwclash =               13.29
energy_torsion  =               9.82
backbone_vdwclash=              153.56
Entropy_sidec   =               193.18
Entropy_mainc   =               561.92
water bonds     =               0.00
helix dipole    =               -1.48
loop_entropy    =               0.00
cis_bond        =               0.10
disulfide       =               0.00
kn electrostatic=               0.00
partial covalent interactions = 0.00
Energy_Ionisation =             1.29
Entropy Complex =               0.00
-----------------------------------------------------------
Total          = 				  109.16

Residue PROA78 has high Energy, we mutate it to itself
Repair Residue ID= PROA78

BackHbond       =               -234.50
SideHbond       =               -85.91
Energy_VdW      =               -359.35
Electro         =               -12.65
Energy_SolvP    =               488.74
Energy_SolvH    =               -465.31
Energy_vdwclash =               13.29
energy_torsion  =               9.82
backbone_vdwclash=              153.56
Entropy_sidec   =               193.18
Entropy_mainc   =               561.93
water bonds     =               0.00
helix dipole    =               -1.48
loop_entropy    =               0.00
cis_bond        =               0.10
disulfide       =               0.00
kn electrostatic=               0.00
partial covalent interactions = 0.00
Energy_Ionisation =             1.29
Entropy Complex =               0.00
-----------------------------------------------------------
Total          = 				  109.15

Residue LEUA79 has high Energy, we mutate it to itself
Repair Residue ID= LEUA79

BackHbond       =               -234.50
SideHbond       =               -85.91
Energy_VdW      =               -359.58
Electro         =               -12.65
Energy_SolvP    =               488.90
Energy_SolvH    =               -465.71
Energy_vdwclash =               13.29
energy_torsion  =               9.84
backbone_vdwclash=              153.56
Entropy_sidec   =               193.31
Entropy_mainc   =               562.00
water bonds     =               0.00
helix dipole    =               -1.48
loop_entropy    =               0.00
cis_bond        =               0.10
disulfide       =               0.00
kn electrostatic=               0.00
partial covalent interactions = 0.00
Energy_Ionisation =             1.29
Entropy Complex =               0.00
-----------------------------------------------------------
Total          = 				  108.88

Residue PROA80 has high Energy, we mutate it to itself
Repair Residue ID= PROA80

BackHbond       =               -234.50
SideHbond       =               -85.91
Energy_VdW      =               -359.58
Electro         =               -12.65
Energy_SolvP    =               488.90
Energy_SolvH    =               -465.73
Energy_vdwclash =               13.29
energy_torsion  =               9.84
backbone_vdwclash=              153.56
Entropy_sidec   =               193.31
Entropy_mainc   =               562.00
water bonds     =               0.00
helix dipole    =               -1.48
loop_entropy    =               0.00
cis_bond        =               0.10
disulfide       =               0.00
kn electrostatic=               0.00
partial covalent interactions = 0.00
Energy_Ionisation =             1.29
Entropy Complex =               0.00
-----------------------------------------------------------
Total          = 				  108.87

Residue ASPA81 has high Energy, we mutate it to itself
Repair Residue ID= ASPA81

BackHbond       =               -235.02
SideHbond       =               -86.43
Energy_VdW      =               -359.58
Electro         =               -12.65
Energy_SolvP    =               488.89
Energy_SolvH    =               -465.73
Energy_vdwclash =               13.28
energy_torsion  =               9.82
backbone_vdwclash=              153.56
Entropy_sidec   =               193.82
Entropy_mainc   =               561.99
water bonds     =               0.00
helix dipole    =               -1.48
loop_entropy    =               0.00
cis_bond        =               0.10
disulfide       =               0.00
kn electrostatic=               0.00
partial covalent interactions = 0.00
Energy_Ionisation =             1.29
Entropy Complex =               0.00
-----------------------------------------------------------
Total          = 				  108.32

Residue SERA85 has high Energy, we mutate it to itself
Repair Residue ID= SERA85

BackHbond       =               -235.02
SideHbond       =               -86.43
Energy_VdW      =               -359.59
Electro         =               -12.65
Energy_SolvP    =               488.90
Energy_SolvH    =               -465.73
Energy_vdwclash =               13.28
energy_torsion  =               9.82
backbone_vdwclash=              153.56
Entropy_sidec   =               193.82
Entropy_mainc   =               561.98
water bonds     =               0.00
helix dipole    =               -1.48
loop_entropy    =               0.00
cis_bond        =               0.10
disulfide       =               0.00
kn electrostatic=               0.00
partial covalent interactions = 0.00
Energy_Ionisation =             1.29
Entropy Complex =               0.00
-----------------------------------------------------------
Total          = 				  108.31

Residue PROA86 has high Energy, we mutate it to itself
Repair Residue ID= PROA86

BackHbond       =               -235.02
SideHbond       =               -86.43
Energy_VdW      =               -359.58
Electro         =               -12.65
Energy_SolvP    =               488.89
Energy_SolvH    =               -465.71
Energy_vdwclash =               13.28
energy_torsion  =               9.82
backbone_vdwclash=              153.56
Entropy_sidec   =               193.82
Entropy_mainc   =               561.95
water bonds     =               0.00
helix dipole    =               -1.48
loop_entropy    =               0.00
cis_bond        =               0.10
disulfide       =               0.00
kn electrostatic=               0.00
partial covalent interactions = 0.00
Energy_Ionisation =             1.29
Entropy Complex =               0.00
-----------------------------------------------------------
Total          = 				  108.30

Residue PROA88 has high Energy, we mutate it to itself
Repair Residue ID= PROA88

BackHbond       =               -235.02
SideHbond       =               -86.43
Energy_VdW      =               -359.56
Electro         =               -12.65
Energy_SolvP    =               488.86
Energy_SolvH    =               -465.70
Energy_vdwclash =               13.28
energy_torsion  =               9.82
backbone_vdwclash=              153.56
Entropy_sidec   =               193.82
Entropy_mainc   =               561.94
water bonds     =               0.00
helix dipole    =               -1.48
loop_entropy    =               0.00
cis_bond        =               0.10
disulfide       =               0.00
kn electrostatic=               0.00
partial covalent interactions = 0.00
Energy_Ionisation =             1.29
Entropy Complex =               0.00
-----------------------------------------------------------
Total          = 				  108.27

Residue SERA89 has high Energy, we mutate it to itself
Repair Residue ID= SERA89

BackHbond       =               -235.02
SideHbond       =               -86.43
Energy_VdW      =               -359.58
Electro         =               -12.65
Energy_SolvP    =               488.88
Energy_SolvH    =               -465.72
Energy_vdwclash =               13.28
energy_torsion  =               9.81
backbone_vdwclash=              153.56
Entropy_sidec   =               193.82
Entropy_mainc   =               561.92
water bonds     =               0.00
helix dipole    =               -1.48
loop_entropy    =               0.00
cis_bond        =               0.10
disulfide       =               0.00
kn electrostatic=               0.00
partial covalent interactions = 0.00
Energy_Ionisation =             1.29
Entropy Complex =               0.00
-----------------------------------------------------------
Total          = 				  108.26

Residue ARGA90 has high Energy, we mutate it to itself
Repair Residue ID= ARGA90

BackHbond       =               -235.74
SideHbond       =               -87.15
Energy_VdW      =               -359.95
Electro         =               -12.67
Energy_SolvP    =               489.50
Energy_SolvH    =               -466.02
Energy_vdwclash =               13.28
energy_torsion  =               9.82
backbone_vdwclash=              153.56
Entropy_sidec   =               194.69
Entropy_mainc   =               562.13
water bonds     =               0.00
helix dipole    =               -1.48
loop_entropy    =               0.00
cis_bond        =               0.10
disulfide       =               0.00
kn electrostatic=               0.00
partial covalent interactions = 0.00
Energy_Ionisation =             1.29
Entropy Complex =               0.00
-----------------------------------------------------------
Total          = 				  107.80

Residue CYSA91 has high Energy, we mutate it to itself
Repair Residue ID= CYSA91

BackHbond       =               -235.74
SideHbond       =               -87.15
Energy_VdW      =               -359.97
Electro         =               -12.67
Energy_SolvP    =               489.51
Energy_SolvH    =               -466.05
Energy_vdwclash =               13.28
energy_torsion  =               9.82
backbone_vdwclash=              153.56
Entropy_sidec   =               194.70
Entropy_mainc   =               562.14
water bonds     =               0.00
helix dipole    =               -1.48
loop_entropy    =               0.00
cis_bond        =               0.10
disulfide       =               0.00
kn electrostatic=               0.00
partial covalent interactions = 0.00
Energy_Ionisation =             1.29
Entropy Complex =               0.00
-----------------------------------------------------------
Total          = 				  107.79

Residue CYSA92 has high Energy, we mutate it to itself
Repair Residue ID= CYSA92

BackHbond       =               -235.76
SideHbond       =               -87.17
Energy_VdW      =               -359.97
Electro         =               -12.67
Energy_SolvP    =               489.52
Energy_SolvH    =               -466.05
Energy_vdwclash =               13.28
energy_torsion  =               9.82
backbone_vdwclash=              153.56
Entropy_sidec   =               194.72
Entropy_mainc   =               562.14
water bonds     =               0.00
helix dipole    =               -1.48
loop_entropy    =               0.00
cis_bond        =               0.10
disulfide       =               0.00
kn electrostatic=               0.00
partial covalent interactions = 0.00
Energy_Ionisation =             1.29
Entropy Complex =               0.00
-----------------------------------------------------------
Total          = 				  107.77

Residue ARGA93 has high Energy, we mutate it to itself
We optimize, instead of self-mutatingARGA93
Repair Residue ID= ARGA93

BackHbond       =               -237.02
SideHbond       =               -88.46
Energy_VdW      =               -360.22
Electro         =               -12.63
Energy_SolvP    =               490.04
Energy_SolvH    =               -466.22
Energy_vdwclash =               13.28
energy_torsion  =               9.82
backbone_vdwclash=              153.56
Entropy_sidec   =               196.05
Entropy_mainc   =               562.25
water bonds     =               0.00
helix dipole    =               -1.48
loop_entropy    =               0.00
cis_bond        =               0.10
disulfide       =               0.00
kn electrostatic=               0.00
partial covalent interactions = 0.00
Energy_Ionisation =             1.29
Entropy Complex =               0.00
-----------------------------------------------------------
Total          = 				  106.83

Residue ARGA94 has high Energy, we mutate it to itself
Repair Residue ID= ARGA94

BackHbond       =               -237.02
SideHbond       =               -88.46
Energy_VdW      =               -360.30
Electro         =               -12.61
Energy_SolvP    =               490.03
Energy_SolvH    =               -466.37
Energy_vdwclash =               13.28
energy_torsion  =               9.82
backbone_vdwclash=              153.56
Entropy_sidec   =               196.08
Entropy_mainc   =               562.29
water bonds     =               0.00
helix dipole    =               -1.48
loop_entropy    =               0.00
cis_bond        =               0.10
disulfide       =               0.00
kn electrostatic=               0.00
partial covalent interactions = 0.00
Energy_Ionisation =             1.29
Entropy Complex =               0.00
-----------------------------------------------------------
Total          = 				  106.65

Residue ARGA95 has high Energy, we mutate it to itself
We optimize, instead of self-mutatingARGA95
Repair Residue ID= ARGA95

BackHbond       =               -237.02
SideHbond       =               -88.49
Energy_VdW      =               -360.31
Electro         =               -12.61
Energy_SolvP    =               490.03
Energy_SolvH    =               -466.38
Energy_vdwclash =               13.28
energy_torsion  =               9.82
backbone_vdwclash=              153.56
Entropy_sidec   =               196.10
Entropy_mainc   =               562.29
water bonds     =               0.00
helix dipole    =               -1.48
loop_entropy    =               0.00
cis_bond        =               0.10
disulfide       =               0.00
kn electrostatic=               0.00
partial covalent interactions = 0.00
Energy_Ionisation =             1.29
Entropy Complex =               0.00
-----------------------------------------------------------
Total          = 				  106.63

Residue SERA96 has high Energy, we mutate it to itself
We optimize, instead of self-mutatingSERA96
Repair Residue ID= SERA96

BackHbond       =               -237.02
SideHbond       =               -88.49
Energy_VdW      =               -360.31
Electro         =               -12.61
Energy_SolvP    =               490.03
Energy_SolvH    =               -466.38
Energy_vdwclash =               13.28
energy_torsion  =               9.82
backbone_vdwclash=              153.56
Entropy_sidec   =               196.10
Entropy_mainc   =               562.29
water bonds     =               0.00
helix dipole    =               -1.48
loop_entropy    =               0.00
cis_bond        =               0.10
disulfide       =               0.00
kn electrostatic=               0.00
partial covalent interactions = 0.00
Energy_Ionisation =             1.29
Entropy Complex =               0.00
-----------------------------------------------------------
Total          = 				  106.63

Residue SERA97 has high Energy, we mutate it to itself
Repair Residue ID= SERA97

BackHbond       =               -237.02
SideHbond       =               -88.49
Energy_VdW      =               -360.22
Electro         =               -12.61
Energy_SolvP    =               489.79
Energy_SolvH    =               -466.31
Energy_vdwclash =               13.28
energy_torsion  =               9.82
backbone_vdwclash=              153.56
Entropy_sidec   =               196.03
Entropy_mainc   =               562.25
water bonds     =               0.00
helix dipole    =               -1.48
loop_entropy    =               0.00
cis_bond        =               0.10
disulfide       =               0.00
kn electrostatic=               0.00
partial covalent interactions = 0.00
Energy_Ionisation =             1.29
Entropy Complex =               0.00
-----------------------------------------------------------
Total          = 				  106.45

Residue CYSA104 has high Energy, we mutate it to itself
Repair Residue ID= CYSA104

BackHbond       =               -237.02
SideHbond       =               -88.49
Energy_VdW      =               -360.22
Electro         =               -12.61
Energy_SolvP    =               489.79
Energy_SolvH    =               -466.31
Energy_vdwclash =               13.28
energy_torsion  =               9.82
backbone_vdwclash=              153.56
Entropy_sidec   =               196.03
Entropy_mainc   =               562.25
water bonds     =               0.00
helix dipole    =               -1.48
loop_entropy    =               0.00
cis_bond        =               0.10
disulfide       =               0.00
kn electrostatic=               0.00
partial covalent interactions = 0.00
Energy_Ionisation =             1.29
Entropy Complex =               0.00
-----------------------------------------------------------
Total          = 				  106.45

Residue ASPA105 has high Energy, we mutate it to itself
Repair Residue ID= ASPA105

BackHbond       =               -237.02
SideHbond       =               -88.49
Energy_VdW      =               -360.22
Electro         =               -12.61
Energy_SolvP    =               489.79
Energy_SolvH    =               -466.31
Energy_vdwclash =               13.28
energy_torsion  =               9.82
backbone_vdwclash=              153.56
Entropy_sidec   =               196.03
Entropy_mainc   =               562.25
water bonds     =               0.00
helix dipole    =               -1.48
loop_entropy    =               0.00
cis_bond        =               0.10
disulfide       =               0.00
kn electrostatic=               0.00
partial covalent interactions = 0.00
Energy_Ionisation =             1.29
Entropy Complex =               0.00
-----------------------------------------------------------
Total          = 				  106.45

Residue H2SA107 has high Energy, we mutate it to itself
We optimize, instead of self-mutatingH2SA107
Repair Residue ID= H2SA107

BackHbond       =               -237.23
SideHbond       =               -89.95
Energy_VdW      =               -360.22
Electro         =               -12.61
Energy_SolvP    =               489.02
Energy_SolvH    =               -466.31
Energy_vdwclash =               15.50
energy_torsion  =               9.82
backbone_vdwclash=              153.56
Entropy_sidec   =               196.03
Entropy_mainc   =               562.25
water bonds     =               0.00
helix dipole    =               -1.48
loop_entropy    =               0.00
cis_bond        =               0.10
disulfide       =               0.00
kn electrostatic=               0.00
partial covalent interactions = 0.00
Energy_Ionisation =             1.29
Entropy Complex =               0.00
-----------------------------------------------------------
Total          = 				  106.21

Residue ARGA110 has high Energy, we mutate it to itself
We optimize, instead of self-mutatingARGA110
Repair Residue ID= ARGA110

BackHbond       =               -237.23
SideHbond       =               -89.95
Energy_VdW      =               -360.21
Electro         =               -12.62
Energy_SolvP    =               489.01
Energy_SolvH    =               -466.30
Energy_vdwclash =               15.49
energy_torsion  =               9.82
backbone_vdwclash=              153.56
Entropy_sidec   =               196.03
Entropy_mainc   =               562.25
water bonds     =               0.00
helix dipole    =               -1.48
loop_entropy    =               0.00
cis_bond        =               0.10
disulfide       =               0.00
kn electrostatic=               0.00
partial covalent interactions = 0.00
Energy_Ionisation =             1.29
Entropy Complex =               0.00
-----------------------------------------------------------
Total          = 				  106.20

Residue GLUA111 has high Energy, we mutate it to itself
We optimize, instead of self-mutatingGLUA111
Repair Residue ID= GLUA111

BackHbond       =               -237.33
SideHbond       =               -90.05
Energy_VdW      =               -360.15
Electro         =               -12.62
Energy_SolvP    =               488.78
Energy_SolvH    =               -466.26
Energy_vdwclash =               15.47
energy_torsion  =               9.81
backbone_vdwclash=              153.54
Entropy_sidec   =               196.03
Entropy_mainc   =               562.23
water bonds     =               0.00
helix dipole    =               -1.46
loop_entropy    =               0.00
cis_bond        =               0.10
disulfide       =               0.00
kn electrostatic=               0.00
partial covalent interactions = 0.00
Energy_Ionisation =             1.29
Entropy Complex =               0.00
-----------------------------------------------------------
Total          = 				  105.85

Residue ARGA117 has high Energy, we mutate it to itself
We optimize, instead of self-mutatingARGA117
We optimize, instead of self-mutatingARGA117
We optimize, instead of self-mutatingARGA117
We optimize, instead of self-mutatingARGA117
Repair Residue ID= ARGA117

BackHbond       =               -238.69
SideHbond       =               -91.11
Energy_VdW      =               -359.45
Electro         =               -11.59
Energy_SolvP    =               486.63
Energy_SolvH    =               -465.69
Energy_vdwclash =               15.48
energy_torsion  =               9.88
backbone_vdwclash=              153.33
Entropy_sidec   =               195.49
Entropy_mainc   =               562.63
water bonds     =               0.00
helix dipole    =               -1.49
loop_entropy    =               0.00
cis_bond        =               0.10
disulfide       =               0.00
kn electrostatic=               0.00
partial covalent interactions = 0.00
Energy_Ionisation =             1.29
Entropy Complex =               0.00
-----------------------------------------------------------
Total          = 				  103.49

Residue GLUA118 has high Energy, we mutate it to itself
Repair Residue ID= GLUA118

BackHbond       =               -238.69
SideHbond       =               -91.11
Energy_VdW      =               -359.45
Electro         =               -11.59
Energy_SolvP    =               486.62
Energy_SolvH    =               -465.69
Energy_vdwclash =               15.48
energy_torsion  =               9.88
backbone_vdwclash=              153.33
Entropy_sidec   =               195.49
Entropy_mainc   =               562.63
water bonds     =               0.00
helix dipole    =               -1.49
loop_entropy    =               0.00
cis_bond        =               0.10
disulfide       =               0.00
kn electrostatic=               0.00
partial covalent interactions = 0.00
Energy_Ionisation =             1.29
Entropy Complex =               0.00
-----------------------------------------------------------
Total          = 				  103.49

Residue H1SA119 has high Energy, we mutate it to itself
Residue PHEA123 has high Energy, we mutate it to itself
Repair Residue ID= PHEA123

BackHbond       =               -238.49
SideHbond       =               -91.83
Energy_VdW      =               -359.53
Electro         =               -11.57
Energy_SolvP    =               486.72
Energy_SolvH    =               -465.79
Energy_vdwclash =               15.47
energy_torsion  =               9.75
backbone_vdwclash=              153.37
Entropy_sidec   =               195.50
Entropy_mainc   =               562.64
water bonds     =               0.00
helix dipole    =               -1.49
loop_entropy    =               0.00
cis_bond        =               0.10
disulfide       =               0.00
kn electrostatic=               0.00
partial covalent interactions = 0.00
Energy_Ionisation =             1.30
Entropy Complex =               0.00
-----------------------------------------------------------
Total          = 				  102.78

Residue LYSA125 has high Energy, we mutate it to itself
We optimize, instead of self-mutatingLYSA125
Repair Residue ID= LYSA125

BackHbond       =               -238.49
SideHbond       =               -91.84
Energy_VdW      =               -359.53
Electro         =               -11.57
Energy_SolvP    =               486.72
Energy_SolvH    =               -465.79
Energy_vdwclash =               15.46
energy_torsion  =               9.75
backbone_vdwclash=              153.38
Entropy_sidec   =               195.51
Entropy_mainc   =               562.64
water bonds     =               0.00
helix dipole    =               -1.49
loop_entropy    =               0.00
cis_bond        =               0.10
disulfide       =               0.00
kn electrostatic=               0.00
partial covalent interactions = 0.00
Energy_Ionisation =             1.30
Entropy Complex =               0.00
-----------------------------------------------------------
Total          = 				  102.77

Residue LYSA126 has high Energy, we mutate it to itself
Repair Residue ID= LYSA126

BackHbond       =               -239.37
SideHbond       =               -92.72
Energy_VdW      =               -359.64
Electro         =               -11.59
Energy_SolvP    =               487.02
Energy_SolvH    =               -465.89
Energy_vdwclash =               15.48
energy_torsion  =               9.75
backbone_vdwclash=              153.48
Entropy_sidec   =               196.46
Entropy_mainc   =               562.83
water bonds     =               0.00
helix dipole    =               -1.41
loop_entropy    =               0.00
cis_bond        =               0.10
disulfide       =               0.00
kn electrostatic=               0.00
partial covalent interactions = 0.00
Energy_Ionisation =             1.30
Entropy Complex =               0.00
-----------------------------------------------------------
Total          = 				  102.32

Residue GLNA127 has high Energy, we mutate it to itself
We optimize, instead of self-mutatingGLNA127
Repair Residue ID= GLNA127

BackHbond       =               -239.37
SideHbond       =               -92.72
Energy_VdW      =               -359.63
Electro         =               -11.59
Energy_SolvP    =               487.00
Energy_SolvH    =               -465.89
Energy_vdwclash =               15.48
energy_torsion  =               9.75
backbone_vdwclash=              153.48
Entropy_sidec   =               196.44
Entropy_mainc   =               562.83
water bonds     =               0.00
helix dipole    =               -1.41
loop_entropy    =               0.00
cis_bond        =               0.10
disulfide       =               0.00
kn electrostatic=               0.00
partial covalent interactions = 0.00
Energy_Ionisation =             1.30
Entropy Complex =               0.00
-----------------------------------------------------------
Total          = 				  102.30

Residue LYSA128 has high Energy, we mutate it to itself
Repair Residue ID= LYSA128

BackHbond       =               -239.37
SideHbond       =               -92.72
Energy_VdW      =               -359.61
Electro         =               -11.61
Energy_SolvP    =               486.93
Energy_SolvH    =               -465.89
Energy_vdwclash =               15.48
energy_torsion  =               9.75
backbone_vdwclash=              153.48
Entropy_sidec   =               196.45
Entropy_mainc   =               562.79
water bonds     =               0.00
helix dipole    =               -1.41
loop_entropy    =               0.00
cis_bond        =               0.10
disulfide       =               0.00
kn electrostatic=               0.00
partial covalent interactions = 0.00
Energy_Ionisation =             1.30
Entropy Complex =               0.00
-----------------------------------------------------------
Total          = 				  102.20

Residue THRA131 has high Energy, we mutate it to itself
Repair Residue ID= THRA131

BackHbond       =               -239.37
SideHbond       =               -92.72
Energy_VdW      =               -359.61
Electro         =               -11.61
Energy_SolvP    =               486.93
Energy_SolvH    =               -465.89
Energy_vdwclash =               15.48
energy_torsion  =               9.75
backbone_vdwclash=              153.48
Entropy_sidec   =               196.45
Entropy_mainc   =               562.79
water bonds     =               0.00
helix dipole    =               -1.41
loop_entropy    =               0.00
cis_bond        =               0.10
disulfide       =               0.00
kn electrostatic=               0.00
partial covalent interactions = 0.00
Energy_Ionisation =             1.30
Entropy Complex =               0.00
-----------------------------------------------------------
Total          = 				  102.20

Residue SERA132 has high Energy, we mutate it to itself
Repair Residue ID= SERA132

BackHbond       =               -240.00
SideHbond       =               -93.35
Energy_VdW      =               -359.64
Electro         =               -11.61
Energy_SolvP    =               486.68
Energy_SolvH    =               -465.91
Energy_vdwclash =               15.48
energy_torsion  =               9.75
backbone_vdwclash=              153.49
Entropy_sidec   =               196.58
Entropy_mainc   =               562.93
water bonds     =               0.00
helix dipole    =               -1.41
loop_entropy    =               0.00
cis_bond        =               0.10
disulfide       =               0.00
kn electrostatic=               0.00
partial covalent interactions = 0.00
Energy_Ionisation =             1.30
Entropy Complex =               0.00
-----------------------------------------------------------
Total          = 				  100.90

Residue SERA133 has high Energy, we mutate it to itself
Repair Residue ID= SERA133

BackHbond       =               -240.00
SideHbond       =               -93.35
Energy_VdW      =               -359.63
Electro         =               -11.61
Energy_SolvP    =               486.65
Energy_SolvH    =               -465.91
Energy_vdwclash =               15.48
energy_torsion  =               9.75
backbone_vdwclash=              153.49
Entropy_sidec   =               196.57
Entropy_mainc   =               562.93
water bonds     =               0.00
helix dipole    =               -1.41
loop_entropy    =               0.00
cis_bond        =               0.10
disulfide       =               0.00
kn electrostatic=               0.00
partial covalent interactions = 0.00
Energy_Ionisation =             1.30
Entropy Complex =               0.00
-----------------------------------------------------------
Total          = 				  100.87

Residue GLUA134 has high Energy, we mutate it to itself
We optimize, instead of self-mutatingGLUA134
We optimize, instead of self-mutatingGLUA134
Repair Residue ID= GLUA134

BackHbond       =               -240.87
SideHbond       =               -93.49
Energy_VdW      =               -360.23
Electro         =               -11.15
Energy_SolvP    =               487.28
Energy_SolvH    =               -466.95
Energy_vdwclash =               15.50
energy_torsion  =               9.83
backbone_vdwclash=              153.83
Entropy_sidec   =               196.42
Entropy_mainc   =               562.91
water bonds     =               0.00
helix dipole    =               -1.64
loop_entropy    =               0.00
cis_bond        =               0.10
disulfide       =               0.00
kn electrostatic=               0.00
partial covalent interactions = 0.00
Energy_Ionisation =             1.30
Entropy Complex =               0.00
-----------------------------------------------------------
Total          = 				  98.99

Residue PROA135 has high Energy, we mutate it to itself
Repair Residue ID= PROA135

BackHbond       =               -240.87
SideHbond       =               -93.49
Energy_VdW      =               -360.23
Electro         =               -11.15
Energy_SolvP    =               487.28
Energy_SolvH    =               -466.95
Energy_vdwclash =               15.50
energy_torsion  =               9.83
backbone_vdwclash=              153.83
Entropy_sidec   =               196.42
Entropy_mainc   =               562.91
water bonds     =               0.00
helix dipole    =               -1.64
loop_entropy    =               0.00
cis_bond        =               0.10
disulfide       =               0.00
kn electrostatic=               0.00
partial covalent interactions = 0.00
Energy_Ionisation =             1.30
Entropy Complex =               0.00
-----------------------------------------------------------
Total          = 				  98.99

Residue LYSA137 has high Energy, we mutate it to itself
Repair Residue ID= LYSA137

BackHbond       =               -240.87
SideHbond       =               -93.49
Energy_VdW      =               -360.23
Electro         =               -11.15
Energy_SolvP    =               487.28
Energy_SolvH    =               -466.95
Energy_vdwclash =               15.50
energy_torsion  =               9.83
backbone_vdwclash=              153.83
Entropy_sidec   =               196.41
Entropy_mainc   =               562.91
water bonds     =               0.00
helix dipole    =               -1.64
loop_entropy    =               0.00
cis_bond        =               0.10
disulfide       =               0.00
kn electrostatic=               0.00
partial covalent interactions = 0.00
Energy_Ionisation =             1.30
Entropy Complex =               0.00
-----------------------------------------------------------
Total          = 				  98.99

Residue CYSA139 has high Energy, we mutate it to itself
Repair Residue ID= CYSA139

BackHbond       =               -240.87
SideHbond       =               -93.49
Energy_VdW      =               -360.21
Electro         =               -11.15
Energy_SolvP    =               487.25
Energy_SolvH    =               -466.94
Energy_vdwclash =               15.50
energy_torsion  =               9.83
backbone_vdwclash=              153.83
Entropy_sidec   =               196.41
Entropy_mainc   =               562.91
water bonds     =               0.00
helix dipole    =               -1.64
loop_entropy    =               0.00
cis_bond        =               0.10
disulfide       =               0.00
kn electrostatic=               0.00
partial covalent interactions = 0.00
Energy_Ionisation =             1.30
Entropy Complex =               0.00
-----------------------------------------------------------
Total          = 				  98.97

Residue ARGA143 has high Energy, we mutate it to itself
We optimize, instead of self-mutatingARGA143
Repair Residue ID= ARGA143

BackHbond       =               -240.86
SideHbond       =               -93.48
Energy_VdW      =               -360.18
Electro         =               -11.15
Energy_SolvP    =               487.16
Energy_SolvH    =               -466.93
Energy_vdwclash =               15.50
energy_torsion  =               9.83
backbone_vdwclash=              153.82
Entropy_sidec   =               196.41
Entropy_mainc   =               562.91
water bonds     =               0.00
helix dipole    =               -1.64
loop_entropy    =               0.00
cis_bond        =               0.10
disulfide       =               0.00
kn electrostatic=               0.00
partial covalent interactions = 0.00
Energy_Ionisation =             1.30
Entropy Complex =               0.00
-----------------------------------------------------------
Total          = 				  98.95

Residue LYSA144 has high Energy, we mutate it to itself
Repair Residue ID= LYSA144

BackHbond       =               -240.91
SideHbond       =               -95.24
Energy_VdW      =               -360.28
Electro         =               -11.15
Energy_SolvP    =               487.61
Energy_SolvH    =               -466.96
Energy_vdwclash =               15.50
energy_torsion  =               9.83
backbone_vdwclash=              153.60
Entropy_sidec   =               197.57
Entropy_mainc   =               562.89
water bonds     =               0.00
helix dipole    =               -1.66
loop_entropy    =               0.00
cis_bond        =               0.10
disulfide       =               0.00
kn electrostatic=               0.00
partial covalent interactions = 0.00
Energy_Ionisation =             1.30
Entropy Complex =               0.00
-----------------------------------------------------------
Total          = 				  98.60

Residue LEUA147 has high Energy, we mutate it to itself
Repair Residue ID= LEUA147

BackHbond       =               -240.89
SideHbond       =               -95.23
Energy_VdW      =               -360.48
Electro         =               -11.15
Energy_SolvP    =               487.55
Energy_SolvH    =               -467.42
Energy_vdwclash =               15.50
energy_torsion  =               9.84
backbone_vdwclash=              153.67
Entropy_sidec   =               197.70
Entropy_mainc   =               562.94
water bonds     =               0.00
helix dipole    =               -1.66
loop_entropy    =               0.00
cis_bond        =               0.10
disulfide       =               0.00
kn electrostatic=               0.00
partial covalent interactions = 0.00
Energy_Ionisation =             1.30
Entropy Complex =               0.00
-----------------------------------------------------------
Total          = 				  98.08

Residue H2SA150 has high Energy, we mutate it to itself
We optimize, instead of self-mutatingH2SA150
Repair Residue ID= H2SA150

BackHbond       =               -240.92
SideHbond       =               -95.25
Energy_VdW      =               -360.48
Electro         =               -11.15
Energy_SolvP    =               487.52
Energy_SolvH    =               -467.42
Energy_vdwclash =               15.48
energy_torsion  =               9.77
backbone_vdwclash=              153.67
Entropy_sidec   =               197.70
Entropy_mainc   =               562.93
water bonds     =               0.00
helix dipole    =               -1.66
loop_entropy    =               0.00
cis_bond        =               0.10
disulfide       =               0.00
kn electrostatic=               0.00
partial covalent interactions = 0.00
Energy_Ionisation =             1.30
Entropy Complex =               0.00
-----------------------------------------------------------
Total          = 				  97.92

Residue LEUA151 has high Energy, we mutate it to itself
Repair Residue ID= LEUA151

BackHbond       =               -240.93
SideHbond       =               -95.26
Energy_VdW      =               -360.69
Electro         =               -11.15
Energy_SolvP    =               487.57
Energy_SolvH    =               -467.81
Energy_vdwclash =               15.55
energy_torsion  =               9.73
backbone_vdwclash=              153.69
Entropy_sidec   =               197.80
Entropy_mainc   =               562.93
water bonds     =               0.00
helix dipole    =               -1.66
loop_entropy    =               0.00
cis_bond        =               0.10
disulfide       =               0.00
kn electrostatic=               0.00
partial covalent interactions = 0.00
Energy_Ionisation =             1.30
Entropy Complex =               0.00
-----------------------------------------------------------
Total          = 				  97.48

Residue TRPA154 has high Energy, we mutate it to itself
Repair Residue ID= TRPA154

BackHbond       =               -240.93
SideHbond       =               -95.26
Energy_VdW      =               -360.70
Electro         =               -11.15
Energy_SolvP    =               487.57
Energy_SolvH    =               -467.84
Energy_vdwclash =               15.60
energy_torsion  =               9.70
backbone_vdwclash=              153.69
Entropy_sidec   =               197.80
Entropy_mainc   =               562.93
water bonds     =               0.00
helix dipole    =               -1.66
loop_entropy    =               0.00
cis_bond        =               0.10
disulfide       =               0.00
kn electrostatic=               0.00
partial covalent interactions = 0.00
Energy_Ionisation =             1.30
Entropy Complex =               0.00
-----------------------------------------------------------
Total          = 				  97.45

Residue LYSA155 has high Energy, we mutate it to itself
Repair Residue ID= LYSA155

BackHbond       =               -241.70
SideHbond       =               -96.04
Energy_VdW      =               -360.76
Electro         =               -11.17
Energy_SolvP    =               487.91
Energy_SolvH    =               -467.86
Energy_vdwclash =               15.59
energy_torsion  =               9.70
backbone_vdwclash=              153.75
Entropy_sidec   =               198.60
Entropy_mainc   =               562.95
water bonds     =               0.00
helix dipole    =               -1.77
loop_entropy    =               0.00
cis_bond        =               0.10
disulfide       =               0.00
kn electrostatic=               0.00
partial covalent interactions = 0.00
Energy_Ionisation =             1.30
Entropy Complex =               0.00
-----------------------------------------------------------
Total          = 				  96.85

Residue LYSA156 has high Energy, we mutate it to itself
Repair Residue ID= LYSA156

BackHbond       =               -241.69
SideHbond       =               -95.34
Energy_VdW      =               -360.81
Electro         =               -10.79
Energy_SolvP    =               487.73
Energy_SolvH    =               -468.01
Energy_vdwclash =               15.60
energy_torsion  =               9.72
backbone_vdwclash=              153.76
Entropy_sidec   =               197.52
Entropy_mainc   =               562.91
water bonds     =               0.00
helix dipole    =               -1.76
loop_entropy    =               0.00
cis_bond        =               0.10
disulfide       =               0.00
kn electrostatic=               0.00
partial covalent interactions = 0.00
Energy_Ionisation =             1.30
Entropy Complex =               0.00
-----------------------------------------------------------
Total          = 				  96.49

Residue GLUA159 has high Energy, we mutate it to itself
Repair Residue ID= GLUA159

BackHbond       =               -241.68
SideHbond       =               -95.34
Energy_VdW      =               -360.72
Electro         =               -10.69
Energy_SolvP    =               487.40
Energy_SolvH    =               -467.94
Energy_vdwclash =               15.60
energy_torsion  =               9.72
backbone_vdwclash=              153.69
Entropy_sidec   =               197.39
Entropy_mainc   =               562.88
water bonds     =               0.00
helix dipole    =               -1.79
loop_entropy    =               0.00
cis_bond        =               0.10
disulfide       =               0.00
kn electrostatic=               0.00
partial covalent interactions = 0.00
Energy_Ionisation =             1.30
Entropy Complex =               0.00
-----------------------------------------------------------
Total          = 				  96.23

Residue PROA161 has high Energy, we mutate it to itself
Repair Residue ID= PROA161

BackHbond       =               -241.68
SideHbond       =               -95.34
Energy_VdW      =               -360.87
Electro         =               -10.69
Energy_SolvP    =               487.49
Energy_SolvH    =               -468.22
Energy_vdwclash =               15.60
energy_torsion  =               9.72
backbone_vdwclash=              153.69
Entropy_sidec   =               197.46
Entropy_mainc   =               562.89
water bonds     =               0.00
helix dipole    =               -1.79
loop_entropy    =               0.00
cis_bond        =               0.10
disulfide       =               0.00
kn electrostatic=               0.00
partial covalent interactions = 0.00
Energy_Ionisation =             1.30
Entropy Complex =               0.00
-----------------------------------------------------------
Total          = 				  95.97

Residue LYSA162 has high Energy, we mutate it to itself
Repair Residue ID= LYSA162

BackHbond       =               -242.54
SideHbond       =               -96.20
Energy_VdW      =               -360.94
Electro         =               -10.68
Energy_SolvP    =               487.57
Energy_SolvH    =               -468.24
Energy_vdwclash =               15.60
energy_torsion  =               9.72
backbone_vdwclash=              153.75
Entropy_sidec   =               198.30
Entropy_mainc   =               562.90
water bonds     =               0.00
helix dipole    =               -1.79
loop_entropy    =               0.00
cis_bond        =               0.10
disulfide       =               0.00
kn electrostatic=               0.00
partial covalent interactions = 0.00
Energy_Ionisation =             1.30
Entropy Complex =               0.00
-----------------------------------------------------------
Total          = 				  95.09

Residue THRA163 has high Energy, we mutate it to itself
We optimize, instead of self-mutatingTHRA163
Repair Residue ID= THRA163

BackHbond       =               -242.79
SideHbond       =               -96.42
Energy_VdW      =               -360.96
Electro         =               -10.68
Energy_SolvP    =               487.35
Energy_SolvH    =               -468.31
Energy_vdwclash =               15.62
energy_torsion  =               9.77
backbone_vdwclash=              153.76
Entropy_sidec   =               198.33
Entropy_mainc   =               563.52
water bonds     =               0.00
helix dipole    =               -1.79
loop_entropy    =               0.00
cis_bond        =               0.10
disulfide       =               0.00
kn electrostatic=               0.00
partial covalent interactions = 0.00
Energy_Ionisation =             1.30
Entropy Complex =               0.00
-----------------------------------------------------------
Total          = 				  95.04

Residue META164 has high Energy, we mutate it to itself
Repair Residue ID= META164

BackHbond       =               -242.79
SideHbond       =               -96.56
Energy_VdW      =               -361.55
Electro         =               -10.68
Energy_SolvP    =               487.93
Energy_SolvH    =               -469.15
Energy_vdwclash =               15.62
energy_torsion  =               9.79
backbone_vdwclash=              153.83
Entropy_sidec   =               198.47
Entropy_mainc   =               563.68
water bonds     =               0.00
helix dipole    =               -1.79
loop_entropy    =               0.00
cis_bond        =               0.10
disulfide       =               0.00
kn electrostatic=               0.00
partial covalent interactions = 0.00
Energy_Ionisation =             1.30
Entropy Complex =               0.00
-----------------------------------------------------------
Total          = 				  94.38

Residue THRA165 has high Energy, we mutate it to itself
Repair Residue ID= THRA165

BackHbond       =               -242.79
SideHbond       =               -96.57
Energy_VdW      =               -361.56
Electro         =               -10.68
Energy_SolvP    =               487.94
Energy_SolvH    =               -469.15
Energy_vdwclash =               15.62
energy_torsion  =               9.79
backbone_vdwclash=              153.83
Entropy_sidec   =               198.47
Entropy_mainc   =               563.68
water bonds     =               0.00
helix dipole    =               -1.79
loop_entropy    =               0.00
cis_bond        =               0.10
disulfide       =               0.00
kn electrostatic=               0.00
partial covalent interactions = 0.00
Energy_Ionisation =             1.30
Entropy Complex =               0.00
-----------------------------------------------------------
Total          = 				  94.36

Residue LEUA167 has high Energy, we mutate it to itself
Repair Residue ID= LEUA167

BackHbond       =               -242.79
SideHbond       =               -96.57
Energy_VdW      =               -361.63
Electro         =               -10.68
Energy_SolvP    =               488.01
Energy_SolvH    =               -469.27
Energy_vdwclash =               15.63
energy_torsion  =               9.79
backbone_vdwclash=              153.90
Entropy_sidec   =               198.51
Entropy_mainc   =               563.68
water bonds     =               0.00
helix dipole    =               -1.79
loop_entropy    =               0.00
cis_bond        =               0.10
disulfide       =               0.00
kn electrostatic=               0.00
partial covalent interactions = 0.00
Energy_Ionisation =             1.30
Entropy Complex =               0.00
-----------------------------------------------------------
Total          = 				  94.28

Residue PROA168 has high Energy, we mutate it to itself
Repair Residue ID= PROA168

BackHbond       =               -242.79
SideHbond       =               -96.57
Energy_VdW      =               -361.74
Electro         =               -10.68
Energy_SolvP    =               488.05
Energy_SolvH    =               -469.49
Energy_vdwclash =               15.66
energy_torsion  =               9.79
backbone_vdwclash=              153.91
Entropy_sidec   =               198.55
Entropy_mainc   =               563.71
water bonds     =               0.00
helix dipole    =               -1.79
loop_entropy    =               0.00
cis_bond        =               0.10
disulfide       =               0.00
kn electrostatic=               0.00
partial covalent interactions = 0.00
Energy_Ionisation =             1.30
Entropy Complex =               0.00
-----------------------------------------------------------
Total          = 				  94.10

Residue SERA169 has high Energy, we mutate it to itself
Repair Residue ID= SERA169

BackHbond       =               -242.96
SideHbond       =               -96.71
Energy_VdW      =               -361.76
Electro         =               -10.69
Energy_SolvP    =               488.00
Energy_SolvH    =               -469.50
Energy_vdwclash =               15.66
energy_torsion  =               9.79
backbone_vdwclash=              153.90
Entropy_sidec   =               198.56
Entropy_mainc   =               563.73
water bonds     =               0.00
helix dipole    =               -1.79
loop_entropy    =               0.00
cis_bond        =               0.10
disulfide       =               0.00
kn electrostatic=               0.00
partial covalent interactions = 0.00
Energy_Ionisation =             1.30
Entropy Complex =               0.00
-----------------------------------------------------------
Total          = 				  93.73

Residue THRA170 has high Energy, we mutate it to itself
Repair Residue ID= THRA170

BackHbond       =               -243.06
SideHbond       =               -96.81
Energy_VdW      =               -361.73
Electro         =               -10.69
Energy_SolvP    =               487.99
Energy_SolvH    =               -469.44
Energy_vdwclash =               15.57
energy_torsion  =               9.79
backbone_vdwclash=              153.91
Entropy_sidec   =               198.56
Entropy_mainc   =               563.72
water bonds     =               0.00
helix dipole    =               -1.79
loop_entropy    =               0.00
cis_bond        =               0.10
disulfide       =               0.00
kn electrostatic=               0.00
partial covalent interactions = 0.00
Energy_Ionisation =             1.30
Entropy Complex =               0.00
-----------------------------------------------------------
Total          = 				  93.53

Residue SERA171 has high Energy, we mutate it to itself
We optimize, instead of self-mutatingSERA171
Repair Residue ID= SERA171

BackHbond       =               -243.07
SideHbond       =               -96.81
Energy_VdW      =               -361.73
Electro         =               -10.69
Energy_SolvP    =               487.99
Energy_SolvH    =               -469.44
Energy_vdwclash =               15.57
energy_torsion  =               9.79
backbone_vdwclash=              153.90
Entropy_sidec   =               198.56
Entropy_mainc   =               563.72
water bonds     =               0.00
helix dipole    =               -1.79
loop_entropy    =               0.00
cis_bond        =               0.10
disulfide       =               0.00
kn electrostatic=               0.00
partial covalent interactions = 0.00
Energy_Ionisation =             1.30
Entropy Complex =               0.00
-----------------------------------------------------------
Total          = 				  93.51

Residue THRA173 has high Energy, we mutate it to itself
We optimize, instead of self-mutatingTHRA173
Repair Residue ID= THRA173

BackHbond       =               -243.11
SideHbond       =               -96.88
Energy_VdW      =               -361.72
Electro         =               -10.69
Energy_SolvP    =               487.96
Energy_SolvH    =               -469.43
Energy_vdwclash =               15.57
energy_torsion  =               9.79
backbone_vdwclash=              153.87
Entropy_sidec   =               198.56
Entropy_mainc   =               563.72
water bonds     =               0.00
helix dipole    =               -1.79
loop_entropy    =               0.00
cis_bond        =               0.10
disulfide       =               0.00
kn electrostatic=               0.00
partial covalent interactions = 0.00
Energy_Ionisation =             1.30
Entropy Complex =               0.00
-----------------------------------------------------------
Total          = 				  93.38

Residue SERA176 has high Energy, we mutate it to itself
We optimize, instead of self-mutatingSERA176
Repair Residue ID= SERA176

BackHbond       =               -243.11
SideHbond       =               -96.88
Energy_VdW      =               -361.72
Electro         =               -10.69
Energy_SolvP    =               487.96
Energy_SolvH    =               -469.43
Energy_vdwclash =               15.57
energy_torsion  =               9.79
backbone_vdwclash=              153.87
Entropy_sidec   =               198.56
Entropy_mainc   =               563.72
water bonds     =               0.00
helix dipole    =               -1.79
loop_entropy    =               0.00
cis_bond        =               0.10
disulfide       =               0.00
kn electrostatic=               0.00
partial covalent interactions = 0.00
Energy_Ionisation =             1.30
Entropy Complex =               0.00
-----------------------------------------------------------
Total          = 				  93.38

Residue ARGA181 has high Energy, we mutate it to itself
We optimize, instead of self-mutatingARGA181
Repair Residue ID= ARGA181

BackHbond       =               -243.14
SideHbond       =               -96.90
Energy_VdW      =               -361.72
Electro         =               -10.69
Energy_SolvP    =               487.97
Energy_SolvH    =               -469.43
Energy_vdwclash =               15.57
energy_torsion  =               9.79
backbone_vdwclash=              153.87
Entropy_sidec   =               198.56
Entropy_mainc   =               563.72
water bonds     =               0.00
helix dipole    =               -1.79
loop_entropy    =               0.00
cis_bond        =               0.10
disulfide       =               0.00
kn electrostatic=               0.00
partial covalent interactions = 0.00
Energy_Ionisation =             1.30
Entropy Complex =               0.00
-----------------------------------------------------------
Total          = 				  93.33

Residue META183 has high Energy, we mutate it to itself
Repair Residue ID= META183

BackHbond       =               -243.15
SideHbond       =               -96.90
Energy_VdW      =               -361.78
Electro         =               -10.69
Energy_SolvP    =               487.99
Energy_SolvH    =               -469.54
Energy_vdwclash =               15.61
energy_torsion  =               9.80
backbone_vdwclash=              153.87
Entropy_sidec   =               198.59
Entropy_mainc   =               563.72
water bonds     =               0.00
helix dipole    =               -1.79
loop_entropy    =               0.00
cis_bond        =               0.10
disulfide       =               0.00
kn electrostatic=               0.00
partial covalent interactions = 0.00
Energy_Ionisation =             1.30
Entropy Complex =               0.00
-----------------------------------------------------------
Total          = 				  93.25

Residue LYSA184 has high Energy, we mutate it to itself
We optimize, instead of self-mutatingLYSA184
Repair Residue ID= LYSA184

BackHbond       =               -243.15
SideHbond       =               -96.91
Energy_VdW      =               -361.76
Electro         =               -10.69
Energy_SolvP    =               487.90
Energy_SolvH    =               -469.51
Energy_vdwclash =               15.61
energy_torsion  =               9.80
backbone_vdwclash=              153.87
Entropy_sidec   =               198.58
Entropy_mainc   =               563.72
water bonds     =               0.00
helix dipole    =               -1.79
loop_entropy    =               0.00
cis_bond        =               0.10
disulfide       =               0.00
kn electrostatic=               0.00
partial covalent interactions = 0.00
Energy_Ionisation =             1.30
Entropy Complex =               0.00
-----------------------------------------------------------
Total          = 				  93.19

Residue TYRA186 has high Energy, we mutate it to itself
Repair Residue ID= TYRA186

BackHbond       =               -243.15
SideHbond       =               -96.91
Energy_VdW      =               -361.76
Electro         =               -10.69
Energy_SolvP    =               487.90
Energy_SolvH    =               -469.51
Energy_vdwclash =               15.61
energy_torsion  =               9.80
backbone_vdwclash=              153.88
Entropy_sidec   =               198.58
Entropy_mainc   =               563.72
water bonds     =               0.00
helix dipole    =               -1.79
loop_entropy    =               0.00
cis_bond        =               0.10
disulfide       =               0.00
kn electrostatic=               0.00
partial covalent interactions = 0.00
Energy_Ionisation =             1.30
Entropy Complex =               0.00
-----------------------------------------------------------
Total          = 				  93.19

Residue H1SA189 has high Energy, we mutate it to itself
We optimize, instead of self-mutatingH1SA189
Repair Residue ID= H1SA189

BackHbond       =               -243.15
SideHbond       =               -96.84
Energy_VdW      =               -361.75
Electro         =               -10.69
Energy_SolvP    =               487.90
Energy_SolvH    =               -469.51
Energy_vdwclash =               15.33
energy_torsion  =               9.80
backbone_vdwclash=              153.87
Entropy_sidec   =               198.58
Entropy_mainc   =               563.72
water bonds     =               0.00
helix dipole    =               -1.79
loop_entropy    =               0.00
cis_bond        =               0.10
disulfide       =               0.00
kn electrostatic=               0.00
partial covalent interactions = 0.00
Energy_Ionisation =             1.30
Entropy Complex =               0.00
-----------------------------------------------------------
Total          = 				  92.98

Residue ASPA192 has high Energy, we mutate it to itself
Repair Residue ID= ASPA192

BackHbond       =               -243.14
SideHbond       =               -96.86
Energy_VdW      =               -361.74
Electro         =               -10.67
Energy_SolvP    =               487.74
Energy_SolvH    =               -469.50
Energy_vdwclash =               15.24
energy_torsion  =               9.64
backbone_vdwclash=              153.87
Entropy_sidec   =               198.58
Entropy_mainc   =               563.72
water bonds     =               0.00
helix dipole    =               -1.79
loop_entropy    =               0.00
cis_bond        =               0.10
disulfide       =               0.00
kn electrostatic=               0.00
partial covalent interactions = 0.00
Energy_Ionisation =             1.30
Entropy Complex =               0.00
-----------------------------------------------------------
Total          = 				  92.63

Residue SERA193 has high Energy, we mutate it to itself
We optimize, instead of self-mutatingSERA193
Repair Residue ID= SERA193

BackHbond       =               -243.14
SideHbond       =               -96.86
Energy_VdW      =               -361.74
Electro         =               -10.67
Energy_SolvP    =               487.74
Energy_SolvH    =               -469.50
Energy_vdwclash =               15.11
energy_torsion  =               9.64
backbone_vdwclash=              153.87
Entropy_sidec   =               198.58
Entropy_mainc   =               563.72
water bonds     =               0.00
helix dipole    =               -1.79
loop_entropy    =               0.00
cis_bond        =               0.10
disulfide       =               0.00
kn electrostatic=               0.00
partial covalent interactions = 0.00
Energy_Ionisation =             1.30
Entropy Complex =               0.00
-----------------------------------------------------------
Total          = 				  92.50

Residue GLNA200 has high Energy, we mutate it to itself
We optimize, instead of self-mutatingGLNA200
Repair Residue ID= GLNA200

BackHbond       =               -243.16
SideHbond       =               -96.91
Energy_VdW      =               -361.76
Electro         =               -10.67
Energy_SolvP    =               487.79
Energy_SolvH    =               -469.51
Energy_vdwclash =               14.97
energy_torsion  =               9.64
backbone_vdwclash=              153.88
Entropy_sidec   =               198.59
Entropy_mainc   =               563.72
water bonds     =               0.00
helix dipole    =               -1.79
loop_entropy    =               0.00
cis_bond        =               0.10
disulfide       =               0.00
kn electrostatic=               0.00
partial covalent interactions = 0.00
Energy_Ionisation =             1.30
Entropy Complex =               0.00
-----------------------------------------------------------
Total          = 				  92.31

Residue ASPA201 has high Energy, we mutate it to itself
We optimize, instead of self-mutatingASPA201
Repair Residue ID= ASPA201

BackHbond       =               -243.16
SideHbond       =               -96.95
Energy_VdW      =               -361.79
Electro         =               -10.74
Energy_SolvP    =               487.91
Energy_SolvH    =               -469.53
Energy_vdwclash =               14.97
energy_torsion  =               9.64
backbone_vdwclash=              153.88
Entropy_sidec   =               198.62
Entropy_mainc   =               563.72
water bonds     =               0.00
helix dipole    =               -1.79
loop_entropy    =               0.00
cis_bond        =               0.10
disulfide       =               0.00
kn electrostatic=               0.00
partial covalent interactions = 0.00
Energy_Ionisation =             1.30
Entropy Complex =               0.00
-----------------------------------------------------------
Total          = 				  92.31

Residue ASPA202 has high Energy, we mutate it to itself
We optimize, instead of self-mutatingASPA202
Repair Residue ID= ASPA202

BackHbond       =               -243.16
SideHbond       =               -96.95
Energy_VdW      =               -361.79
Electro         =               -10.74
Energy_SolvP    =               487.91
Energy_SolvH    =               -469.53
Energy_vdwclash =               14.97
energy_torsion  =               9.64
backbone_vdwclash=              153.88
Entropy_sidec   =               198.62
Entropy_mainc   =               563.72
water bonds     =               0.00
helix dipole    =               -1.79
loop_entropy    =               0.00
cis_bond        =               0.10
disulfide       =               0.00
kn electrostatic=               0.00
partial covalent interactions = 0.00
Energy_Ionisation =             1.30
Entropy Complex =               0.00
-----------------------------------------------------------
Total          = 				  92.31

Residue PROA203 has high Energy, we mutate it to itself
Repair Residue ID= PROA203

BackHbond       =               -243.16
SideHbond       =               -96.95
Energy_VdW      =               -361.83
Electro         =               -10.74
Energy_SolvP    =               487.92
Energy_SolvH    =               -469.59
Energy_vdwclash =               14.97
energy_torsion  =               9.64
backbone_vdwclash=              153.88
Entropy_sidec   =               198.64
Entropy_mainc   =               563.72
water bonds     =               0.00
helix dipole    =               -1.79
loop_entropy    =               0.00
cis_bond        =               0.10
disulfide       =               0.00
kn electrostatic=               0.00
partial covalent interactions = 0.00
Energy_Ionisation =             1.30
Entropy Complex =               0.00
-----------------------------------------------------------
Total          = 				  92.24

Residue LYSA204 has high Energy, we mutate it to itself
Repair Residue ID= LYSA204

BackHbond       =               -243.16
SideHbond       =               -97.98
Energy_VdW      =               -361.99
Electro         =               -11.18
Energy_SolvP    =               488.48
Energy_SolvH    =               -469.77
Energy_vdwclash =               14.99
energy_torsion  =               9.68
backbone_vdwclash=              153.94
Entropy_sidec   =               199.39
Entropy_mainc   =               563.72
water bonds     =               0.00
helix dipole    =               -1.79
loop_entropy    =               0.00
cis_bond        =               0.10
disulfide       =               0.00
kn electrostatic=               0.00
partial covalent interactions = 0.00
Energy_Ionisation =             1.30
Entropy Complex =               0.00
-----------------------------------------------------------
Total          = 				  91.79

Residue ASPA205 has high Energy, we mutate it to itself
We optimize, instead of self-mutatingASPA205
Repair Residue ID= ASPA205

BackHbond       =               -243.16
SideHbond       =               -97.98
Energy_VdW      =               -361.99
Electro         =               -11.18
Energy_SolvP    =               488.48
Energy_SolvH    =               -469.77
Energy_vdwclash =               14.99
energy_torsion  =               9.68
backbone_vdwclash=              153.94
Entropy_sidec   =               199.39
Entropy_mainc   =               563.72
water bonds     =               0.00
helix dipole    =               -1.79
loop_entropy    =               0.00
cis_bond        =               0.10
disulfide       =               0.00
kn electrostatic=               0.00
partial covalent interactions = 0.00
Energy_Ionisation =             1.30
Entropy Complex =               0.00
-----------------------------------------------------------
Total          = 				  91.79

Residue ASPA206 has high Energy, we mutate it to itself
Repair Residue ID= ASPA206

BackHbond       =               -243.16
SideHbond       =               -97.98
Energy_VdW      =               -361.99
Electro         =               -11.17
Energy_SolvP    =               488.47
Energy_SolvH    =               -469.77
Energy_vdwclash =               14.99
energy_torsion  =               9.68
backbone_vdwclash=              153.94
Entropy_sidec   =               199.39
Entropy_mainc   =               563.72
water bonds     =               0.00
helix dipole    =               -1.79
loop_entropy    =               0.00
cis_bond        =               0.10
disulfide       =               0.00
kn electrostatic=               0.00
partial covalent interactions = 0.00
Energy_Ionisation =             1.30
Entropy Complex =               0.00
-----------------------------------------------------------
Total          = 				  91.78

Residue PHEA207 has high Energy, we mutate it to itself
Repair Residue ID= PHEA207

BackHbond       =               -243.16
SideHbond       =               -98.02
Energy_VdW      =               -362.07
Electro         =               -11.20
Energy_SolvP    =               488.54
Energy_SolvH    =               -469.89
Energy_vdwclash =               15.00
energy_torsion  =               9.69
backbone_vdwclash=              153.94
Entropy_sidec   =               199.43
Entropy_mainc   =               563.72
water bonds     =               0.00
helix dipole    =               -1.79
loop_entropy    =               0.00
cis_bond        =               0.10
disulfide       =               0.00
kn electrostatic=               0.00
partial covalent interactions = 0.00
Energy_Ionisation =             1.30
Entropy Complex =               0.00
-----------------------------------------------------------
Total          = 				  91.65

Residue ARGA209 has high Energy, we mutate it to itself
We optimize, instead of self-mutatingARGA209
Repair Residue ID= ARGA209

BackHbond       =               -243.16
SideHbond       =               -98.04
Energy_VdW      =               -362.06
Electro         =               -11.20
Energy_SolvP    =               488.54
Energy_SolvH    =               -469.88
Energy_vdwclash =               15.00
energy_torsion  =               9.69
backbone_vdwclash=              153.94
Entropy_sidec   =               199.43
Entropy_mainc   =               563.72
water bonds     =               0.00
helix dipole    =               -1.79
loop_entropy    =               0.00
cis_bond        =               0.10
disulfide       =               0.00
kn electrostatic=               0.00
partial covalent interactions = 0.00
Energy_Ionisation =             1.30
Entropy Complex =               0.00
-----------------------------------------------------------
Total          = 				  91.64

Residue VALA211 has high Energy, we mutate it to itself
Repair Residue ID= VALA211

BackHbond       =               -243.16
SideHbond       =               -98.04
Energy_VdW      =               -362.08
Electro         =               -11.20
Energy_SolvP    =               488.53
Energy_SolvH    =               -469.91
Energy_vdwclash =               15.00
energy_torsion  =               9.72
backbone_vdwclash=              153.93
Entropy_sidec   =               199.43
Entropy_mainc   =               563.71
water bonds     =               0.00
helix dipole    =               -1.79
loop_entropy    =               0.00
cis_bond        =               0.10
disulfide       =               0.00
kn electrostatic=               0.00
partial covalent interactions = 0.00
Energy_Ionisation =             1.30
Entropy Complex =               0.00
-----------------------------------------------------------
Total          = 				  91.61

Residue GLUA212 has high Energy, we mutate it to itself
Repair Residue ID= GLUA212

BackHbond       =               -243.15
SideHbond       =               -98.04
Energy_VdW      =               -362.02
Electro         =               -11.31
Energy_SolvP    =               488.25
Energy_SolvH    =               -469.88
Energy_vdwclash =               15.00
energy_torsion  =               9.69
backbone_vdwclash=              153.92
Entropy_sidec   =               199.39
Entropy_mainc   =               563.71
water bonds     =               0.00
helix dipole    =               -1.80
loop_entropy    =               0.00
cis_bond        =               0.10
disulfide       =               0.00
kn electrostatic=               0.00
partial covalent interactions = 0.00
Energy_Ionisation =             1.30
Entropy Complex =               0.00
-----------------------------------------------------------
Total          = 				  91.24

Residue THRA214 has high Energy, we mutate it to itself
We optimize, instead of self-mutatingTHRA214
Repair Residue ID= THRA214

BackHbond       =               -243.14
SideHbond       =               -98.02
Energy_VdW      =               -362.01
Electro         =               -11.31
Energy_SolvP    =               488.22
Energy_SolvH    =               -469.89
Energy_vdwclash =               15.00
energy_torsion  =               9.69
backbone_vdwclash=              153.92
Entropy_sidec   =               199.39
Entropy_mainc   =               563.71
water bonds     =               0.00
helix dipole    =               -1.80
loop_entropy    =               0.00
cis_bond        =               0.10
disulfide       =               0.00
kn electrostatic=               0.00
partial covalent interactions = 0.00
Energy_Ionisation =             1.30
Entropy Complex =               0.00
-----------------------------------------------------------
Total          = 				  91.23

Residue GLNA215 has high Energy, we mutate it to itself
Repair Residue ID= GLNA215

BackHbond       =               -243.14
SideHbond       =               -99.30
Energy_VdW      =               -362.04
Electro         =               -11.40
Energy_SolvP    =               488.46
Energy_SolvH    =               -469.81
Energy_vdwclash =               15.00
energy_torsion  =               9.71
backbone_vdwclash=              153.92
Entropy_sidec   =               200.03
Entropy_mainc   =               563.74
water bonds     =               0.00
helix dipole    =               -1.80
loop_entropy    =               0.00
cis_bond        =               0.10
disulfide       =               0.00
kn electrostatic=               0.00
partial covalent interactions = 0.00
Energy_Ionisation =             1.30
Entropy Complex =               0.00
-----------------------------------------------------------
Total          = 				  90.83

Residue ASPA216 has high Energy, we mutate it to itself
Repair Residue ID= ASPA216

BackHbond       =               -243.27
SideHbond       =               -99.82
Energy_VdW      =               -361.95
Electro         =               -11.39
Energy_SolvP    =               487.93
Energy_SolvH    =               -469.83
Energy_vdwclash =               15.07
energy_torsion  =               9.67
backbone_vdwclash=              153.89
Entropy_sidec   =               200.00
Entropy_mainc   =               563.67
water bonds     =               0.00
helix dipole    =               -1.81
loop_entropy    =               0.00
cis_bond        =               0.10
disulfide       =               0.00
kn electrostatic=               0.00
partial covalent interactions = 0.00
Energy_Ionisation =             1.30
Entropy Complex =               0.00
-----------------------------------------------------------
Total          = 				  89.67

Residue H1SA217 has high Energy, we mutate it to itself
Residue LYSA218 has high Energy, we mutate it to itself
Repair Residue ID= LYSA218

BackHbond       =               -243.51
SideHbond       =               -99.41
Energy_VdW      =               -361.52
Electro         =               -11.37
Energy_SolvP    =               486.24
Energy_SolvH    =               -469.52
Energy_vdwclash =               15.05
energy_torsion  =               9.66
backbone_vdwclash=              153.86
Entropy_sidec   =               199.06
Entropy_mainc   =               563.56
water bonds     =               0.00
helix dipole    =               -1.80
loop_entropy    =               0.00
cis_bond        =               0.10
disulfide       =               0.00
kn electrostatic=               0.00
partial covalent interactions = 0.00
Energy_Ionisation =             1.30
Entropy Complex =               0.00
-----------------------------------------------------------
Total          = 				  87.86

Residue PROA219 has high Energy, we mutate it to itself
Residue GLUA220 has high Energy, we mutate it to itself
We optimize, instead of self-mutatingGLUA220
Repair Residue ID= GLUA220

BackHbond       =               -243.52
SideHbond       =               -99.41
Energy_VdW      =               -361.52
Electro         =               -11.38
Energy_SolvP    =               486.26
Energy_SolvH    =               -469.51
Energy_vdwclash =               14.78
energy_torsion  =               9.66
backbone_vdwclash=              153.86
Entropy_sidec   =               199.06
Entropy_mainc   =               563.57
water bonds     =               0.00
helix dipole    =               -1.80
loop_entropy    =               0.00
cis_bond        =               0.10
disulfide       =               0.00
kn electrostatic=               0.00
partial covalent interactions = 0.00
Energy_Ionisation =             1.30
Entropy Complex =               0.00
-----------------------------------------------------------
Total          = 				  87.61

Residue LEUA221 has high Energy, we mutate it to itself
Repair Residue ID= LEUA221

BackHbond       =               -243.53
SideHbond       =               -99.41
Energy_VdW      =               -361.57
Electro         =               -11.38
Energy_SolvP    =               486.30
Energy_SolvH    =               -469.60
Energy_vdwclash =               14.80
energy_torsion  =               9.67
backbone_vdwclash=              153.88
Entropy_sidec   =               199.07
Entropy_mainc   =               563.57
water bonds     =               0.00
helix dipole    =               -1.80
loop_entropy    =               0.00
cis_bond        =               0.10
disulfide       =               0.00
kn electrostatic=               0.00
partial covalent interactions = 0.00
Energy_Ionisation =             1.30
Entropy Complex =               0.00
-----------------------------------------------------------
Total          = 				  87.52

Residue PROA222 has high Energy, we mutate it to itself
Repair Residue ID= PROA222

BackHbond       =               -243.54
SideHbond       =               -99.41
Energy_VdW      =               -361.61
Electro         =               -11.38
Energy_SolvP    =               486.35
Energy_SolvH    =               -469.66
Energy_vdwclash =               14.80
energy_torsion  =               9.67
backbone_vdwclash=              153.93
Entropy_sidec   =               199.08
Entropy_mainc   =               563.57
water bonds     =               0.00
helix dipole    =               -1.80
loop_entropy    =               0.00
cis_bond        =               0.10
disulfide       =               0.00
kn electrostatic=               0.00
partial covalent interactions = 0.00
Energy_Ionisation =             1.30
Entropy Complex =               0.00
-----------------------------------------------------------
Total          = 				  87.48

Residue LYSA223 has high Energy, we mutate it to itself
Repair Residue ID= LYSA223

BackHbond       =               -243.82
SideHbond       =               -99.14
Energy_VdW      =               -361.50
Electro         =               -10.59
Energy_SolvP    =               484.91
Energy_SolvH    =               -469.99
Energy_vdwclash =               14.79
energy_torsion  =               9.67
backbone_vdwclash=              153.91
Entropy_sidec   =               198.64
Entropy_mainc   =               563.27
water bonds     =               0.00
helix dipole    =               -1.68
loop_entropy    =               0.00
cis_bond        =               0.10
disulfide       =               0.00
kn electrostatic=               0.00
partial covalent interactions = 0.00
Energy_Ionisation =             1.30
Entropy Complex =               0.00
-----------------------------------------------------------
Total          = 				  85.94

Residue GLUA224 has high Energy, we mutate it to itself
We optimize, instead of self-mutatingGLUA224
Repair Residue ID= GLUA224

BackHbond       =               -243.82
SideHbond       =               -99.23
Energy_VdW      =               -361.51
Electro         =               -10.58
Energy_SolvP    =               484.89
Energy_SolvH    =               -470.00
Energy_vdwclash =               14.79
energy_torsion  =               9.67
backbone_vdwclash=              153.91
Entropy_sidec   =               198.64
Entropy_mainc   =               563.27
water bonds     =               0.00
helix dipole    =               -1.68
loop_entropy    =               0.00
cis_bond        =               0.10
disulfide       =               0.00
kn electrostatic=               0.00
partial covalent interactions = 0.00
Energy_Ionisation =             1.30
Entropy Complex =               0.00
-----------------------------------------------------------
Total          = 				  85.83

Residue ARGA225 has high Energy, we mutate it to itself
We optimize, instead of self-mutatingARGA225
Repair Residue ID= ARGA225

BackHbond       =               -243.93
SideHbond       =               -99.04
Energy_VdW      =               -361.51
Electro         =               -10.58
Energy_SolvP    =               484.98
Energy_SolvH    =               -470.01
Energy_vdwclash =               14.79
energy_torsion  =               9.67
backbone_vdwclash=              153.91
Entropy_sidec   =               198.43
Entropy_mainc   =               563.27
water bonds     =               0.00
helix dipole    =               -1.68
loop_entropy    =               0.00
cis_bond        =               0.10
disulfide       =               0.00
kn electrostatic=               0.00
partial covalent interactions = 0.00
Energy_Ionisation =             1.30
Entropy Complex =               0.00
-----------------------------------------------------------
Total          = 				  85.79

Residue GLUA226 has high Energy, we mutate it to itself
Repair Residue ID= GLUA226

BackHbond       =               -243.93
SideHbond       =               -99.04
Energy_VdW      =               -361.68
Electro         =               -10.56
Energy_SolvP    =               485.14
Energy_SolvH    =               -470.29
Energy_vdwclash =               14.79
energy_torsion  =               9.66
backbone_vdwclash=              154.03
Entropy_sidec   =               198.60
Entropy_mainc   =               563.27
water bonds     =               0.00
helix dipole    =               -1.90
loop_entropy    =               0.00
cis_bond        =               0.10
disulfide       =               0.00
kn electrostatic=               0.00
partial covalent interactions = 0.00
Energy_Ionisation =             1.30
Entropy Complex =               0.00
-----------------------------------------------------------
Total          = 				  85.45

Residue ARGA227 has high Energy, we mutate it to itself
We optimize, instead of self-mutatingARGA227
Repair Residue ID= ARGA227

BackHbond       =               -243.95
SideHbond       =               -99.07
Energy_VdW      =               -361.70
Electro         =               -10.57
Energy_SolvP    =               485.14
Energy_SolvH    =               -470.32
Energy_vdwclash =               14.82
energy_torsion  =               9.67
backbone_vdwclash=              154.03
Entropy_sidec   =               198.60
Entropy_mainc   =               563.29
water bonds     =               0.00
helix dipole    =               -1.90
loop_entropy    =               0.00
cis_bond        =               0.10
disulfide       =               0.00
kn electrostatic=               0.00
partial covalent interactions = 0.00
Energy_Ionisation =             1.30
Entropy Complex =               0.00
-----------------------------------------------------------
Total          = 				  85.39

Residue GLUA229 has high Energy, we mutate it to itself
We optimize, instead of self-mutatingGLUA229
Repair Residue ID= GLUA229

BackHbond       =               -243.95
SideHbond       =               -99.07
Energy_VdW      =               -361.70
Electro         =               -10.58
Energy_SolvP    =               485.10
Energy_SolvH    =               -470.32
Energy_vdwclash =               14.83
energy_torsion  =               9.67
backbone_vdwclash=              154.03
Entropy_sidec   =               198.60
Entropy_mainc   =               563.29
water bonds     =               0.00
helix dipole    =               -1.91
loop_entropy    =               0.00
cis_bond        =               0.10
disulfide       =               0.00
kn electrostatic=               0.00
partial covalent interactions = 0.00
Energy_Ionisation =             1.30
Entropy Complex =               0.00
-----------------------------------------------------------
Total          = 				  85.36

Residue SERA234 has high Energy, we mutate it to itself
Repair Residue ID= SERA234

BackHbond       =               -244.55
SideHbond       =               -99.92
Energy_VdW      =               -361.51
Electro         =               -10.60
Energy_SolvP    =               484.43
Energy_SolvH    =               -470.22
Energy_vdwclash =               14.83
energy_torsion  =               9.67
backbone_vdwclash=              154.03
Entropy_sidec   =               198.84
Entropy_mainc   =               563.28
water bonds     =               0.00
helix dipole    =               -1.91
loop_entropy    =               0.00
cis_bond        =               0.10
disulfide       =               0.00
kn electrostatic=               0.00
partial covalent interactions = 0.00
Energy_Ionisation =             1.30
Entropy Complex =               0.00
-----------------------------------------------------------
Total          = 				  83.74

Residue META236 has high Energy, we mutate it to itself
Repair Residue ID= META236

BackHbond       =               -244.55
SideHbond       =               -99.92
Energy_VdW      =               -361.55
Electro         =               -10.60
Energy_SolvP    =               484.44
Energy_SolvH    =               -470.30
Energy_vdwclash =               14.85
energy_torsion  =               9.67
backbone_vdwclash=              154.03
Entropy_sidec   =               198.86
Entropy_mainc   =               563.29
water bonds     =               0.00
helix dipole    =               -1.91
loop_entropy    =               0.00
cis_bond        =               0.10
disulfide       =               0.00
kn electrostatic=               0.00
partial covalent interactions = 0.00
Energy_Ionisation =             1.30
Entropy Complex =               0.00
-----------------------------------------------------------
Total          = 				  83.69

Residue ASNA237 has high Energy, we mutate it to itself
We optimize, instead of self-mutatingASNA237
Repair Residue ID= ASNA237

BackHbond       =               -244.55
SideHbond       =               -99.92
Energy_VdW      =               -361.55
Electro         =               -10.60
Energy_SolvP    =               484.44
Energy_SolvH    =               -470.30
Energy_vdwclash =               14.85
energy_torsion  =               9.67
backbone_vdwclash=              154.03
Entropy_sidec   =               198.86
Entropy_mainc   =               563.29
water bonds     =               0.00
helix dipole    =               -1.91
loop_entropy    =               0.00
cis_bond        =               0.10
disulfide       =               0.00
kn electrostatic=               0.00
partial covalent interactions = 0.00
Energy_Ionisation =             1.30
Entropy Complex =               0.00
-----------------------------------------------------------
Total          = 				  83.69

Residue LYSA238 has high Energy, we mutate it to itself
We optimize, instead of self-mutatingLYSA238
Repair Residue ID= LYSA238

BackHbond       =               -245.50
SideHbond       =               -100.78
Energy_VdW      =               -362.13
Electro         =               -10.66
Energy_SolvP    =               485.43
Energy_SolvH    =               -471.10
Energy_vdwclash =               14.85
energy_torsion  =               9.67
backbone_vdwclash=              154.04
Entropy_sidec   =               199.93
Entropy_mainc   =               563.64
water bonds     =               0.00
helix dipole    =               -1.91
loop_entropy    =               0.00
cis_bond        =               0.10
disulfide       =               0.00
kn electrostatic=               0.00
partial covalent interactions = 0.00
Energy_Ionisation =             1.30
Entropy Complex =               0.00
-----------------------------------------------------------
Total          = 				  82.84

Residue SERA239 has high Energy, we mutate it to itself
Repair Residue ID= SERA239

BackHbond       =               -245.50
SideHbond       =               -100.78
Energy_VdW      =               -362.12
Electro         =               -10.66
Energy_SolvP    =               485.41
Energy_SolvH    =               -471.09
Energy_vdwclash =               14.85
energy_torsion  =               9.67
backbone_vdwclash=              154.04
Entropy_sidec   =               199.92
Entropy_mainc   =               563.64
water bonds     =               0.00
helix dipole    =               -1.91
loop_entropy    =               0.00
cis_bond        =               0.10
disulfide       =               0.00
kn electrostatic=               0.00
partial covalent interactions = 0.00
Energy_Ionisation =             1.30
Entropy Complex =               0.00
-----------------------------------------------------------
Total          = 				  82.83

Residue VALA241 has high Energy, we mutate it to itself
Repair Residue ID= VALA241

BackHbond       =               -245.51
SideHbond       =               -100.78
Energy_VdW      =               -362.16
Electro         =               -10.64
Energy_SolvP    =               485.37
Energy_SolvH    =               -471.18
Energy_vdwclash =               14.85
energy_torsion  =               9.72
backbone_vdwclash=              154.04
Entropy_sidec   =               199.94
Entropy_mainc   =               563.65
water bonds     =               0.00
helix dipole    =               -1.91
loop_entropy    =               0.00
cis_bond        =               0.10
disulfide       =               0.00
kn electrostatic=               0.00
partial covalent interactions = 0.00
Energy_Ionisation =             1.30
Entropy Complex =               0.00
-----------------------------------------------------------
Total          = 				  82.76

Residue ARGA243 has high Energy, we mutate it to itself
We optimize, instead of self-mutatingARGA243
Repair Residue ID= ARGA243

BackHbond       =               -245.53
SideHbond       =               -100.80
Energy_VdW      =               -362.17
Electro         =               -10.65
Energy_SolvP    =               485.33
Energy_SolvH    =               -471.20
Energy_vdwclash =               14.85
energy_torsion  =               9.72
backbone_vdwclash=              154.04
Entropy_sidec   =               199.94
Entropy_mainc   =               563.65
water bonds     =               0.00
helix dipole    =               -1.91
loop_entropy    =               0.00
cis_bond        =               0.10
disulfide       =               0.00
kn electrostatic=               0.00
partial covalent interactions = 0.00
Energy_Ionisation =             1.30
Entropy Complex =               0.00
-----------------------------------------------------------
Total          = 				  82.65

Residue LYSA247 has high Energy, we mutate it to itself
We optimize, instead of self-mutatingLYSA247
Repair Residue ID= LYSA247

BackHbond       =               -245.53
SideHbond       =               -100.82
Energy_VdW      =               -362.16
Electro         =               -10.65
Energy_SolvP    =               485.28
Energy_SolvH    =               -471.19
Energy_vdwclash =               14.84
energy_torsion  =               9.72
backbone_vdwclash=              154.04
Entropy_sidec   =               199.95
Entropy_mainc   =               563.65
water bonds     =               0.00
helix dipole    =               -1.90
loop_entropy    =               0.00
cis_bond        =               0.10
disulfide       =               0.00
kn electrostatic=               0.00
partial covalent interactions = 0.00
Energy_Ionisation =             1.30
Entropy Complex =               0.00
-----------------------------------------------------------
Total          = 				  82.60

Residue ARGA248 has high Energy, we mutate it to itself
We optimize, instead of self-mutatingARGA248
We optimize, instead of self-mutatingARGA248
We optimize, instead of self-mutatingARGA248
We optimize, instead of self-mutatingARGA248
Repair Residue ID= ARGA248

BackHbond       =               -246.35
SideHbond       =               -102.09
Energy_VdW      =               -363.03
Electro         =               -11.48
Energy_SolvP    =               486.45
Energy_SolvH    =               -472.10
Energy_vdwclash =               14.85
energy_torsion  =               9.77
backbone_vdwclash=              154.04
Entropy_sidec   =               200.95
Entropy_mainc   =               564.11
water bonds     =               0.00
helix dipole    =               -1.90
loop_entropy    =               0.00
cis_bond        =               0.10
disulfide       =               0.00
kn electrostatic=               0.00
partial covalent interactions = 0.00
Energy_Ionisation =             1.30
Entropy Complex =               0.00
-----------------------------------------------------------
Total          = 				  80.58

Residue ARGA250 has high Energy, we mutate it to itself
We optimize, instead of self-mutatingARGA250
Repair Residue ID= ARGA250

BackHbond       =               -246.39
SideHbond       =               -102.37
Energy_VdW      =               -363.18
Electro         =               -11.49
Energy_SolvP    =               486.68
Energy_SolvH    =               -472.23
Energy_vdwclash =               14.83
energy_torsion  =               9.77
backbone_vdwclash=              154.03
Entropy_sidec   =               201.19
Entropy_mainc   =               564.17
water bonds     =               0.00
helix dipole    =               -1.90
loop_entropy    =               0.00
cis_bond        =               0.10
disulfide       =               0.00
kn electrostatic=               0.00
partial covalent interactions = 0.00
Energy_Ionisation =             1.30
Entropy Complex =               0.00
-----------------------------------------------------------
Total          = 				  80.47

Residue LEUA251 has high Energy, we mutate it to itself
Repair Residue ID= LEUA251

BackHbond       =               -246.39
SideHbond       =               -102.37
Energy_VdW      =               -363.16
Electro         =               -11.49
Energy_SolvP    =               486.66
Energy_SolvH    =               -472.20
Energy_vdwclash =               14.83
energy_torsion  =               9.73
backbone_vdwclash=              154.03
Entropy_sidec   =               201.17
Entropy_mainc   =               564.17
water bonds     =               0.00
helix dipole    =               -1.90
loop_entropy    =               0.00
cis_bond        =               0.10
disulfide       =               0.00
kn electrostatic=               0.00
partial covalent interactions = 0.00
Energy_Ionisation =             1.30
Entropy Complex =               0.00
-----------------------------------------------------------
Total          = 				  80.45

Residue THRA252 has high Energy, we mutate it to itself
Repair Residue ID= THRA252

BackHbond       =               -246.39
SideHbond       =               -102.37
Energy_VdW      =               -363.16
Electro         =               -11.49
Energy_SolvP    =               486.65
Energy_SolvH    =               -472.22
Energy_vdwclash =               14.83
energy_torsion  =               9.74
backbone_vdwclash=              154.03
Entropy_sidec   =               201.16
Entropy_mainc   =               564.18
water bonds     =               0.00
helix dipole    =               -1.90
loop_entropy    =               0.00
cis_bond        =               0.10
disulfide       =               0.00
kn electrostatic=               0.00
partial covalent interactions = 0.00
Energy_Ionisation =             1.30
Entropy Complex =               0.00
-----------------------------------------------------------
Total          = 				  80.42

Residue H2SA253 has high Energy, we mutate it to itself
Repair Residue ID= H2SA253

BackHbond       =               -246.39
SideHbond       =               -102.30
Energy_VdW      =               -363.15
Electro         =               -11.49
Energy_SolvP    =               486.61
Energy_SolvH    =               -472.21
Energy_vdwclash =               14.85
energy_torsion  =               9.66
backbone_vdwclash=              154.03
Entropy_sidec   =               201.16
Entropy_mainc   =               564.17
water bonds     =               0.00
helix dipole    =               -1.90
loop_entropy    =               0.00
cis_bond        =               0.10
disulfide       =               0.00
kn electrostatic=               0.00
partial covalent interactions = 0.00
Energy_Ionisation =             1.31
Entropy Complex =               0.00
-----------------------------------------------------------
Total          = 				  80.41

Residue ASNA254 has high Energy, we mutate it to itself
Repair Residue ID= ASNA254

BackHbond       =               -246.39
SideHbond       =               -102.30
Energy_VdW      =               -363.07
Electro         =               -11.49
Energy_SolvP    =               486.39
Energy_SolvH    =               -472.19
Energy_vdwclash =               14.85
energy_torsion  =               9.66
backbone_vdwclash=              154.03
Entropy_sidec   =               201.16
Entropy_mainc   =               564.05
water bonds     =               0.00
helix dipole    =               -1.90
loop_entropy    =               0.00
cis_bond        =               0.10
disulfide       =               0.00
kn electrostatic=               0.00
partial covalent interactions = 0.00
Energy_Ionisation =             1.31
Entropy Complex =               0.00
-----------------------------------------------------------
Total          = 				  80.17

Residue PROA256 has high Energy, we mutate it to itself
Repair Residue ID= PROA256

BackHbond       =               -246.39
SideHbond       =               -102.30
Energy_VdW      =               -363.05
Electro         =               -11.49
Energy_SolvP    =               486.28
Energy_SolvH    =               -472.16
Energy_vdwclash =               14.85
energy_torsion  =               9.66
backbone_vdwclash=              154.03
Entropy_sidec   =               201.16
Entropy_mainc   =               564.04
water bonds     =               0.00
helix dipole    =               -1.90
loop_entropy    =               0.00
cis_bond        =               0.10
disulfide       =               0.00
kn electrostatic=               0.00
partial covalent interactions = 0.00
Energy_Ionisation =             1.31
Entropy Complex =               0.00
-----------------------------------------------------------
Total          = 				  80.10

Residue VALA257 has high Energy, we mutate it to itself
Repair Residue ID= VALA257

BackHbond       =               -246.39
SideHbond       =               -102.30
Energy_VdW      =               -363.08
Electro         =               -11.49
Energy_SolvP    =               486.31
Energy_SolvH    =               -472.20
Energy_vdwclash =               14.85
energy_torsion  =               9.66
backbone_vdwclash=              154.03
Entropy_sidec   =               201.17
Entropy_mainc   =               564.04
water bonds     =               0.00
helix dipole    =               -1.90
loop_entropy    =               0.00
cis_bond        =               0.10
disulfide       =               0.00
kn electrostatic=               0.00
partial covalent interactions = 0.00
Energy_Ionisation =             1.31
Entropy Complex =               0.00
-----------------------------------------------------------
Total          = 				  80.09

Residue ARGA258 has high Energy, we mutate it to itself
We optimize, instead of self-mutatingARGA258
Repair Residue ID= ARGA258

BackHbond       =               -246.39
SideHbond       =               -105.29
Energy_VdW      =               -363.28
Electro         =               -11.45
Energy_SolvP    =               486.67
Energy_SolvH    =               -472.37
Energy_vdwclash =               14.85
energy_torsion  =               9.66
backbone_vdwclash=              154.06
Entropy_sidec   =               203.23
Entropy_mainc   =               564.14
water bonds     =               0.00
helix dipole    =               -1.90
loop_entropy    =               0.00
cis_bond        =               0.10
disulfide       =               0.00
kn electrostatic=               0.00
partial covalent interactions = 0.00
Energy_Ionisation =             1.31
Entropy Complex =               0.00
-----------------------------------------------------------
Total          = 				  79.26

Residue ARGA259 has high Energy, we mutate it to itself
Repair Residue ID= ARGA259

BackHbond       =               -246.40
SideHbond       =               -105.29
Energy_VdW      =               -363.49
Electro         =               -11.40
Energy_SolvP    =               486.75
Energy_SolvH    =               -472.70
Energy_vdwclash =               14.85
energy_torsion  =               9.66
backbone_vdwclash=              154.09
Entropy_sidec   =               203.27
Entropy_mainc   =               564.19
water bonds     =               0.00
helix dipole    =               -1.96
loop_entropy    =               0.00
cis_bond        =               0.10
disulfide       =               0.00
kn electrostatic=               0.00
partial covalent interactions = 0.00
Energy_Ionisation =             1.31
Entropy Complex =               0.00
-----------------------------------------------------------
Total          = 				  78.89

Residue SERA260 has high Energy, we mutate it to itself
We optimize, instead of self-mutatingSERA260
Repair Residue ID= SERA260

BackHbond       =               -246.40
SideHbond       =               -105.28
Energy_VdW      =               -363.49
Electro         =               -11.40
Energy_SolvP    =               486.75
Energy_SolvH    =               -472.70
Energy_vdwclash =               14.84
energy_torsion  =               9.66
backbone_vdwclash=              154.09
Entropy_sidec   =               203.27
Entropy_mainc   =               564.19
water bonds     =               0.00
helix dipole    =               -1.96
loop_entropy    =               0.00
cis_bond        =               0.10
disulfide       =               0.00
kn electrostatic=               0.00
partial covalent interactions = 0.00
Energy_Ionisation =             1.31
Entropy Complex =               0.00
-----------------------------------------------------------
Total          = 				  78.89

Residue THRA261 has high Energy, we mutate it to itself
We optimize, instead of self-mutatingTHRA261
Repair Residue ID= THRA261

BackHbond       =               -246.40
SideHbond       =               -105.28
Energy_VdW      =               -363.49
Electro         =               -11.40
Energy_SolvP    =               486.75
Energy_SolvH    =               -472.70
Energy_vdwclash =               14.84
energy_torsion  =               9.66
backbone_vdwclash=              154.09
Entropy_sidec   =               203.27
Entropy_mainc   =               564.19
water bonds     =               0.00
helix dipole    =               -1.96
loop_entropy    =               0.00
cis_bond        =               0.10
disulfide       =               0.00
kn electrostatic=               0.00
partial covalent interactions = 0.00
Energy_Ionisation =             1.31
Entropy Complex =               0.00
-----------------------------------------------------------
Total          = 				  78.89

Residue VALA262 has high Energy, we mutate it to itself
Repair Residue ID= VALA262

BackHbond       =               -246.35
SideHbond       =               -105.34
Energy_VdW      =               -363.52
Electro         =               -11.36
Energy_SolvP    =               486.59
Energy_SolvH    =               -472.88
Energy_vdwclash =               14.85
energy_torsion  =               9.73
backbone_vdwclash=              154.09
Entropy_sidec   =               203.24
Entropy_mainc   =               564.18
water bonds     =               0.00
helix dipole    =               -1.96
loop_entropy    =               0.00
cis_bond        =               0.10
disulfide       =               0.00
kn electrostatic=               0.00
partial covalent interactions = 0.00
Energy_Ionisation =             1.30
Entropy Complex =               0.00
-----------------------------------------------------------
Total          = 				  78.58

Residue GLNA265 has high Energy, we mutate it to itself
Repair Residue ID= GLNA265

BackHbond       =               -246.36
SideHbond       =               -105.36
Energy_VdW      =               -363.40
Electro         =               -11.36
Energy_SolvP    =               486.31
Energy_SolvH    =               -472.79
Energy_vdwclash =               14.84
energy_torsion  =               9.73
backbone_vdwclash=              154.09
Entropy_sidec   =               203.12
Entropy_mainc   =               564.20
water bonds     =               0.00
helix dipole    =               -1.96
loop_entropy    =               0.00
cis_bond        =               0.10
disulfide       =               0.00
kn electrostatic=               0.00
partial covalent interactions = 0.00
Energy_Ionisation =             1.30
Entropy Complex =               0.00
-----------------------------------------------------------
Total          = 				  78.39

Residue PHEA268 has high Energy, we mutate it to itself
Repair Residue ID= PHEA268

BackHbond       =               -246.35
SideHbond       =               -105.37
Energy_VdW      =               -363.63
Electro         =               -11.35
Energy_SolvP    =               486.37
Energy_SolvH    =               -473.16
Energy_vdwclash =               14.90
energy_torsion  =               9.73
backbone_vdwclash=              154.09
Entropy_sidec   =               203.12
Entropy_mainc   =               564.21
water bonds     =               0.00
helix dipole    =               -1.96
loop_entropy    =               0.00
cis_bond        =               0.10
disulfide       =               0.00
kn electrostatic=               0.00
partial covalent interactions = 0.00
Energy_Ionisation =             1.31
Entropy Complex =               0.00
-----------------------------------------------------------
Total          = 				  77.92

Residue ASPA277 has high Energy, we mutate it to itself
We optimize, instead of self-mutatingASPA277
Repair Residue ID= ASPA277

BackHbond       =               -246.35
SideHbond       =               -105.48
Energy_VdW      =               -363.63
Electro         =               -11.35
Energy_SolvP    =               486.37
Energy_SolvH    =               -473.16
Energy_vdwclash =               14.90
energy_torsion  =               9.73
backbone_vdwclash=              154.09
Entropy_sidec   =               203.12
Entropy_mainc   =               564.21
water bonds     =               0.00
helix dipole    =               -1.96
loop_entropy    =               0.00
cis_bond        =               0.10
disulfide       =               0.00
kn electrostatic=               0.00
partial covalent interactions = 0.00
Energy_Ionisation =             1.31
Entropy Complex =               0.00
-----------------------------------------------------------
Total          = 				  77.82

Residue SERA280 has high Energy, we mutate it to itself
We optimize, instead of self-mutatingSERA280
Repair Residue ID= SERA280

BackHbond       =               -246.38
SideHbond       =               -105.51
Energy_VdW      =               -363.63
Electro         =               -11.35
Energy_SolvP    =               486.38
Energy_SolvH    =               -473.16
Energy_vdwclash =               14.90
energy_torsion  =               9.73
backbone_vdwclash=              154.09
Entropy_sidec   =               203.12
Entropy_mainc   =               564.21
water bonds     =               0.00
helix dipole    =               -1.96
loop_entropy    =               0.00
cis_bond        =               0.10
disulfide       =               0.00
kn electrostatic=               0.00
partial covalent interactions = 0.00
Energy_Ionisation =             1.31
Entropy Complex =               0.00
-----------------------------------------------------------
Total          = 				  77.76

Residue TYRA281 has high Energy, we mutate it to itself
Residue ASPA282 has high Energy, we mutate it to itself
We optimize, instead of self-mutatingASPA282
Repair Residue ID= ASPA282

BackHbond       =               -246.88
SideHbond       =               -106.02
Energy_VdW      =               -363.57
Electro         =               -11.30
Energy_SolvP    =               485.99
Energy_SolvH    =               -473.17
Energy_vdwclash =               15.01
energy_torsion  =               9.73
backbone_vdwclash=              153.98
Entropy_sidec   =               203.06
Entropy_mainc   =               564.08
water bonds     =               0.00
helix dipole    =               -1.96
loop_entropy    =               0.00
cis_bond        =               0.10
disulfide       =               0.00
kn electrostatic=               0.00
partial covalent interactions = 0.00
Energy_Ionisation =             1.31
Entropy Complex =               0.00
-----------------------------------------------------------
Total          = 				  76.38

Residue PHEA283 has high Energy, we mutate it to itself
Repair Residue ID= PHEA283

BackHbond       =               -246.88
SideHbond       =               -106.02
Energy_VdW      =               -363.59
Electro         =               -11.26
Energy_SolvP    =               485.90
Energy_SolvH    =               -473.25
Energy_vdwclash =               15.04
energy_torsion  =               9.73
backbone_vdwclash=              153.97
Entropy_sidec   =               203.07
Entropy_mainc   =               564.07
water bonds     =               0.00
helix dipole    =               -1.96
loop_entropy    =               0.00
cis_bond        =               0.10
disulfide       =               0.00
kn electrostatic=               0.00
partial covalent interactions = 0.00
Energy_Ionisation =             1.31
Entropy Complex =               0.00
-----------------------------------------------------------
Total          = 				  76.27

Residue PHEA284 has high Energy, we mutate it to itself
Repair Residue ID= PHEA284

BackHbond       =               -246.81
SideHbond       =               -106.04
Energy_VdW      =               -363.40
Electro         =               -11.30
Energy_SolvP    =               485.71
Energy_SolvH    =               -472.96
Energy_vdwclash =               15.04
energy_torsion  =               9.81
backbone_vdwclash=              154.07
Entropy_sidec   =               202.93
Entropy_mainc   =               563.71
water bonds     =               0.00
helix dipole    =               -1.96
loop_entropy    =               0.00
cis_bond        =               0.10
disulfide       =               0.00
kn electrostatic=               0.00
partial covalent interactions = 0.00
Energy_Ionisation =             1.31
Entropy Complex =               0.00
-----------------------------------------------------------
Total          = 				  76.14

Residue SERA285 has high Energy, we mutate it to itself
We optimize, instead of self-mutatingSERA285
Repair Residue ID= SERA285

BackHbond       =               -246.81
SideHbond       =               -106.04
Energy_VdW      =               -363.40
Electro         =               -11.30
Energy_SolvP    =               485.71
Energy_SolvH    =               -472.96
Energy_vdwclash =               15.04
energy_torsion  =               9.81
backbone_vdwclash=              154.07
Entropy_sidec   =               202.93
Entropy_mainc   =               563.71
water bonds     =               0.00
helix dipole    =               -1.96
loop_entropy    =               0.00
cis_bond        =               0.10
disulfide       =               0.00
kn electrostatic=               0.00
partial covalent interactions = 0.00
Energy_Ionisation =             1.31
Entropy Complex =               0.00
-----------------------------------------------------------
Total          = 				  76.14

Residue GLUA287 has high Energy, we mutate it to itself
Repair Residue ID= GLUA287

BackHbond       =               -246.81
SideHbond       =               -106.05
Energy_VdW      =               -363.39
Electro         =               -11.27
Energy_SolvP    =               485.32
Energy_SolvH    =               -473.10
Energy_vdwclash =               15.02
energy_torsion  =               9.80
backbone_vdwclash=              154.00
Entropy_sidec   =               202.98
Entropy_mainc   =               563.71
water bonds     =               0.00
helix dipole    =               -1.96
loop_entropy    =               0.00
cis_bond        =               0.10
disulfide       =               0.00
kn electrostatic=               0.00
partial covalent interactions = 0.00
Energy_Ionisation =             1.31
Entropy Complex =               0.00
-----------------------------------------------------------
Total          = 				  75.65

Residue PHEA288 has high Energy, we mutate it to itself
We optimize, instead of self-mutatingPHEA288
Repair Residue ID= PHEA288

BackHbond       =               -246.81
SideHbond       =               -106.05
Energy_VdW      =               -363.39
Electro         =               -11.26
Energy_SolvP    =               485.32
Energy_SolvH    =               -473.10
Energy_vdwclash =               15.00
energy_torsion  =               9.80
backbone_vdwclash=              154.00
Entropy_sidec   =               202.98
Entropy_mainc   =               563.71
water bonds     =               0.00
helix dipole    =               -1.96
loop_entropy    =               0.00
cis_bond        =               0.10
disulfide       =               0.00
kn electrostatic=               0.00
partial covalent interactions = 0.00
Energy_Ionisation =             1.31
Entropy Complex =               0.00
-----------------------------------------------------------
Total          = 				  75.65

Residue SERA291 has high Energy, we mutate it to itself
We optimize, instead of self-mutatingSERA291
Repair Residue ID= SERA291

BackHbond       =               -246.83
SideHbond       =               -106.06
Energy_VdW      =               -363.39
Electro         =               -11.26
Energy_SolvP    =               485.33
Energy_SolvH    =               -473.10
Energy_vdwclash =               15.00
energy_torsion  =               9.82
backbone_vdwclash=              154.00
Entropy_sidec   =               202.98
Entropy_mainc   =               563.71
water bonds     =               0.00
helix dipole    =               -1.96
loop_entropy    =               0.00
cis_bond        =               0.10
disulfide       =               0.00
kn electrostatic=               0.00
partial covalent interactions = 0.00
Energy_Ionisation =             1.31
Entropy Complex =               0.00
-----------------------------------------------------------
Total          = 				  75.64

Residue GLUA293 has high Energy, we mutate it to itself
Repair Residue ID= GLUA293

BackHbond       =               -246.80
SideHbond       =               -106.53
Energy_VdW      =               -363.38
Electro         =               -11.26
Energy_SolvP    =               485.14
Energy_SolvH    =               -473.15
Energy_vdwclash =               15.00
energy_torsion  =               9.83
backbone_vdwclash=              154.00
Entropy_sidec   =               203.26
Entropy_mainc   =               563.68
water bonds     =               0.00
helix dipole    =               -1.97
loop_entropy    =               0.00
cis_bond        =               0.10
disulfide       =               0.00
kn electrostatic=               0.00
partial covalent interactions = 0.00
Energy_Ionisation =             1.31
Entropy Complex =               0.00
-----------------------------------------------------------
Total          = 				  75.23

Residue THRA296 has high Energy, we mutate it to itself
We optimize, instead of self-mutatingTHRA296
Repair Residue ID= THRA296

BackHbond       =               -246.79
SideHbond       =               -106.57
Energy_VdW      =               -363.38
Electro         =               -11.26
Energy_SolvP    =               485.13
Energy_SolvH    =               -473.15
Energy_vdwclash =               15.00
energy_torsion  =               9.82
backbone_vdwclash=              153.97
Entropy_sidec   =               203.26
Entropy_mainc   =               563.68
water bonds     =               0.00
helix dipole    =               -1.97
loop_entropy    =               0.00
cis_bond        =               0.10
disulfide       =               0.00
kn electrostatic=               0.00
partial covalent interactions = 0.00
Energy_Ionisation =             1.31
Entropy Complex =               0.00
-----------------------------------------------------------
Total          = 				  75.18

Residue SERA297 has high Energy, we mutate it to itself
Repair Residue ID= SERA297

BackHbond       =               -246.79
SideHbond       =               -106.57
Energy_VdW      =               -363.38
Electro         =               -11.26
Energy_SolvP    =               485.13
Energy_SolvH    =               -473.15
Energy_vdwclash =               15.00
energy_torsion  =               9.82
backbone_vdwclash=              153.97
Entropy_sidec   =               203.26
Entropy_mainc   =               563.68
water bonds     =               0.00
helix dipole    =               -1.97
loop_entropy    =               0.00
cis_bond        =               0.10
disulfide       =               0.00
kn electrostatic=               0.00
partial covalent interactions = 0.00
Energy_Ionisation =             1.31
Entropy Complex =               0.00
-----------------------------------------------------------
Total          = 				  75.18

Residue VALA298 has high Energy, we mutate it to itself
Repair Residue ID= VALA298

BackHbond       =               -246.79
SideHbond       =               -106.57
Energy_VdW      =               -363.38
Electro         =               -11.26
Energy_SolvP    =               485.13
Energy_SolvH    =               -473.15
Energy_vdwclash =               15.00
energy_torsion  =               9.82
backbone_vdwclash=              153.97
Entropy_sidec   =               203.26
Entropy_mainc   =               563.68
water bonds     =               0.00
helix dipole    =               -1.97
loop_entropy    =               0.00
cis_bond        =               0.10
disulfide       =               0.00
kn electrostatic=               0.00
partial covalent interactions = 0.00
Energy_Ionisation =             1.31
Entropy Complex =               0.00
-----------------------------------------------------------
Total          = 				  75.18

Residue H2SA299 has high Energy, we mutate it to itself
Repair Residue ID= H2SA299

BackHbond       =               -246.79
SideHbond       =               -106.58
Energy_VdW      =               -363.43
Electro         =               -11.26
Energy_SolvP    =               485.19
Energy_SolvH    =               -473.20
Energy_vdwclash =               15.00
energy_torsion  =               9.81
backbone_vdwclash=              153.97
Entropy_sidec   =               203.26
Entropy_mainc   =               563.69
water bonds     =               0.00
helix dipole    =               -1.97
loop_entropy    =               0.00
cis_bond        =               0.10
disulfide       =               0.00
kn electrostatic=               0.00
partial covalent interactions = 0.00
Energy_Ionisation =             1.31
Entropy Complex =               0.00
-----------------------------------------------------------
Total          = 				  75.14

Residue THRA300 has high Energy, we mutate it to itself
We optimize, instead of self-mutatingTHRA300
Repair Residue ID= THRA300

BackHbond       =               -246.79
SideHbond       =               -106.58
Energy_VdW      =               -363.43
Electro         =               -11.26
Energy_SolvP    =               485.19
Energy_SolvH    =               -473.20
Energy_vdwclash =               15.00
energy_torsion  =               9.81
backbone_vdwclash=              153.97
Entropy_sidec   =               203.26
Entropy_mainc   =               563.69
water bonds     =               0.00
helix dipole    =               -1.97
loop_entropy    =               0.00
cis_bond        =               0.10
disulfide       =               0.00
kn electrostatic=               0.00
partial covalent interactions = 0.00
Energy_Ionisation =             1.31
Entropy Complex =               0.00
-----------------------------------------------------------
Total          = 				  75.14

Residue ASPA302 has high Energy, we mutate it to itself
We optimize, instead of self-mutatingASPA302
Repair Residue ID= ASPA302

BackHbond       =               -246.78
SideHbond       =               -106.57
Energy_VdW      =               -363.42
Electro         =               -11.26
Energy_SolvP    =               485.13
Energy_SolvH    =               -473.19
Energy_vdwclash =               15.00
energy_torsion  =               9.81
backbone_vdwclash=              153.97
Entropy_sidec   =               203.26
Entropy_mainc   =               563.69
water bonds     =               0.00
helix dipole    =               -1.97
loop_entropy    =               0.00
cis_bond        =               0.10
disulfide       =               0.00
kn electrostatic=               0.00
partial covalent interactions = 0.00
Energy_Ionisation =             1.31
Entropy Complex =               0.00
-----------------------------------------------------------
Total          = 				  75.11

Residue GLNA304 has high Energy, we mutate it to itself
We optimize, instead of self-mutatingGLNA304
Repair Residue ID= GLNA304

BackHbond       =               -246.81
SideHbond       =               -108.02
Energy_VdW      =               -363.62
Electro         =               -11.26
Energy_SolvP    =               485.44
Energy_SolvH    =               -473.44
Energy_vdwclash =               15.00
energy_torsion  =               9.86
backbone_vdwclash=              154.01
Entropy_sidec   =               204.07
Entropy_mainc   =               563.69
water bonds     =               0.00
helix dipole    =               -1.97
loop_entropy    =               0.00
cis_bond        =               0.10
disulfide       =               0.00
kn electrostatic=               0.00
partial covalent interactions = 0.00
Energy_Ionisation =             1.31
Entropy Complex =               0.00
-----------------------------------------------------------
Total          = 				  74.35

Residue LYSA305 has high Energy, we mutate it to itself
We optimize, instead of self-mutatingLYSA305
Repair Residue ID= LYSA305

BackHbond       =               -246.81
SideHbond       =               -108.02
Energy_VdW      =               -363.62
Electro         =               -11.26
Energy_SolvP    =               485.44
Energy_SolvH    =               -473.44
Energy_vdwclash =               15.00
energy_torsion  =               9.86
backbone_vdwclash=              154.01
Entropy_sidec   =               204.07
Entropy_mainc   =               563.69
water bonds     =               0.00
helix dipole    =               -1.97
loop_entropy    =               0.00
cis_bond        =               0.10
disulfide       =               0.00
kn electrostatic=               0.00
partial covalent interactions = 0.00
Energy_Ionisation =             1.31
Entropy Complex =               0.00
-----------------------------------------------------------
Total          = 				  74.34

Residue H2SA306 has high Energy, we mutate it to itself
Residue LYSA307 has high Energy, we mutate it to itself
We optimize, instead of self-mutatingLYSA307
Repair Residue ID= LYSA307

BackHbond       =               -247.39
SideHbond       =               -108.63
Energy_VdW      =               -363.57
Electro         =               -11.26
Energy_SolvP    =               484.83
Energy_SolvH    =               -473.38
Energy_vdwclash =               15.04
energy_torsion  =               9.86
backbone_vdwclash=              153.98
Entropy_sidec   =               204.05
Entropy_mainc   =               563.69
water bonds     =               0.00
helix dipole    =               -1.97
loop_entropy    =               0.00
cis_bond        =               0.10
disulfide       =               0.00
kn electrostatic=               0.00
partial covalent interactions = 0.00
Energy_Ionisation =             1.31
Entropy Complex =               0.00
-----------------------------------------------------------
Total          = 				  72.66

Residue SERA313 has high Energy, we mutate it to itself
We optimize, instead of self-mutatingSERA313
Repair Residue ID= SERA313

BackHbond       =               -247.39
SideHbond       =               -108.58
Energy_VdW      =               -363.57
Electro         =               -11.26
Energy_SolvP    =               484.82
Energy_SolvH    =               -473.38
Energy_vdwclash =               14.75
energy_torsion  =               9.86
backbone_vdwclash=              153.98
Entropy_sidec   =               204.05
Entropy_mainc   =               563.69
water bonds     =               0.00
helix dipole    =               -1.97
loop_entropy    =               0.00
cis_bond        =               0.10
disulfide       =               0.00
kn electrostatic=               0.00
partial covalent interactions = 0.00
Energy_Ionisation =             1.31
Entropy Complex =               0.00
-----------------------------------------------------------
Total          = 				  72.43

Residue ASPA314 has high Energy, we mutate it to itself
Repair Residue ID= ASPA314

BackHbond       =               -247.39
SideHbond       =               -108.55
Energy_VdW      =               -363.52
Electro         =               -11.91
Energy_SolvP    =               484.45
Energy_SolvH    =               -473.38
Energy_vdwclash =               14.72
energy_torsion  =               9.72
backbone_vdwclash=              154.03
Entropy_sidec   =               204.07
Entropy_mainc   =               563.74
water bonds     =               0.00
helix dipole    =               -1.99
loop_entropy    =               0.00
cis_bond        =               0.10
disulfide       =               0.00
kn electrostatic=               0.00
partial covalent interactions = 0.00
Energy_Ionisation =             1.31
Entropy Complex =               0.00
-----------------------------------------------------------
Total          = 				  71.38

Residue ASNA318 has high Energy, we mutate it to itself
Repair Residue ID= ASNA318

BackHbond       =               -247.40
SideHbond       =               -108.55
Energy_VdW      =               -363.41
Electro         =               -11.99
Energy_SolvP    =               483.94
Energy_SolvH    =               -473.28
Energy_vdwclash =               14.72
energy_torsion  =               9.72
backbone_vdwclash=              153.92
Entropy_sidec   =               203.98
Entropy_mainc   =               563.74
water bonds     =               0.00
helix dipole    =               -1.99
loop_entropy    =               0.00
cis_bond        =               0.10
disulfide       =               0.00
kn electrostatic=               0.00
partial covalent interactions = 0.00
Energy_Ionisation =             1.31
Entropy Complex =               0.00
-----------------------------------------------------------
Total          = 				  70.89

Residue PROA321 has high Energy, we mutate it to itself
Repair Residue ID= PROA321

BackHbond       =               -247.40
SideHbond       =               -108.55
Energy_VdW      =               -363.44
Electro         =               -12.00
Energy_SolvP    =               483.94
Energy_SolvH    =               -473.35
Energy_vdwclash =               14.72
energy_torsion  =               9.72
backbone_vdwclash=              153.93
Entropy_sidec   =               203.98
Entropy_mainc   =               563.74
water bonds     =               0.00
helix dipole    =               -1.99
loop_entropy    =               0.00
cis_bond        =               0.10
disulfide       =               0.00
kn electrostatic=               0.00
partial covalent interactions = 0.00
Energy_Ionisation =             1.31
Entropy Complex =               0.00
-----------------------------------------------------------
Total          = 				  70.78

Residue PROA322 has high Energy, we mutate it to itself
Repair Residue ID= PROA322

BackHbond       =               -247.40
SideHbond       =               -108.55
Energy_VdW      =               -363.47
Electro         =               -12.00
Energy_SolvP    =               483.94
Energy_SolvH    =               -473.40
Energy_vdwclash =               14.72
energy_torsion  =               9.72
backbone_vdwclash=              153.92
Entropy_sidec   =               203.98
Entropy_mainc   =               563.74
water bonds     =               0.00
helix dipole    =               -1.99
loop_entropy    =               0.00
cis_bond        =               0.10
disulfide       =               0.00
kn electrostatic=               0.00
partial covalent interactions = 0.00
Energy_Ionisation =             1.31
Entropy Complex =               0.00
-----------------------------------------------------------
Total          = 				  70.70

Residue GLNA323 has high Energy, we mutate it to itself
We optimize, instead of self-mutatingGLNA323
Repair Residue ID= GLNA323

BackHbond       =               -247.36
SideHbond       =               -108.59
Energy_VdW      =               -363.48
Electro         =               -12.00
Energy_SolvP    =               483.96
Energy_SolvH    =               -473.41
Energy_vdwclash =               14.72
energy_torsion  =               9.72
backbone_vdwclash=              153.92
Entropy_sidec   =               203.98
Entropy_mainc   =               563.74
water bonds     =               0.00
helix dipole    =               -1.99
loop_entropy    =               0.00
cis_bond        =               0.10
disulfide       =               0.00
kn electrostatic=               0.00
partial covalent interactions = 0.00
Energy_Ionisation =             1.31
Entropy Complex =               0.00
-----------------------------------------------------------
Total          = 				  70.69

Residue ASPA324 has high Energy, we mutate it to itself
We optimize, instead of self-mutatingASPA324
Repair Residue ID= ASPA324

BackHbond       =               -247.39
SideHbond       =               -109.03
Energy_VdW      =               -363.46
Electro         =               -12.14
Energy_SolvP    =               483.90
Energy_SolvH    =               -473.38
Energy_vdwclash =               14.72
energy_torsion  =               9.72
backbone_vdwclash=              153.89
Entropy_sidec   =               204.00
Entropy_mainc   =               563.74
water bonds     =               0.00
helix dipole    =               -1.86
loop_entropy    =               0.00
cis_bond        =               0.10
disulfide       =               0.00
kn electrostatic=               0.00
partial covalent interactions = 0.00
Energy_Ionisation =             1.31
Entropy Complex =               0.00
-----------------------------------------------------------
Total          = 				  70.24

Residue SERA327 has high Energy, we mutate it to itself
We optimize, instead of self-mutatingSERA327
Repair Residue ID= SERA327

BackHbond       =               -247.39
SideHbond       =               -109.03
Energy_VdW      =               -363.46
Electro         =               -12.14
Energy_SolvP    =               483.90
Energy_SolvH    =               -473.38
Energy_vdwclash =               14.72
energy_torsion  =               9.72
backbone_vdwclash=              153.89
Entropy_sidec   =               204.00
Entropy_mainc   =               563.74
water bonds     =               0.00
helix dipole    =               -1.86
loop_entropy    =               0.00
cis_bond        =               0.10
disulfide       =               0.00
kn electrostatic=               0.00
partial covalent interactions = 0.00
Energy_Ionisation =             1.31
Entropy Complex =               0.00
-----------------------------------------------------------
Total          = 				  70.24

Residue GLNA330 has high Energy, we mutate it to itself
We optimize, instead of self-mutatingGLNA330
Repair Residue ID= GLNA330

BackHbond       =               -247.39
SideHbond       =               -109.03
Energy_VdW      =               -363.47
Electro         =               -12.14
Energy_SolvP    =               483.90
Energy_SolvH    =               -473.40
Energy_vdwclash =               14.72
energy_torsion  =               9.72
backbone_vdwclash=              153.89
Entropy_sidec   =               204.00
Entropy_mainc   =               563.74
water bonds     =               0.00
helix dipole    =               -1.86
loop_entropy    =               0.00
cis_bond        =               0.10
disulfide       =               0.00
kn electrostatic=               0.00
partial covalent interactions = 0.00
Energy_Ionisation =             1.31
Entropy Complex =               0.00
-----------------------------------------------------------
Total          = 				  70.20

Residue ASPA331 has high Energy, we mutate it to itself
Repair Residue ID= ASPA331

BackHbond       =               -247.38
SideHbond       =               -109.20
Energy_VdW      =               -363.43
Electro         =               -12.15
Energy_SolvP    =               483.71
Energy_SolvH    =               -473.37
Energy_vdwclash =               14.72
energy_torsion  =               9.72
backbone_vdwclash=              153.86
Entropy_sidec   =               204.03
Entropy_mainc   =               563.74
water bonds     =               0.00
helix dipole    =               -1.87
loop_entropy    =               0.00
cis_bond        =               0.10
disulfide       =               0.00
kn electrostatic=               0.00
partial covalent interactions = 0.00
Energy_Ionisation =             1.31
Entropy Complex =               0.00
-----------------------------------------------------------
Total          = 				  69.93

Residue GLNA332 has high Energy, we mutate it to itself
We optimize, instead of self-mutatingGLNA332
Repair Residue ID= GLNA332

BackHbond       =               -247.41
SideHbond       =               -109.22
Energy_VdW      =               -363.44
Electro         =               -12.15
Energy_SolvP    =               483.71
Energy_SolvH    =               -473.39
Energy_vdwclash =               14.72
energy_torsion  =               9.72
backbone_vdwclash=              153.87
Entropy_sidec   =               204.05
Entropy_mainc   =               563.74
water bonds     =               0.00
helix dipole    =               -1.87
loop_entropy    =               0.00
cis_bond        =               0.10
disulfide       =               0.00
kn electrostatic=               0.00
partial covalent interactions = 0.00
Energy_Ionisation =             1.31
Entropy Complex =               0.00
-----------------------------------------------------------
Total          = 				  69.89

Residue GLUA333 has high Energy, we mutate it to itself
We optimize, instead of self-mutatingGLUA333
Repair Residue ID= GLUA333

BackHbond       =               -247.41
SideHbond       =               -109.24
Energy_VdW      =               -363.44
Electro         =               -12.15
Energy_SolvP    =               483.71
Energy_SolvH    =               -473.39
Energy_vdwclash =               14.72
energy_torsion  =               9.72
backbone_vdwclash=              153.87
Entropy_sidec   =               204.06
Entropy_mainc   =               563.74
water bonds     =               0.00
helix dipole    =               -1.87
loop_entropy    =               0.00
cis_bond        =               0.10
disulfide       =               0.00
kn electrostatic=               0.00
partial covalent interactions = 0.00
Energy_Ionisation =             1.31
Entropy Complex =               0.00
-----------------------------------------------------------
Total          = 				  69.86

Residue GLUA334 has high Energy, we mutate it to itself
We optimize, instead of self-mutatingGLUA334
Repair Residue ID= GLUA334

BackHbond       =               -247.41
SideHbond       =               -109.24
Energy_VdW      =               -363.41
Electro         =               -12.16
Energy_SolvP    =               483.58
Energy_SolvH    =               -473.37
Energy_vdwclash =               14.72
energy_torsion  =               9.71
backbone_vdwclash=              153.86
Entropy_sidec   =               204.04
Entropy_mainc   =               563.74
water bonds     =               0.00
helix dipole    =               -1.87
loop_entropy    =               0.00
cis_bond        =               0.10
disulfide       =               0.00
kn electrostatic=               0.00
partial covalent interactions = 0.00
Energy_Ionisation =             1.31
Entropy Complex =               0.00
-----------------------------------------------------------
Total          = 				  69.76

Residue LYSA335 has high Energy, we mutate it to itself
We optimize, instead of self-mutatingLYSA335
Repair Residue ID= LYSA335

BackHbond       =               -247.41
SideHbond       =               -109.24
Energy_VdW      =               -363.41
Electro         =               -12.16
Energy_SolvP    =               483.58
Energy_SolvH    =               -473.37
Energy_vdwclash =               14.72
energy_torsion  =               9.71
backbone_vdwclash=              153.86
Entropy_sidec   =               204.04
Entropy_mainc   =               563.74
water bonds     =               0.00
helix dipole    =               -1.87
loop_entropy    =               0.00
cis_bond        =               0.10
disulfide       =               0.00
kn electrostatic=               0.00
partial covalent interactions = 0.00
Energy_Ionisation =             1.31
Entropy Complex =               0.00
-----------------------------------------------------------
Total          = 				  69.76

Residue LYSA336 has high Energy, we mutate it to itself
Repair Residue ID= LYSA336

BackHbond       =               -248.13
SideHbond       =               -109.94
Energy_VdW      =               -364.38
Electro         =               -12.13
Energy_SolvP    =               485.25
Energy_SolvH    =               -474.55
Energy_vdwclash =               14.72
energy_torsion  =               9.71
backbone_vdwclash=              154.20
Entropy_sidec   =               205.33
Entropy_mainc   =               563.53
water bonds     =               0.00
helix dipole    =               -1.85
loop_entropy    =               0.00
cis_bond        =               0.10
disulfide       =               0.00
kn electrostatic=               0.00
partial covalent interactions = 0.00
Energy_Ionisation =             1.31
Entropy Complex =               0.00
-----------------------------------------------------------
Total          = 				  68.96

Residue TYRA337 has high Energy, we mutate it to itself
Repair Residue ID= TYRA337

BackHbond       =               -248.15
SideHbond       =               -109.94
Energy_VdW      =               -364.78
Electro         =               -12.13
Energy_SolvP    =               485.45
Energy_SolvH    =               -475.23
Energy_vdwclash =               14.73
energy_torsion  =               9.71
backbone_vdwclash=              154.37
Entropy_sidec   =               205.62
Entropy_mainc   =               563.53
water bonds     =               0.00
helix dipole    =               -1.85
loop_entropy    =               0.00
cis_bond        =               0.10
disulfide       =               0.00
kn electrostatic=               0.00
partial covalent interactions = 0.00
Energy_Ionisation =             1.31
Entropy Complex =               0.00
-----------------------------------------------------------
Total          = 				  68.37

Residue LEUA338 has high Energy, we mutate it to itself
Repair Residue ID= LEUA338

BackHbond       =               -248.16
SideHbond       =               -109.94
Energy_VdW      =               -364.85
Electro         =               -12.13
Energy_SolvP    =               485.50
Energy_SolvH    =               -475.34
Energy_vdwclash =               14.74
energy_torsion  =               9.71
backbone_vdwclash=              154.45
Entropy_sidec   =               205.65
Entropy_mainc   =               563.53
water bonds     =               0.00
helix dipole    =               -1.85
loop_entropy    =               0.00
cis_bond        =               0.10
disulfide       =               0.00
kn electrostatic=               0.00
partial covalent interactions = 0.00
Energy_Ionisation =             1.31
Entropy Complex =               0.00
-----------------------------------------------------------
Total          = 				  68.28

Residue META339 has high Energy, we mutate it to itself
Repair Residue ID= META339

BackHbond       =               -248.30
SideHbond       =               -109.94
Energy_VdW      =               -365.48
Electro         =               -12.13
Energy_SolvP    =               486.00
Energy_SolvH    =               -476.24
Energy_vdwclash =               14.77
energy_torsion  =               9.71
backbone_vdwclash=              155.05
Entropy_sidec   =               206.06
Entropy_mainc   =               563.53
water bonds     =               0.00
helix dipole    =               -1.85
loop_entropy    =               0.00
cis_bond        =               0.10
disulfide       =               0.00
kn electrostatic=               0.00
partial covalent interactions = 0.00
Energy_Ionisation =             1.31
Entropy Complex =               0.00
-----------------------------------------------------------
Total          = 				  67.55

Residue GLUA341 has high Energy, we mutate it to itself
Repair Residue ID= GLUA341

BackHbond       =               -248.33
SideHbond       =               -109.94
Energy_VdW      =               -365.99
Electro         =               -12.14
Energy_SolvP    =               486.74
Energy_SolvH    =               -476.96
Energy_vdwclash =               14.77
energy_torsion  =               9.72
backbone_vdwclash=              155.25
Entropy_sidec   =               206.37
Entropy_mainc   =               563.53
water bonds     =               0.00
helix dipole    =               -1.85
loop_entropy    =               0.00
cis_bond        =               0.10
disulfide       =               0.00
kn electrostatic=               0.00
partial covalent interactions = 0.00
Energy_Ionisation =             1.31
Entropy Complex =               0.00
-----------------------------------------------------------
Total          = 				  67.32

Residue HISA342 has high Energy, we mutate it to itself
Repair Residue ID= HISA342

BackHbond       =               -249.08
SideHbond       =               -110.69
Energy_VdW      =               -365.99
Electro         =               -12.13
Energy_SolvP    =               486.49
Energy_SolvH    =               -476.96
Energy_vdwclash =               14.72
energy_torsion  =               9.72
backbone_vdwclash=              155.25
Entropy_sidec   =               207.12
Entropy_mainc   =               563.53
water bonds     =               0.00
helix dipole    =               -1.86
loop_entropy    =               0.00
cis_bond        =               0.10
disulfide       =               0.00
kn electrostatic=               0.00
partial covalent interactions = 0.00
Energy_Ionisation =             1.31
Entropy Complex =               0.00
-----------------------------------------------------------
Total          = 				  66.27

Residue GLNA344 has high Energy, we mutate it to itself
We optimize, instead of self-mutatingGLNA344
Repair Residue ID= GLNA344

BackHbond       =               -249.08
SideHbond       =               -110.68
Energy_VdW      =               -366.00
Electro         =               -12.13
Energy_SolvP    =               486.48
Energy_SolvH    =               -476.98
Energy_vdwclash =               14.72
energy_torsion  =               9.72
backbone_vdwclash=              155.27
Entropy_sidec   =               207.12
Entropy_mainc   =               563.53
water bonds     =               0.00
helix dipole    =               -1.86
loop_entropy    =               0.00
cis_bond        =               0.10
disulfide       =               0.00
kn electrostatic=               0.00
partial covalent interactions = 0.00
Energy_Ionisation =             1.31
Entropy Complex =               0.00
-----------------------------------------------------------
Total          = 				  66.25

Residue SERA345 has high Energy, we mutate it to itself
Repair Residue ID= SERA345

BackHbond       =               -249.34
SideHbond       =               -110.91
Energy_VdW      =               -366.01
Electro         =               -12.13
Energy_SolvP    =               486.54
Energy_SolvH    =               -476.96
Energy_vdwclash =               14.72
energy_torsion  =               9.79
backbone_vdwclash=              155.28
Entropy_sidec   =               207.16
Entropy_mainc   =               563.54
water bonds     =               0.00
helix dipole    =               -1.86
loop_entropy    =               0.00
cis_bond        =               0.10
disulfide       =               0.00
kn electrostatic=               0.00
partial covalent interactions = 0.00
Energy_Ionisation =             1.31
Entropy Complex =               0.00
-----------------------------------------------------------
Total          = 				  65.95

Residue CYSA346 has high Energy, we mutate it to itself
Repair Residue ID= CYSA346

BackHbond       =               -249.33
SideHbond       =               -110.91
Energy_VdW      =               -366.03
Electro         =               -12.13
Energy_SolvP    =               486.54
Energy_SolvH    =               -476.98
Energy_vdwclash =               14.72
energy_torsion  =               9.79
backbone_vdwclash=              155.27
Entropy_sidec   =               207.16
Entropy_mainc   =               563.54
water bonds     =               0.00
helix dipole    =               -1.86
loop_entropy    =               0.00
cis_bond        =               0.10
disulfide       =               0.00
kn electrostatic=               0.00
partial covalent interactions = 0.00
Energy_Ionisation =             1.31
Entropy Complex =               0.00
-----------------------------------------------------------
Total          = 				  65.92

Residue LYSA348 has high Energy, we mutate it to itself
Repair Residue ID= LYSA348

BackHbond       =               -249.33
SideHbond       =               -110.91
Energy_VdW      =               -366.01
Electro         =               -12.16
Energy_SolvP    =               486.50
Energy_SolvH    =               -476.97
Energy_vdwclash =               14.71
energy_torsion  =               9.79
backbone_vdwclash=              155.27
Entropy_sidec   =               207.14
Entropy_mainc   =               563.54
water bonds     =               0.00
helix dipole    =               -1.86
loop_entropy    =               0.00
cis_bond        =               0.10
disulfide       =               0.00
kn electrostatic=               0.00
partial covalent interactions = 0.00
Energy_Ionisation =             1.31
Entropy Complex =               0.00
-----------------------------------------------------------
Total          = 				  65.85

Residue ASNA352 has high Energy, we mutate it to itself
We optimize, instead of self-mutatingASNA352
Repair Residue ID= ASNA352

BackHbond       =               -249.33
SideHbond       =               -110.91
Energy_VdW      =               -366.01
Electro         =               -12.16
Energy_SolvP    =               486.50
Energy_SolvH    =               -476.97
Energy_vdwclash =               14.71
energy_torsion  =               9.79
backbone_vdwclash=              155.28
Entropy_sidec   =               207.14
Entropy_mainc   =               563.54
water bonds     =               0.00
helix dipole    =               -1.86
loop_entropy    =               0.00
cis_bond        =               0.10
disulfide       =               0.00
kn electrostatic=               0.00
partial covalent interactions = 0.00
Energy_Ionisation =             1.31
Entropy Complex =               0.00
-----------------------------------------------------------
Total          = 				  65.85

Residue ARGA353 has high Energy, we mutate it to itself
Repair Residue ID= ARGA353

BackHbond       =               -249.32
SideHbond       =               -110.94
Energy_VdW      =               -366.03
Electro         =               -12.65
Energy_SolvP    =               485.58
Energy_SolvH    =               -477.43
Energy_vdwclash =               14.75
energy_torsion  =               9.79
backbone_vdwclash=              155.24
Entropy_sidec   =               207.31
Entropy_mainc   =               563.54
water bonds     =               0.00
helix dipole    =               -1.76
loop_entropy    =               0.00
cis_bond        =               0.10
disulfide       =               0.00
kn electrostatic=               0.00
partial covalent interactions = 0.00
Energy_Ionisation =             1.31
Entropy Complex =               0.00
-----------------------------------------------------------
Total          = 				  64.27

Residue ARGA357 has high Energy, we mutate it to itself
We optimize, instead of self-mutatingARGA357
Repair Residue ID= ARGA357

BackHbond       =               -249.32
SideHbond       =               -110.91
Energy_VdW      =               -366.05
Electro         =               -12.65
Energy_SolvP    =               485.60
Energy_SolvH    =               -477.46
Energy_vdwclash =               14.75
energy_torsion  =               9.79
backbone_vdwclash=              155.24
Entropy_sidec   =               207.31
Entropy_mainc   =               563.54
water bonds     =               0.00
helix dipole    =               -1.76
loop_entropy    =               0.00
cis_bond        =               0.10
disulfide       =               0.00
kn electrostatic=               0.00
partial covalent interactions = 0.00
Energy_Ionisation =             1.31
Entropy Complex =               0.00
-----------------------------------------------------------
Total          = 				  64.25

Residue ARGA359 has high Energy, we mutate it to itself
Repair Residue ID= ARGA359

BackHbond       =               -250.01
SideHbond       =               -111.65
Energy_VdW      =               -366.16
Electro         =               -12.83
Energy_SolvP    =               485.69
Energy_SolvH    =               -477.62
Energy_vdwclash =               14.78
energy_torsion  =               9.79
backbone_vdwclash=              155.27
Entropy_sidec   =               208.21
Entropy_mainc   =               563.54
water bonds     =               0.00
helix dipole    =               -1.77
loop_entropy    =               0.00
cis_bond        =               0.10
disulfide       =               0.00
kn electrostatic=               0.00
partial covalent interactions = 0.00
Energy_Ionisation =             1.31
Entropy Complex =               0.00
-----------------------------------------------------------
Total          = 				  63.40

Residue GLNA360 has high Energy, we mutate it to itself
We optimize, instead of self-mutatingGLNA360
Repair Residue ID= GLNA360

BackHbond       =               -250.51
SideHbond       =               -112.19
Energy_VdW      =               -366.01
Electro         =               -12.83
Energy_SolvP    =               485.40
Energy_SolvH    =               -477.43
Energy_vdwclash =               14.77
energy_torsion  =               9.88
backbone_vdwclash=              155.14
Entropy_sidec   =               208.68
Entropy_mainc   =               563.54
water bonds     =               0.00
helix dipole    =               -1.77
loop_entropy    =               0.00
cis_bond        =               0.10
disulfide       =               0.00
kn electrostatic=               0.00
partial covalent interactions = 0.00
Energy_Ionisation =             1.31
Entropy Complex =               0.00
-----------------------------------------------------------
Total          = 				  62.95

Residue ARGA361 has high Energy, we mutate it to itself
We optimize, instead of self-mutatingARGA361
Repair Residue ID= ARGA361

BackHbond       =               -250.51
SideHbond       =               -112.19
Energy_VdW      =               -366.01
Electro         =               -12.83
Energy_SolvP    =               485.40
Energy_SolvH    =               -477.43
Energy_vdwclash =               14.77
energy_torsion  =               9.88
backbone_vdwclash=              155.14
Entropy_sidec   =               208.68
Entropy_mainc   =               563.54
water bonds     =               0.00
helix dipole    =               -1.77
loop_entropy    =               0.00
cis_bond        =               0.10
disulfide       =               0.00
kn electrostatic=               0.00
partial covalent interactions = 0.00
Energy_Ionisation =             1.31
Entropy Complex =               0.00
-----------------------------------------------------------
Total          = 				  62.94

Residue META362 has high Energy, we mutate it to itself
Repair Residue ID= META362

BackHbond       =               -250.51
SideHbond       =               -112.19
Energy_VdW      =               -365.82
Electro         =               -12.83
Energy_SolvP    =               484.91
Energy_SolvH    =               -477.27
Energy_vdwclash =               14.77
energy_torsion  =               9.87
backbone_vdwclash=              154.85
Entropy_sidec   =               208.67
Entropy_mainc   =               563.54
water bonds     =               0.00
helix dipole    =               -1.77
loop_entropy    =               0.00
cis_bond        =               0.10
disulfide       =               0.00
kn electrostatic=               0.00
partial covalent interactions = 0.00
Energy_Ionisation =             1.31
Entropy Complex =               0.00
-----------------------------------------------------------
Total          = 				  62.79

Residue LEUA363 has high Energy, we mutate it to itself
Repair Residue ID= LEUA363

BackHbond       =               -250.60
SideHbond       =               -112.27
Energy_VdW      =               -366.10
Electro         =               -12.82
Energy_SolvP    =               485.15
Energy_SolvH    =               -477.68
Energy_vdwclash =               14.84
energy_torsion  =               9.88
backbone_vdwclash=              154.97
Entropy_sidec   =               208.84
Entropy_mainc   =               563.54
water bonds     =               0.00
helix dipole    =               -1.77
loop_entropy    =               0.00
cis_bond        =               0.10
disulfide       =               0.00
kn electrostatic=               0.00
partial covalent interactions = 0.00
Energy_Ionisation =             1.31
Entropy Complex =               0.00
-----------------------------------------------------------
Total          = 				  62.42

Residue ARGA364 has high Energy, we mutate it to itself
We optimize, instead of self-mutatingARGA364
Repair Residue ID= ARGA364

BackHbond       =               -250.86
SideHbond       =               -112.53
Energy_VdW      =               -366.14
Electro         =               -12.84
Energy_SolvP    =               485.23
Energy_SolvH    =               -477.71
Energy_vdwclash =               14.84
energy_torsion  =               9.88
backbone_vdwclash=              154.99
Entropy_sidec   =               209.12
Entropy_mainc   =               563.55
water bonds     =               0.00
helix dipole    =               -1.77
loop_entropy    =               0.00
cis_bond        =               0.10
disulfide       =               0.00
kn electrostatic=               0.00
partial covalent interactions = 0.00
Energy_Ionisation =             1.31
Entropy Complex =               0.00
-----------------------------------------------------------
Total          = 				  62.17

Residue ASPA366 has high Energy, we mutate it to itself
We optimize, instead of self-mutatingASPA366
Repair Residue ID= ASPA366

BackHbond       =               -250.86
SideHbond       =               -112.53
Energy_VdW      =               -366.14
Electro         =               -12.85
Energy_SolvP    =               485.22
Energy_SolvH    =               -477.71
Energy_vdwclash =               14.84
energy_torsion  =               9.88
backbone_vdwclash=              154.99
Entropy_sidec   =               209.12
Entropy_mainc   =               563.55
water bonds     =               0.00
helix dipole    =               -1.77
loop_entropy    =               0.00
cis_bond        =               0.10
disulfide       =               0.00
kn electrostatic=               0.00
partial covalent interactions = 0.00
Energy_Ionisation =             1.31
Entropy Complex =               0.00
-----------------------------------------------------------
Total          = 				  62.16

Residue SERA369 has high Energy, we mutate it to itself
We optimize, instead of self-mutatingSERA369
Repair Residue ID= SERA369

BackHbond       =               -250.86
SideHbond       =               -112.53
Energy_VdW      =               -366.14
Electro         =               -12.85
Energy_SolvP    =               485.22
Energy_SolvH    =               -477.71
Energy_vdwclash =               14.84
energy_torsion  =               9.88
backbone_vdwclash=              154.99
Entropy_sidec   =               209.12
Entropy_mainc   =               563.55
water bonds     =               0.00
helix dipole    =               -1.77
loop_entropy    =               0.00
cis_bond        =               0.10
disulfide       =               0.00
kn electrostatic=               0.00
partial covalent interactions = 0.00
Energy_Ionisation =             1.31
Entropy Complex =               0.00
-----------------------------------------------------------
Total          = 				  62.16

Residue CYSA374 has high Energy, we mutate it to itself
Repair Residue ID= CYSA374

BackHbond       =               -250.86
SideHbond       =               -112.52
Energy_VdW      =               -366.14
Electro         =               -12.85
Energy_SolvP    =               485.22
Energy_SolvH    =               -477.71
Energy_vdwclash =               14.84
energy_torsion  =               9.85
backbone_vdwclash=              154.99
Entropy_sidec   =               209.12
Entropy_mainc   =               563.55
water bonds     =               0.00
helix dipole    =               -1.77
loop_entropy    =               0.00
cis_bond        =               0.10
disulfide       =               0.00
kn electrostatic=               0.00
partial covalent interactions = 0.00
Energy_Ionisation =             1.31
Entropy Complex =               0.00
-----------------------------------------------------------
Total          = 				  62.13

Residue SERA376 has high Energy, we mutate it to itself
Repair Residue ID= SERA376

BackHbond       =               -250.86
SideHbond       =               -112.52
Energy_VdW      =               -366.11
Electro         =               -12.85
Energy_SolvP    =               485.15
Energy_SolvH    =               -477.71
Energy_vdwclash =               14.84
energy_torsion  =               9.85
backbone_vdwclash=              154.99
Entropy_sidec   =               209.11
Entropy_mainc   =               563.54
water bonds     =               0.00
helix dipole    =               -1.77
loop_entropy    =               0.00
cis_bond        =               0.10
disulfide       =               0.00
kn electrostatic=               0.00
partial covalent interactions = 0.00
Energy_Ionisation =             1.31
Entropy Complex =               0.00
-----------------------------------------------------------
Total          = 				  62.08

Residue PROA377 has high Energy, we mutate it to itself
Repair Residue ID= PROA377

BackHbond       =               -250.86
SideHbond       =               -112.52
Energy_VdW      =               -366.17
Electro         =               -12.85
Energy_SolvP    =               485.19
Energy_SolvH    =               -477.81
Energy_vdwclash =               14.85
energy_torsion  =               9.85
backbone_vdwclash=              155.00
Entropy_sidec   =               209.12
Entropy_mainc   =               563.52
water bonds     =               0.00
helix dipole    =               -1.77
loop_entropy    =               0.00
cis_bond        =               0.10
disulfide       =               0.00
kn electrostatic=               0.00
partial covalent interactions = 0.00
Energy_Ionisation =             1.31
Entropy Complex =               0.00
-----------------------------------------------------------
Total          = 				  61.96

Residue GLUA378 has high Energy, we mutate it to itself
Repair Residue ID= GLUA378

BackHbond       =               -250.86
SideHbond       =               -112.52
Energy_VdW      =               -366.23
Electro         =               -12.85
Energy_SolvP    =               485.16
Energy_SolvH    =               -477.92
Energy_vdwclash =               14.85
energy_torsion  =               9.85
backbone_vdwclash=              155.00
Entropy_sidec   =               209.15
Entropy_mainc   =               563.54
water bonds     =               0.00
helix dipole    =               -1.77
loop_entropy    =               0.00
cis_bond        =               0.10
disulfide       =               0.00
kn electrostatic=               0.00
partial covalent interactions = 0.00
Energy_Ionisation =             1.31
Entropy Complex =               0.00
-----------------------------------------------------------
Total          = 				  61.81

Repaired

BackHbond       =               -250.86
SideHbond       =               -112.52
Energy_VdW      =               -366.23
Electro         =               -12.85
Energy_SolvP    =               485.16
Energy_SolvH    =               -477.92
Energy_vdwclash =               14.85
energy_torsion  =               9.85
backbone_vdwclash=              155.00
Entropy_sidec   =               209.15
Entropy_mainc   =               563.54
water bonds     =               0.00
helix dipole    =               -1.77
loop_entropy    =               0.00
cis_bond        =               0.10
disulfide       =               0.00
kn electrostatic=               0.00
partial covalent interactions = 0.00
Energy_Ionisation =             1.31
Entropy Complex =               0.00
-----------------------------------------------------------
Total          = 				  61.81

End of Repair
Output PDB ./O15297_trimmed_model0_checked_Repair.pdb
Your file run OK
End time of FoldX: Sun Dec 14 14:43:23 2025
Total time spend: 179.50 seconds.
Cleaning RepairPDB...DONE
