   ********************************************
   ***                                      ***
   ***             FoldX 5 (c)              ***
   ***                                      ***
   ***     code by the FoldX Consortium     ***
   ***                                      ***
   ***     Jesper Borg, Frederic Rousseau   ***
   ***    Joost Schymkowitz, Luis Serrano   ***
   ***    Peter Vanhee, Erik Verschueren    ***
   ***     Lies Baeten, Javier Delgado      ***
   ***       and Francois Stricher          ***
   *** and any other of the 9! permutations ***
   ***   based on an original concept by    ***
   ***   Raphael Guerois and Luis Serrano   ***
   ********************************************

Reading config file 'runfile.txt'
Start RepairPDB >>>

1 models read: lc3b-format3_1V49_model0_checked.pdb
"lc3b-format3_1V49_model0_checked_Repair.fxout"
Repair will take all residues into account
wild type

BackHbond       =               -42.77
SideHbond       =               -5.61
Energy_VdW      =               -128.86
Electro         =               -2.09
Energy_SolvP    =               187.19
Energy_SolvH    =               -172.38
Energy_vdwclash =               42.46
energy_torsion  =               12.76
backbone_vdwclash=              79.42
Entropy_sidec   =               61.43
Entropy_mainc   =               187.01
water bonds     =               0.00
helix dipole    =               -0.06
loop_entropy    =               0.00
cis_bond        =               0.00
disulfide       =               0.00
kn electrostatic=               0.00
partial covalent interactions = 0.00
Energy_Ionisation =             0.15
Entropy Complex =               0.00
-----------------------------------------------------------
Total          = 				  139.24

Flipping HNQ

BackHbond       =               -42.77
SideHbond       =               -6.78
Energy_VdW      =               -128.86
Electro         =               -2.08
Energy_SolvP    =               187.20
Energy_SolvH    =               -172.38
Energy_vdwclash =               42.24
energy_torsion  =               12.75
backbone_vdwclash=              79.41
Entropy_sidec   =               62.39
Entropy_mainc   =               187.01
water bonds     =               0.00
helix dipole    =               -0.06
loop_entropy    =               0.00
cis_bond        =               0.00
disulfide       =               0.00
kn electrostatic=               0.00
partial covalent interactions = 0.00
Energy_Ionisation =             0.15
Entropy Complex =               0.00
-----------------------------------------------------------
Total          = 				  138.82

Now Optimizing Residues
Now optimizing Residue META1
Optimize Residue ID= META1

BackHbond       =               -42.77
SideHbond       =               -6.78
Energy_VdW      =               -128.86
Electro         =               -2.08
Energy_SolvP    =               187.20
Energy_SolvH    =               -172.38
Energy_vdwclash =               42.24
energy_torsion  =               12.75
backbone_vdwclash=              79.41
Entropy_sidec   =               62.39
Entropy_mainc   =               187.01
water bonds     =               0.00
helix dipole    =               -0.06
loop_entropy    =               0.00
cis_bond        =               0.00
disulfide       =               0.00
kn electrostatic=               0.00
partial covalent interactions = 0.00
Energy_Ionisation =             0.15
Entropy Complex =               0.00
-----------------------------------------------------------
Total          = 				  138.82

Now optimizing Residue PROA2
Optimize Residue ID= PROA2

BackHbond       =               -42.77
SideHbond       =               -6.78
Energy_VdW      =               -128.85
Electro         =               -2.08
Energy_SolvP    =               187.20
Energy_SolvH    =               -172.38
Energy_vdwclash =               42.23
energy_torsion  =               12.75
backbone_vdwclash=              79.41
Entropy_sidec   =               62.39
Entropy_mainc   =               187.01
water bonds     =               0.00
helix dipole    =               -0.06
loop_entropy    =               0.00
cis_bond        =               0.00
disulfide       =               0.00
kn electrostatic=               0.00
partial covalent interactions = 0.00
Energy_Ionisation =             0.15
Entropy Complex =               0.00
-----------------------------------------------------------
Total          = 				  138.81

Now optimizing Residue SERA3
Optimize Residue ID= SERA3

BackHbond       =               -42.77
SideHbond       =               -6.78
Energy_VdW      =               -128.85
Electro         =               -2.08
Energy_SolvP    =               187.19
Energy_SolvH    =               -172.38
Energy_vdwclash =               42.23
energy_torsion  =               12.75
backbone_vdwclash=              79.41
Entropy_sidec   =               62.39
Entropy_mainc   =               187.01
water bonds     =               0.00
helix dipole    =               -0.06
loop_entropy    =               0.00
cis_bond        =               0.00
disulfide       =               0.00
kn electrostatic=               0.00
partial covalent interactions = 0.00
Energy_Ionisation =             0.15
Entropy Complex =               0.00
-----------------------------------------------------------
Total          = 				  138.81

Now optimizing Residue GLUA4
Optimize Residue ID= GLUA4

BackHbond       =               -42.77
SideHbond       =               -6.78
Energy_VdW      =               -128.84
Electro         =               -2.08
Energy_SolvP    =               187.13
Energy_SolvH    =               -172.37
Energy_vdwclash =               42.23
energy_torsion  =               12.65
backbone_vdwclash=              79.41
Entropy_sidec   =               62.37
Entropy_mainc   =               187.01
water bonds     =               0.00
helix dipole    =               -0.06
loop_entropy    =               0.00
cis_bond        =               0.00
disulfide       =               0.00
kn electrostatic=               0.00
partial covalent interactions = 0.00
Energy_Ionisation =             0.15
Entropy Complex =               0.00
-----------------------------------------------------------
Total          = 				  138.64

Now optimizing Residue LYSA5
Optimize Residue ID= LYSA5

BackHbond       =               -42.77
SideHbond       =               -6.78
Energy_VdW      =               -128.84
Electro         =               -2.08
Energy_SolvP    =               187.08
Energy_SolvH    =               -172.37
Energy_vdwclash =               42.23
energy_torsion  =               12.60
backbone_vdwclash=              79.41
Entropy_sidec   =               62.37
Entropy_mainc   =               187.00
water bonds     =               0.00
helix dipole    =               -0.06
loop_entropy    =               0.00
cis_bond        =               0.00
disulfide       =               0.00
kn electrostatic=               0.00
partial covalent interactions = 0.00
Energy_Ionisation =             0.15
Entropy Complex =               0.00
-----------------------------------------------------------
Total          = 				  138.54

Now optimizing Residue THRA6
Optimize Residue ID= THRA6

BackHbond       =               -42.77
SideHbond       =               -6.78
Energy_VdW      =               -128.84
Electro         =               -2.08
Energy_SolvP    =               187.08
Energy_SolvH    =               -172.37
Energy_vdwclash =               42.23
energy_torsion  =               12.59
backbone_vdwclash=              79.42
Entropy_sidec   =               62.37
Entropy_mainc   =               187.01
water bonds     =               0.00
helix dipole    =               -0.06
loop_entropy    =               0.00
cis_bond        =               0.00
disulfide       =               0.00
kn electrostatic=               0.00
partial covalent interactions = 0.00
Energy_Ionisation =             0.15
Entropy Complex =               0.00
-----------------------------------------------------------
Total          = 				  138.53

Now optimizing Residue PHEA7
Optimize Residue ID= PHEA7

BackHbond       =               -42.77
SideHbond       =               -6.78
Energy_VdW      =               -128.84
Electro         =               -2.06
Energy_SolvP    =               187.08
Energy_SolvH    =               -172.38
Energy_vdwclash =               41.94
energy_torsion  =               12.59
backbone_vdwclash=              79.42
Entropy_sidec   =               62.37
Entropy_mainc   =               186.99
water bonds     =               0.00
helix dipole    =               -0.06
loop_entropy    =               0.00
cis_bond        =               0.00
disulfide       =               0.00
kn electrostatic=               0.00
partial covalent interactions = 0.00
Energy_Ionisation =             0.15
Entropy Complex =               0.00
-----------------------------------------------------------
Total          = 				  138.24

Now optimizing Residue LYSA8
Optimize Residue ID= LYSA8

BackHbond       =               -42.77
SideHbond       =               -6.78
Energy_VdW      =               -128.84
Electro         =               -2.08
Energy_SolvP    =               187.07
Energy_SolvH    =               -172.38
Energy_vdwclash =               41.95
energy_torsion  =               12.59
backbone_vdwclash=              79.41
Entropy_sidec   =               62.37
Entropy_mainc   =               186.99
water bonds     =               0.00
helix dipole    =               -0.06
loop_entropy    =               0.00
cis_bond        =               0.00
disulfide       =               0.00
kn electrostatic=               0.00
partial covalent interactions = 0.00
Energy_Ionisation =             0.15
Entropy Complex =               0.00
-----------------------------------------------------------
Total          = 				  138.22

Now optimizing Residue GLNA9
Optimize Residue ID= GLNA9

BackHbond       =               -42.77
SideHbond       =               -6.78
Energy_VdW      =               -128.81
Electro         =               -2.08
Energy_SolvP    =               187.02
Energy_SolvH    =               -172.35
Energy_vdwclash =               41.95
energy_torsion  =               12.59
backbone_vdwclash=              79.40
Entropy_sidec   =               62.35
Entropy_mainc   =               186.98
water bonds     =               0.00
helix dipole    =               -0.06
loop_entropy    =               0.00
cis_bond        =               0.00
disulfide       =               0.00
kn electrostatic=               0.00
partial covalent interactions = 0.00
Energy_Ionisation =             0.15
Entropy Complex =               0.00
-----------------------------------------------------------
Total          = 				  138.19

Now optimizing Residue ARGA10
Optimize Residue ID= ARGA10

BackHbond       =               -42.77
SideHbond       =               -6.78
Energy_VdW      =               -128.82
Electro         =               -2.08
Energy_SolvP    =               186.97
Energy_SolvH    =               -172.38
Energy_vdwclash =               41.95
energy_torsion  =               12.59
backbone_vdwclash=              79.40
Entropy_sidec   =               62.36
Entropy_mainc   =               186.98
water bonds     =               0.00
helix dipole    =               -0.06
loop_entropy    =               0.00
cis_bond        =               0.00
disulfide       =               0.00
kn electrostatic=               0.00
partial covalent interactions = 0.00
Energy_Ionisation =             0.15
Entropy Complex =               0.00
-----------------------------------------------------------
Total          = 				  138.12

Now optimizing Residue ARGA11
Optimize Residue ID= ARGA11

BackHbond       =               -42.77
SideHbond       =               -6.78
Energy_VdW      =               -128.79
Electro         =               -2.04
Energy_SolvP    =               186.87
Energy_SolvH    =               -172.37
Energy_vdwclash =               41.94
energy_torsion  =               12.59
backbone_vdwclash=              79.45
Entropy_sidec   =               62.30
Entropy_mainc   =               186.98
water bonds     =               0.00
helix dipole    =               -0.07
loop_entropy    =               0.00
cis_bond        =               0.00
disulfide       =               0.00
kn electrostatic=               0.00
partial covalent interactions = 0.00
Energy_Ionisation =             0.15
Entropy Complex =               0.00
-----------------------------------------------------------
Total          = 				  138.03

Now optimizing Residue THRA12
Optimize Residue ID= THRA12

BackHbond       =               -42.77
SideHbond       =               -6.78
Energy_VdW      =               -128.79
Electro         =               -2.04
Energy_SolvP    =               186.87
Energy_SolvH    =               -172.38
Energy_vdwclash =               41.95
energy_torsion  =               12.57
backbone_vdwclash=              79.45
Entropy_sidec   =               62.30
Entropy_mainc   =               186.98
water bonds     =               0.00
helix dipole    =               -0.07
loop_entropy    =               0.00
cis_bond        =               0.00
disulfide       =               0.00
kn electrostatic=               0.00
partial covalent interactions = 0.00
Energy_Ionisation =             0.15
Entropy Complex =               0.00
-----------------------------------------------------------
Total          = 				  138.01

Now optimizing Residue PHEA13
Optimize Residue ID= PHEA13

BackHbond       =               -42.77
SideHbond       =               -6.78
Energy_VdW      =               -128.81
Electro         =               -2.01
Energy_SolvP    =               186.85
Energy_SolvH    =               -172.41
Energy_vdwclash =               41.33
energy_torsion  =               12.57
backbone_vdwclash=              79.49
Entropy_sidec   =               62.30
Entropy_mainc   =               186.98
water bonds     =               0.00
helix dipole    =               -0.07
loop_entropy    =               0.00
cis_bond        =               0.00
disulfide       =               0.00
kn electrostatic=               0.00
partial covalent interactions = 0.00
Energy_Ionisation =             0.15
Entropy Complex =               0.00
-----------------------------------------------------------
Total          = 				  137.34

Now optimizing Residue GLUA14
Optimize Residue ID= GLUA14

BackHbond       =               -42.77
SideHbond       =               -6.78
Energy_VdW      =               -128.82
Electro         =               -2.02
Energy_SolvP    =               186.85
Energy_SolvH    =               -172.42
Energy_vdwclash =               41.33
energy_torsion  =               12.57
backbone_vdwclash=              79.50
Entropy_sidec   =               62.31
Entropy_mainc   =               186.98
water bonds     =               0.00
helix dipole    =               -0.08
loop_entropy    =               0.00
cis_bond        =               0.00
disulfide       =               0.00
kn electrostatic=               0.00
partial covalent interactions = 0.00
Energy_Ionisation =             0.15
Entropy Complex =               0.00
-----------------------------------------------------------
Total          = 				  137.32

Now optimizing Residue GLNA15
Optimize Residue ID= GLNA15

BackHbond       =               -42.77
SideHbond       =               -6.70
Energy_VdW      =               -128.82
Electro         =               -2.02
Energy_SolvP    =               186.84
Energy_SolvH    =               -172.44
Energy_vdwclash =               41.34
energy_torsion  =               12.57
backbone_vdwclash=              79.49
Entropy_sidec   =               62.24
Entropy_mainc   =               186.98
water bonds     =               0.00
helix dipole    =               -0.08
loop_entropy    =               0.00
cis_bond        =               0.00
disulfide       =               0.00
kn electrostatic=               0.00
partial covalent interactions = 0.00
Energy_Ionisation =             0.15
Entropy Complex =               0.00
-----------------------------------------------------------
Total          = 				  137.29

Now optimizing Residue ARGA16
Optimize Residue ID= ARGA16

BackHbond       =               -43.19
SideHbond       =               -7.20
Energy_VdW      =               -128.83
Electro         =               -1.97
Energy_SolvP    =               186.62
Energy_SolvH    =               -172.46
Energy_vdwclash =               41.12
energy_torsion  =               12.57
backbone_vdwclash=              79.51
Entropy_sidec   =               62.24
Entropy_mainc   =               186.98
water bonds     =               0.00
helix dipole    =               -0.07
loop_entropy    =               0.00
cis_bond        =               0.00
disulfide       =               0.00
kn electrostatic=               0.00
partial covalent interactions = 0.00
Energy_Ionisation =             0.15
Entropy Complex =               0.00
-----------------------------------------------------------
Total          = 				  135.96

Now optimizing Residue VALA17
Optimize Residue ID= VALA17

BackHbond       =               -43.19
SideHbond       =               -7.20
Energy_VdW      =               -128.84
Electro         =               -1.97
Energy_SolvP    =               186.62
Energy_SolvH    =               -172.49
Energy_vdwclash =               41.12
energy_torsion  =               12.57
backbone_vdwclash=              79.51
Entropy_sidec   =               62.24
Entropy_mainc   =               186.98
water bonds     =               0.00
helix dipole    =               -0.07
loop_entropy    =               0.00
cis_bond        =               0.00
disulfide       =               0.00
kn electrostatic=               0.00
partial covalent interactions = 0.00
Energy_Ionisation =             0.15
Entropy Complex =               0.00
-----------------------------------------------------------
Total          = 				  135.92

Now optimizing Residue GLUA18
Optimize Residue ID= GLUA18

BackHbond       =               -43.19
SideHbond       =               -6.11
Energy_VdW      =               -128.80
Electro         =               -1.99
Energy_SolvP    =               186.51
Energy_SolvH    =               -172.45
Energy_vdwclash =               40.31
energy_torsion  =               12.57
backbone_vdwclash=              79.51
Entropy_sidec   =               61.31
Entropy_mainc   =               186.98
water bonds     =               0.00
helix dipole    =               -0.05
loop_entropy    =               0.00
cis_bond        =               0.00
disulfide       =               0.00
kn electrostatic=               0.00
partial covalent interactions = 0.00
Energy_Ionisation =             0.15
Entropy Complex =               0.00
-----------------------------------------------------------
Total          = 				  135.24

Now optimizing Residue ASPA19
Optimize Residue ID= ASPA19

BackHbond       =               -43.19
SideHbond       =               -6.27
Energy_VdW      =               -128.80
Electro         =               -2.00
Energy_SolvP    =               186.39
Energy_SolvH    =               -172.46
Energy_vdwclash =               39.98
energy_torsion  =               12.57
backbone_vdwclash=              79.51
Entropy_sidec   =               61.34
Entropy_mainc   =               186.98
water bonds     =               0.00
helix dipole    =               -0.04
loop_entropy    =               0.00
cis_bond        =               0.00
disulfide       =               0.00
kn electrostatic=               0.00
partial covalent interactions = 0.00
Energy_Ionisation =             0.15
Entropy Complex =               0.00
-----------------------------------------------------------
Total          = 				  134.65

Now optimizing Residue VALA20
Optimize Residue ID= VALA20

BackHbond       =               -43.19
SideHbond       =               -6.27
Energy_VdW      =               -128.79
Electro         =               -2.00
Energy_SolvP    =               186.32
Energy_SolvH    =               -172.47
Energy_vdwclash =               39.90
energy_torsion  =               12.54
backbone_vdwclash=              79.51
Entropy_sidec   =               61.35
Entropy_mainc   =               186.98
water bonds     =               0.00
helix dipole    =               -0.04
loop_entropy    =               0.00
cis_bond        =               0.00
disulfide       =               0.00
kn electrostatic=               0.00
partial covalent interactions = 0.00
Energy_Ionisation =             0.15
Entropy Complex =               0.00
-----------------------------------------------------------
Total          = 				  134.48

Now optimizing Residue ARGA21
Optimize Residue ID= ARGA21

BackHbond       =               -43.19
SideHbond       =               -6.27
Energy_VdW      =               -128.80
Electro         =               -2.00
Energy_SolvP    =               186.29
Energy_SolvH    =               -172.49
Energy_vdwclash =               39.90
energy_torsion  =               12.56
backbone_vdwclash=              79.51
Entropy_sidec   =               61.33
Entropy_mainc   =               186.98
water bonds     =               0.00
helix dipole    =               -0.04
loop_entropy    =               0.00
cis_bond        =               0.00
disulfide       =               0.00
kn electrostatic=               0.00
partial covalent interactions = 0.00
Energy_Ionisation =             0.15
Entropy Complex =               0.00
-----------------------------------------------------------
Total          = 				  134.43

Now optimizing Residue LEUA22
Optimize Residue ID= LEUA22

BackHbond       =               -43.19
SideHbond       =               -6.27
Energy_VdW      =               -128.83
Electro         =               -2.00
Energy_SolvP    =               186.31
Energy_SolvH    =               -172.54
Energy_vdwclash =               39.90
energy_torsion  =               12.56
backbone_vdwclash=              79.54
Entropy_sidec   =               61.35
Entropy_mainc   =               186.98
water bonds     =               0.00
helix dipole    =               -0.04
loop_entropy    =               0.00
cis_bond        =               0.00
disulfide       =               0.00
kn electrostatic=               0.00
partial covalent interactions = 0.00
Energy_Ionisation =             0.15
Entropy Complex =               0.00
-----------------------------------------------------------
Total          = 				  134.39

Now optimizing Residue ILEA23
Optimize Residue ID= ILEA23

BackHbond       =               -43.19
SideHbond       =               -6.27
Energy_VdW      =               -128.80
Electro         =               -2.00
Energy_SolvP    =               186.27
Energy_SolvH    =               -172.52
Energy_vdwclash =               39.74
energy_torsion  =               12.62
backbone_vdwclash=              79.47
Entropy_sidec   =               61.35
Entropy_mainc   =               186.98
water bonds     =               0.00
helix dipole    =               -0.04
loop_entropy    =               0.00
cis_bond        =               0.00
disulfide       =               0.00
kn electrostatic=               0.00
partial covalent interactions = 0.00
Energy_Ionisation =             0.15
Entropy Complex =               0.00
-----------------------------------------------------------
Total          = 				  134.30

Now optimizing Residue ARGA24
Optimize Residue ID= ARGA24

BackHbond       =               -43.19
SideHbond       =               -6.30
Energy_VdW      =               -128.74
Electro         =               -2.03
Energy_SolvP    =               186.13
Energy_SolvH    =               -172.48
Energy_vdwclash =               39.74
energy_torsion  =               12.56
backbone_vdwclash=              79.42
Entropy_sidec   =               61.34
Entropy_mainc   =               186.99
water bonds     =               0.00
helix dipole    =               -0.04
loop_entropy    =               0.00
cis_bond        =               0.00
disulfide       =               0.00
kn electrostatic=               0.00
partial covalent interactions = 0.00
Energy_Ionisation =             0.15
Entropy Complex =               0.00
-----------------------------------------------------------
Total          = 				  134.13

Now optimizing Residue GLUA25
Optimize Residue ID= GLUA25

BackHbond       =               -43.19
SideHbond       =               -6.30
Energy_VdW      =               -128.72
Electro         =               -2.04
Energy_SolvP    =               186.08
Energy_SolvH    =               -172.45
Energy_vdwclash =               39.11
energy_torsion  =               12.56
backbone_vdwclash=              79.41
Entropy_sidec   =               61.32
Entropy_mainc   =               186.99
water bonds     =               0.00
helix dipole    =               -0.02
loop_entropy    =               0.00
cis_bond        =               0.00
disulfide       =               0.00
kn electrostatic=               0.00
partial covalent interactions = 0.00
Energy_Ionisation =             0.15
Entropy Complex =               0.00
-----------------------------------------------------------
Total          = 				  133.49

Now optimizing Residue GLNA26
Optimize Residue ID= GLNA26

BackHbond       =               -43.19
SideHbond       =               -6.30
Energy_VdW      =               -128.72
Electro         =               -2.04
Energy_SolvP    =               186.08
Energy_SolvH    =               -172.46
Energy_vdwclash =               39.11
energy_torsion  =               12.56
backbone_vdwclash=              79.41
Entropy_sidec   =               61.32
Entropy_mainc   =               186.99
water bonds     =               0.00
helix dipole    =               -0.02
loop_entropy    =               0.00
cis_bond        =               0.00
disulfide       =               0.00
kn electrostatic=               0.00
partial covalent interactions = 0.00
Energy_Ionisation =             0.15
Entropy Complex =               0.00
-----------------------------------------------------------
Total          = 				  133.48

Now optimizing Residue H1SA27
Optimize Residue ID= H1SA27

BackHbond       =               -43.19
SideHbond       =               -6.30
Energy_VdW      =               -128.73
Electro         =               -2.04
Energy_SolvP    =               186.04
Energy_SolvH    =               -172.49
Energy_vdwclash =               39.08
energy_torsion  =               12.56
backbone_vdwclash=              79.41
Entropy_sidec   =               61.34
Entropy_mainc   =               186.99
water bonds     =               0.00
helix dipole    =               -0.02
loop_entropy    =               0.00
cis_bond        =               0.00
disulfide       =               0.00
kn electrostatic=               0.00
partial covalent interactions = 0.00
Energy_Ionisation =             0.15
Entropy Complex =               0.00
-----------------------------------------------------------
Total          = 				  133.38

Now optimizing Residue PROA28
Optimize Residue ID= PROA28

BackHbond       =               -43.19
SideHbond       =               -6.30
Energy_VdW      =               -128.73
Electro         =               -2.04
Energy_SolvP    =               186.05
Energy_SolvH    =               -172.50
Energy_vdwclash =               39.08
energy_torsion  =               12.56
backbone_vdwclash=              79.41
Entropy_sidec   =               61.33
Entropy_mainc   =               186.99
water bonds     =               0.00
helix dipole    =               -0.02
loop_entropy    =               0.00
cis_bond        =               0.00
disulfide       =               0.00
kn electrostatic=               0.00
partial covalent interactions = 0.00
Energy_Ionisation =             0.15
Entropy Complex =               0.00
-----------------------------------------------------------
Total          = 				  133.38

Now optimizing Residue THRA29
Optimize Residue ID= THRA29

BackHbond       =               -43.19
SideHbond       =               -6.30
Energy_VdW      =               -128.73
Electro         =               -2.04
Energy_SolvP    =               186.05
Energy_SolvH    =               -172.50
Energy_vdwclash =               39.08
energy_torsion  =               12.55
backbone_vdwclash=              79.41
Entropy_sidec   =               61.34
Entropy_mainc   =               186.99
water bonds     =               0.00
helix dipole    =               -0.02
loop_entropy    =               0.00
cis_bond        =               0.00
disulfide       =               0.00
kn electrostatic=               0.00
partial covalent interactions = 0.00
Energy_Ionisation =             0.15
Entropy Complex =               0.00
-----------------------------------------------------------
Total          = 				  133.37

Now optimizing Residue LYSA30
Optimize Residue ID= LYSA30

BackHbond       =               -43.19
SideHbond       =               -6.30
Energy_VdW      =               -128.73
Electro         =               -2.03
Energy_SolvP    =               185.97
Energy_SolvH    =               -172.50
Energy_vdwclash =               39.09
energy_torsion  =               12.55
backbone_vdwclash=              79.43
Entropy_sidec   =               61.33
Entropy_mainc   =               186.97
water bonds     =               0.00
helix dipole    =               -0.02
loop_entropy    =               0.00
cis_bond        =               0.00
disulfide       =               0.00
kn electrostatic=               0.00
partial covalent interactions = 0.00
Energy_Ionisation =             0.15
Entropy Complex =               0.00
-----------------------------------------------------------
Total          = 				  133.29

Now optimizing Residue ILEA31
Optimize Residue ID= ILEA31

BackHbond       =               -43.19
SideHbond       =               -6.30
Energy_VdW      =               -128.72
Electro         =               -2.03
Energy_SolvP    =               185.93
Energy_SolvH    =               -172.50
Energy_vdwclash =               38.90
energy_torsion  =               12.31
backbone_vdwclash=              79.43
Entropy_sidec   =               61.33
Entropy_mainc   =               186.96
water bonds     =               0.00
helix dipole    =               -0.02
loop_entropy    =               0.00
cis_bond        =               0.00
disulfide       =               0.00
kn electrostatic=               0.00
partial covalent interactions = 0.00
Energy_Ionisation =             0.15
Entropy Complex =               0.00
-----------------------------------------------------------
Total          = 				  132.82

Now optimizing Residue PROA32
Optimize Residue ID= PROA32

BackHbond       =               -43.19
SideHbond       =               -6.30
Energy_VdW      =               -128.72
Electro         =               -2.03
Energy_SolvP    =               185.94
Energy_SolvH    =               -172.50
Energy_vdwclash =               38.89
energy_torsion  =               12.31
backbone_vdwclash=              79.43
Entropy_sidec   =               61.33
Entropy_mainc   =               186.96
water bonds     =               0.00
helix dipole    =               -0.02
loop_entropy    =               0.00
cis_bond        =               0.00
disulfide       =               0.00
kn electrostatic=               0.00
partial covalent interactions = 0.00
Energy_Ionisation =             0.15
Entropy Complex =               0.00
-----------------------------------------------------------
Total          = 				  132.81

Now optimizing Residue VALA33
Optimize Residue ID= VALA33

BackHbond       =               -43.19
SideHbond       =               -6.30
Energy_VdW      =               -128.72
Electro         =               -2.03
Energy_SolvP    =               185.93
Energy_SolvH    =               -172.50
Energy_vdwclash =               38.77
energy_torsion  =               12.28
backbone_vdwclash=              79.43
Entropy_sidec   =               61.33
Entropy_mainc   =               186.96
water bonds     =               0.00
helix dipole    =               -0.02
loop_entropy    =               0.00
cis_bond        =               0.00
disulfide       =               0.00
kn electrostatic=               0.00
partial covalent interactions = 0.00
Energy_Ionisation =             0.15
Entropy Complex =               0.00
-----------------------------------------------------------
Total          = 				  132.66

Now optimizing Residue ILEA34
Optimize Residue ID= ILEA34

BackHbond       =               -43.19
SideHbond       =               -6.30
Energy_VdW      =               -128.72
Electro         =               -2.03
Energy_SolvP    =               185.92
Energy_SolvH    =               -172.50
Energy_vdwclash =               38.20
energy_torsion  =               12.33
backbone_vdwclash=              79.43
Entropy_sidec   =               61.32
Entropy_mainc   =               186.98
water bonds     =               0.00
helix dipole    =               -0.02
loop_entropy    =               0.00
cis_bond        =               0.00
disulfide       =               0.00
kn electrostatic=               0.00
partial covalent interactions = 0.00
Energy_Ionisation =             0.15
Entropy Complex =               0.00
-----------------------------------------------------------
Total          = 				  132.13

Now optimizing Residue ILEA35
Optimize Residue ID= ILEA35

BackHbond       =               -43.19
SideHbond       =               -6.30
Energy_VdW      =               -128.70
Electro         =               -2.03
Energy_SolvP    =               185.92
Energy_SolvH    =               -172.46
Energy_vdwclash =               38.07
energy_torsion  =               12.31
backbone_vdwclash=              79.43
Entropy_sidec   =               61.32
Entropy_mainc   =               186.98
water bonds     =               0.00
helix dipole    =               -0.02
loop_entropy    =               0.00
cis_bond        =               0.00
disulfide       =               0.00
kn electrostatic=               0.00
partial covalent interactions = 0.00
Energy_Ionisation =             0.15
Entropy Complex =               0.00
-----------------------------------------------------------
Total          = 				  132.04

Now optimizing Residue GLUA36
Optimize Residue ID= GLUA36

BackHbond       =               -43.19
SideHbond       =               -6.50
Energy_VdW      =               -128.70
Electro         =               -2.05
Energy_SolvP    =               185.61
Energy_SolvH    =               -172.46
Energy_vdwclash =               38.07
energy_torsion  =               12.31
backbone_vdwclash=              79.42
Entropy_sidec   =               61.38
Entropy_mainc   =               186.98
water bonds     =               0.00
helix dipole    =               0.01
loop_entropy    =               0.00
cis_bond        =               0.00
disulfide       =               0.00
kn electrostatic=               0.00
partial covalent interactions = 0.00
Energy_Ionisation =             0.15
Entropy Complex =               0.00
-----------------------------------------------------------
Total          = 				  131.62

Now optimizing Residue ARGA37
Optimize Residue ID= ARGA37

BackHbond       =               -43.19
SideHbond       =               -6.54
Energy_VdW      =               -128.69
Electro         =               -2.02
Energy_SolvP    =               185.53
Energy_SolvH    =               -172.46
Energy_vdwclash =               38.00
energy_torsion  =               12.30
backbone_vdwclash=              79.42
Entropy_sidec   =               61.39
Entropy_mainc   =               186.97
water bonds     =               0.00
helix dipole    =               0.01
loop_entropy    =               0.00
cis_bond        =               0.00
disulfide       =               0.00
kn electrostatic=               0.00
partial covalent interactions = 0.00
Energy_Ionisation =             0.15
Entropy Complex =               0.00
-----------------------------------------------------------
Total          = 				  131.46

Now optimizing Residue TYRA38
Optimize Residue ID= TYRA38

BackHbond       =               -43.83
SideHbond       =               -7.17
Energy_VdW      =               -128.69
Electro         =               -2.02
Energy_SolvP    =               185.38
Energy_SolvH    =               -172.45
Energy_vdwclash =               36.86
energy_torsion  =               12.31
backbone_vdwclash=              79.46
Entropy_sidec   =               61.39
Entropy_mainc   =               187.67
water bonds     =               0.00
helix dipole    =               0.01
loop_entropy    =               0.00
cis_bond        =               0.00
disulfide       =               0.00
kn electrostatic=               0.00
partial covalent interactions = 0.00
Energy_Ionisation =             0.15
Entropy Complex =               0.00
-----------------------------------------------------------
Total          = 				  129.59

Now optimizing Residue LYSA39
Optimize Residue ID= LYSA39

BackHbond       =               -43.83
SideHbond       =               -7.17
Energy_VdW      =               -128.69
Electro         =               -2.03
Energy_SolvP    =               185.38
Energy_SolvH    =               -172.45
Energy_vdwclash =               36.86
energy_torsion  =               12.31
backbone_vdwclash=              79.46
Entropy_sidec   =               61.39
Entropy_mainc   =               187.67
water bonds     =               0.00
helix dipole    =               0.01
loop_entropy    =               0.00
cis_bond        =               0.00
disulfide       =               0.00
kn electrostatic=               0.00
partial covalent interactions = 0.00
Energy_Ionisation =             0.15
Entropy Complex =               0.00
-----------------------------------------------------------
Total          = 				  129.58

Now optimizing Residue GLUA41
Optimize Residue ID= GLUA41

BackHbond       =               -43.83
SideHbond       =               -7.22
Energy_VdW      =               -128.69
Electro         =               -2.00
Energy_SolvP    =               185.31
Energy_SolvH    =               -172.46
Energy_vdwclash =               36.44
energy_torsion  =               12.31
backbone_vdwclash=              79.46
Entropy_sidec   =               61.42
Entropy_mainc   =               187.67
water bonds     =               0.00
helix dipole    =               0.01
loop_entropy    =               0.00
cis_bond        =               0.00
disulfide       =               0.00
kn electrostatic=               0.00
partial covalent interactions = 0.00
Energy_Ionisation =             0.15
Entropy Complex =               0.00
-----------------------------------------------------------
Total          = 				  129.11

Now optimizing Residue LYSA42
Optimize Residue ID= LYSA42

BackHbond       =               -43.83
SideHbond       =               -7.22
Energy_VdW      =               -128.68
Electro         =               -2.00
Energy_SolvP    =               185.28
Energy_SolvH    =               -172.46
Energy_vdwclash =               36.44
energy_torsion  =               12.31
backbone_vdwclash=              79.45
Entropy_sidec   =               61.42
Entropy_mainc   =               187.66
water bonds     =               0.00
helix dipole    =               0.00
loop_entropy    =               0.00
cis_bond        =               0.00
disulfide       =               0.00
kn electrostatic=               0.00
partial covalent interactions = 0.00
Energy_Ionisation =             0.15
Entropy Complex =               0.00
-----------------------------------------------------------
Total          = 				  129.09

Now optimizing Residue GLNA43
Optimize Residue ID= GLNA43

BackHbond       =               -43.83
SideHbond       =               -7.22
Energy_VdW      =               -128.62
Electro         =               -2.00
Energy_SolvP    =               185.14
Energy_SolvH    =               -172.42
Energy_vdwclash =               36.47
energy_torsion  =               12.18
backbone_vdwclash=              79.45
Entropy_sidec   =               61.37
Entropy_mainc   =               187.64
water bonds     =               0.00
helix dipole    =               0.00
loop_entropy    =               0.00
cis_bond        =               0.00
disulfide       =               0.00
kn electrostatic=               0.00
partial covalent interactions = 0.00
Energy_Ionisation =             0.15
Entropy Complex =               0.00
-----------------------------------------------------------
Total          = 				  128.86

Now optimizing Residue LEUA44
Optimize Residue ID= LEUA44

BackHbond       =               -43.83
SideHbond       =               -7.22
Energy_VdW      =               -128.64
Electro         =               -2.00
Energy_SolvP    =               185.13
Energy_SolvH    =               -172.46
Energy_vdwclash =               36.47
energy_torsion  =               12.18
backbone_vdwclash=              79.45
Entropy_sidec   =               61.38
Entropy_mainc   =               187.64
water bonds     =               0.00
helix dipole    =               0.00
loop_entropy    =               0.00
cis_bond        =               0.00
disulfide       =               0.00
kn electrostatic=               0.00
partial covalent interactions = 0.00
Energy_Ionisation =             0.15
Entropy Complex =               0.00
-----------------------------------------------------------
Total          = 				  128.81

Now optimizing Residue PROA45
Optimize Residue ID= PROA45

BackHbond       =               -43.83
SideHbond       =               -7.22
Energy_VdW      =               -128.64
Electro         =               -2.00
Energy_SolvP    =               185.13
Energy_SolvH    =               -172.46
Energy_vdwclash =               36.47
energy_torsion  =               12.18
backbone_vdwclash=              79.45
Entropy_sidec   =               61.38
Entropy_mainc   =               187.64
water bonds     =               0.00
helix dipole    =               0.00
loop_entropy    =               0.00
cis_bond        =               0.00
disulfide       =               0.00
kn electrostatic=               0.00
partial covalent interactions = 0.00
Energy_Ionisation =             0.15
Entropy Complex =               0.00
-----------------------------------------------------------
Total          = 				  128.81

Now optimizing Residue VALA46
Optimize Residue ID= VALA46

BackHbond       =               -43.83
SideHbond       =               -7.22
Energy_VdW      =               -128.64
Electro         =               -2.00
Energy_SolvP    =               185.13
Energy_SolvH    =               -172.46
Energy_vdwclash =               36.47
energy_torsion  =               12.18
backbone_vdwclash=              79.45
Entropy_sidec   =               61.38
Entropy_mainc   =               187.64
water bonds     =               0.00
helix dipole    =               0.00
loop_entropy    =               0.00
cis_bond        =               0.00
disulfide       =               0.00
kn electrostatic=               0.00
partial covalent interactions = 0.00
Energy_Ionisation =             0.15
Entropy Complex =               0.00
-----------------------------------------------------------
Total          = 				  128.81

Now optimizing Residue LEUA47
Optimize Residue ID= LEUA47

BackHbond       =               -43.83
SideHbond       =               -7.22
Energy_VdW      =               -128.67
Electro         =               -2.00
Energy_SolvP    =               185.19
Energy_SolvH    =               -172.50
Energy_vdwclash =               35.85
energy_torsion  =               12.18
backbone_vdwclash=              79.46
Entropy_sidec   =               61.40
Entropy_mainc   =               187.65
water bonds     =               0.00
helix dipole    =               0.00
loop_entropy    =               0.00
cis_bond        =               0.00
disulfide       =               0.00
kn electrostatic=               0.00
partial covalent interactions = 0.00
Energy_Ionisation =             0.15
Entropy Complex =               0.00
-----------------------------------------------------------
Total          = 				  128.19

Now optimizing Residue ASPA48
Optimize Residue ID= ASPA48

BackHbond       =               -43.83
SideHbond       =               -7.22
Energy_VdW      =               -128.68
Electro         =               -1.99
Energy_SolvP    =               185.19
Energy_SolvH    =               -172.51
Energy_vdwclash =               35.85
energy_torsion  =               12.18
backbone_vdwclash=              79.46
Entropy_sidec   =               61.39
Entropy_mainc   =               187.65
water bonds     =               0.00
helix dipole    =               0.01
loop_entropy    =               0.00
cis_bond        =               0.00
disulfide       =               0.00
kn electrostatic=               0.00
partial covalent interactions = 0.00
Energy_Ionisation =             0.15
Entropy Complex =               0.00
-----------------------------------------------------------
Total          = 				  128.18

Now optimizing Residue LYSA49
Optimize Residue ID= LYSA49

BackHbond       =               -43.83
SideHbond       =               -7.22
Energy_VdW      =               -128.66
Electro         =               -1.97
Energy_SolvP    =               185.14
Energy_SolvH    =               -172.49
Energy_vdwclash =               35.85
energy_torsion  =               12.18
backbone_vdwclash=              79.45
Entropy_sidec   =               61.36
Entropy_mainc   =               187.64
water bonds     =               0.00
helix dipole    =               0.01
loop_entropy    =               0.00
cis_bond        =               0.00
disulfide       =               0.00
kn electrostatic=               0.00
partial covalent interactions = 0.00
Energy_Ionisation =             0.15
Entropy Complex =               0.00
-----------------------------------------------------------
Total          = 				  128.16

Now optimizing Residue THRA50
Optimize Residue ID= THRA50

BackHbond       =               -43.83
SideHbond       =               -7.26
Energy_VdW      =               -128.66
Electro         =               -1.97
Energy_SolvP    =               185.14
Energy_SolvH    =               -172.49
Energy_vdwclash =               35.89
energy_torsion  =               12.18
backbone_vdwclash=              79.45
Entropy_sidec   =               61.36
Entropy_mainc   =               187.64
water bonds     =               0.00
helix dipole    =               0.01
loop_entropy    =               0.00
cis_bond        =               0.00
disulfide       =               0.00
kn electrostatic=               0.00
partial covalent interactions = 0.00
Energy_Ionisation =             0.15
Entropy Complex =               0.00
-----------------------------------------------------------
Total          = 				  128.16

Now optimizing Residue LYSA51
Optimize Residue ID= LYSA51

BackHbond       =               -43.83
SideHbond       =               -7.25
Energy_VdW      =               -128.63
Electro         =               -1.95
Energy_SolvP    =               185.05
Energy_SolvH    =               -172.45
Energy_vdwclash =               35.70
energy_torsion  =               12.22
backbone_vdwclash=              79.45
Entropy_sidec   =               61.31
Entropy_mainc   =               187.64
water bonds     =               0.00
helix dipole    =               0.01
loop_entropy    =               0.00
cis_bond        =               0.00
disulfide       =               0.00
kn electrostatic=               0.00
partial covalent interactions = 0.00
Energy_Ionisation =             0.15
Entropy Complex =               0.00
-----------------------------------------------------------
Total          = 				  127.96

Now optimizing Residue PHEA52
Optimize Residue ID= PHEA52

BackHbond       =               -43.83
SideHbond       =               -7.25
Energy_VdW      =               -128.68
Electro         =               -1.95
Energy_SolvP    =               185.08
Energy_SolvH    =               -172.50
Energy_vdwclash =               35.67
energy_torsion  =               12.12
backbone_vdwclash=              79.50
Entropy_sidec   =               61.32
Entropy_mainc   =               187.67
water bonds     =               0.00
helix dipole    =               0.01
loop_entropy    =               0.00
cis_bond        =               0.00
disulfide       =               0.00
kn electrostatic=               0.00
partial covalent interactions = 0.00
Energy_Ionisation =             0.15
Entropy Complex =               0.00
-----------------------------------------------------------
Total          = 				  127.80

Now optimizing Residue LEUA53
Optimize Residue ID= LEUA53

BackHbond       =               -43.83
SideHbond       =               -7.25
Energy_VdW      =               -128.67
Electro         =               -1.95
Energy_SolvP    =               185.08
Energy_SolvH    =               -172.49
Energy_vdwclash =               35.64
energy_torsion  =               12.13
backbone_vdwclash=              79.50
Entropy_sidec   =               61.32
Entropy_mainc   =               187.67
water bonds     =               0.00
helix dipole    =               0.01
loop_entropy    =               0.00
cis_bond        =               0.00
disulfide       =               0.00
kn electrostatic=               0.00
partial covalent interactions = 0.00
Energy_Ionisation =             0.15
Entropy Complex =               0.00
-----------------------------------------------------------
Total          = 				  127.80

Now optimizing Residue VALA54
Optimize Residue ID= VALA54

BackHbond       =               -43.83
SideHbond       =               -7.25
Energy_VdW      =               -128.70
Electro         =               -1.95
Energy_SolvP    =               185.08
Energy_SolvH    =               -172.56
Energy_vdwclash =               35.48
energy_torsion  =               12.15
backbone_vdwclash=              79.50
Entropy_sidec   =               61.32
Entropy_mainc   =               187.66
water bonds     =               0.00
helix dipole    =               0.01
loop_entropy    =               0.00
cis_bond        =               0.00
disulfide       =               0.00
kn electrostatic=               0.00
partial covalent interactions = 0.00
Energy_Ionisation =             0.15
Entropy Complex =               0.00
-----------------------------------------------------------
Total          = 				  127.55

Now optimizing Residue PROA55
Optimize Residue ID= PROA55

BackHbond       =               -43.83
SideHbond       =               -7.25
Energy_VdW      =               -128.70
Electro         =               -1.95
Energy_SolvP    =               185.08
Energy_SolvH    =               -172.56
Energy_vdwclash =               35.38
energy_torsion  =               12.15
backbone_vdwclash=              79.50
Entropy_sidec   =               61.32
Entropy_mainc   =               187.66
water bonds     =               0.00
helix dipole    =               0.01
loop_entropy    =               0.00
cis_bond        =               0.00
disulfide       =               0.00
kn electrostatic=               0.00
partial covalent interactions = 0.00
Energy_Ionisation =             0.15
Entropy Complex =               0.00
-----------------------------------------------------------
Total          = 				  127.46

Now optimizing Residue ASPA56
Optimize Residue ID= ASPA56

BackHbond       =               -43.83
SideHbond       =               -7.23
Energy_VdW      =               -128.68
Electro         =               -1.95
Energy_SolvP    =               184.96
Energy_SolvH    =               -172.56
Energy_vdwclash =               35.38
energy_torsion  =               12.11
backbone_vdwclash=              79.47
Entropy_sidec   =               61.32
Entropy_mainc   =               187.66
water bonds     =               0.00
helix dipole    =               0.01
loop_entropy    =               0.00
cis_bond        =               0.00
disulfide       =               0.00
kn electrostatic=               0.00
partial covalent interactions = 0.00
Energy_Ionisation =             0.15
Entropy Complex =               0.00
-----------------------------------------------------------
Total          = 				  127.34

Now optimizing Residue H2SA57
Optimize Residue ID= H2SA57

BackHbond       =               -43.83
SideHbond       =               -7.23
Energy_VdW      =               -128.68
Electro         =               -1.95
Energy_SolvP    =               184.96
Energy_SolvH    =               -172.56
Energy_vdwclash =               35.38
energy_torsion  =               11.81
backbone_vdwclash=              79.47
Entropy_sidec   =               61.32
Entropy_mainc   =               187.66
water bonds     =               0.00
helix dipole    =               0.01
loop_entropy    =               0.00
cis_bond        =               0.00
disulfide       =               0.00
kn electrostatic=               0.00
partial covalent interactions = 0.00
Energy_Ionisation =             0.15
Entropy Complex =               0.00
-----------------------------------------------------------
Total          = 				  127.04

Now optimizing Residue VALA58
Optimize Residue ID= VALA58

BackHbond       =               -43.83
SideHbond       =               -7.23
Energy_VdW      =               -128.68
Electro         =               -1.95
Energy_SolvP    =               184.96
Energy_SolvH    =               -172.56
Energy_vdwclash =               35.01
energy_torsion  =               11.86
backbone_vdwclash=              79.47
Entropy_sidec   =               61.32
Entropy_mainc   =               187.66
water bonds     =               0.00
helix dipole    =               0.01
loop_entropy    =               0.00
cis_bond        =               0.00
disulfide       =               0.00
kn electrostatic=               0.00
partial covalent interactions = 0.00
Energy_Ionisation =             0.15
Entropy Complex =               0.00
-----------------------------------------------------------
Total          = 				  126.73

Now optimizing Residue ASNA59
Optimize Residue ID= ASNA59

BackHbond       =               -43.83
SideHbond       =               -7.23
Energy_VdW      =               -128.66
Electro         =               -1.95
Energy_SolvP    =               184.92
Energy_SolvH    =               -172.54
Energy_vdwclash =               35.02
energy_torsion  =               11.86
backbone_vdwclash=              79.47
Entropy_sidec   =               61.30
Entropy_mainc   =               187.66
water bonds     =               0.00
helix dipole    =               0.01
loop_entropy    =               0.00
cis_bond        =               0.00
disulfide       =               0.00
kn electrostatic=               0.00
partial covalent interactions = 0.00
Energy_Ionisation =             0.15
Entropy Complex =               0.00
-----------------------------------------------------------
Total          = 				  126.72

Now optimizing Residue SERA61
Optimize Residue ID= SERA61

BackHbond       =               -43.83
SideHbond       =               -7.23
Energy_VdW      =               -128.66
Electro         =               -1.95
Energy_SolvP    =               184.92
Energy_SolvH    =               -172.54
Energy_vdwclash =               35.02
energy_torsion  =               11.86
backbone_vdwclash=              79.47
Entropy_sidec   =               61.30
Entropy_mainc   =               187.66
water bonds     =               0.00
helix dipole    =               0.01
loop_entropy    =               0.00
cis_bond        =               0.00
disulfide       =               0.00
kn electrostatic=               0.00
partial covalent interactions = 0.00
Energy_Ionisation =             0.15
Entropy Complex =               0.00
-----------------------------------------------------------
Total          = 				  126.72

Now optimizing Residue GLUA62
Optimize Residue ID= GLUA62

BackHbond       =               -43.83
SideHbond       =               -7.23
Energy_VdW      =               -128.65
Electro         =               -1.94
Energy_SolvP    =               184.85
Energy_SolvH    =               -172.54
Energy_vdwclash =               35.02
energy_torsion  =               11.86
backbone_vdwclash=              79.46
Entropy_sidec   =               61.29
Entropy_mainc   =               187.66
water bonds     =               0.00
helix dipole    =               0.01
loop_entropy    =               0.00
cis_bond        =               0.00
disulfide       =               0.00
kn electrostatic=               0.00
partial covalent interactions = 0.00
Energy_Ionisation =             0.15
Entropy Complex =               0.00
-----------------------------------------------------------
Total          = 				  126.66

Now optimizing Residue LYSA65
Optimize Residue ID= LYSA65

BackHbond       =               -43.83
SideHbond       =               -7.23
Energy_VdW      =               -128.68
Electro         =               -1.94
Energy_SolvP    =               184.85
Energy_SolvH    =               -172.58
Energy_vdwclash =               35.04
energy_torsion  =               11.86
backbone_vdwclash=              79.47
Entropy_sidec   =               61.31
Entropy_mainc   =               187.66
water bonds     =               0.00
helix dipole    =               0.01
loop_entropy    =               0.00
cis_bond        =               0.00
disulfide       =               0.00
kn electrostatic=               0.00
partial covalent interactions = 0.00
Energy_Ionisation =             0.15
Entropy Complex =               0.00
-----------------------------------------------------------
Total          = 				  126.63

Now optimizing Residue ILEA66
Optimize Residue ID= ILEA66

BackHbond       =               -43.83
SideHbond       =               -7.23
Energy_VdW      =               -128.70
Electro         =               -1.94
Energy_SolvP    =               184.85
Energy_SolvH    =               -172.62
Energy_vdwclash =               35.04
energy_torsion  =               11.83
backbone_vdwclash=              79.47
Entropy_sidec   =               61.32
Entropy_mainc   =               187.66
water bonds     =               0.00
helix dipole    =               0.01
loop_entropy    =               0.00
cis_bond        =               0.00
disulfide       =               0.00
kn electrostatic=               0.00
partial covalent interactions = 0.00
Energy_Ionisation =             0.15
Entropy Complex =               0.00
-----------------------------------------------------------
Total          = 				  126.55

Now optimizing Residue ILEA67
Optimize Residue ID= ILEA67

BackHbond       =               -43.83
SideHbond       =               -7.23
Energy_VdW      =               -128.73
Electro         =               -1.94
Energy_SolvP    =               184.85
Energy_SolvH    =               -172.70
Energy_vdwclash =               34.72
energy_torsion  =               11.85
backbone_vdwclash=              79.47
Entropy_sidec   =               61.33
Entropy_mainc   =               187.66
water bonds     =               0.00
helix dipole    =               0.01
loop_entropy    =               0.00
cis_bond        =               0.00
disulfide       =               0.00
kn electrostatic=               0.00
partial covalent interactions = 0.00
Energy_Ionisation =             0.15
Entropy Complex =               0.00
-----------------------------------------------------------
Total          = 				  126.15

Now optimizing Residue ARGA68
Optimize Residue ID= ARGA68

BackHbond       =               -43.83
SideHbond       =               -7.23
Energy_VdW      =               -128.71
Electro         =               -1.95
Energy_SolvP    =               184.79
Energy_SolvH    =               -172.68
Energy_vdwclash =               34.45
energy_torsion  =               11.71
backbone_vdwclash=              79.47
Entropy_sidec   =               61.31
Entropy_mainc   =               187.67
water bonds     =               0.00
helix dipole    =               0.01
loop_entropy    =               0.00
cis_bond        =               0.00
disulfide       =               0.00
kn electrostatic=               0.00
partial covalent interactions = 0.00
Energy_Ionisation =             0.15
Entropy Complex =               0.00
-----------------------------------------------------------
Total          = 				  125.69

Now optimizing Residue ARGA69
Optimize Residue ID= ARGA69

BackHbond       =               -43.83
SideHbond       =               -7.23
Energy_VdW      =               -128.70
Electro         =               -1.96
Energy_SolvP    =               184.78
Energy_SolvH    =               -172.68
Energy_vdwclash =               34.45
energy_torsion  =               11.71
backbone_vdwclash=              79.47
Entropy_sidec   =               61.31
Entropy_mainc   =               187.67
water bonds     =               0.00
helix dipole    =               0.01
loop_entropy    =               0.00
cis_bond        =               0.00
disulfide       =               0.00
kn electrostatic=               0.00
partial covalent interactions = 0.00
Energy_Ionisation =             0.15
Entropy Complex =               0.00
-----------------------------------------------------------
Total          = 				  125.68

Now optimizing Residue ARGA70
Optimize Residue ID= ARGA70

BackHbond       =               -43.83
SideHbond       =               -7.23
Energy_VdW      =               -128.67
Electro         =               -1.97
Energy_SolvP    =               184.67
Energy_SolvH    =               -172.68
Energy_vdwclash =               34.45
energy_torsion  =               11.71
backbone_vdwclash=              79.43
Entropy_sidec   =               61.29
Entropy_mainc   =               187.65
water bonds     =               0.00
helix dipole    =               0.02
loop_entropy    =               0.00
cis_bond        =               0.00
disulfide       =               0.00
kn electrostatic=               0.00
partial covalent interactions = 0.00
Energy_Ionisation =             0.15
Entropy Complex =               0.00
-----------------------------------------------------------
Total          = 				  125.56

Now optimizing Residue LEUA71
Optimize Residue ID= LEUA71

BackHbond       =               -43.83
SideHbond       =               -7.23
Energy_VdW      =               -128.66
Electro         =               -1.97
Energy_SolvP    =               184.66
Energy_SolvH    =               -172.66
Energy_vdwclash =               33.99
energy_torsion  =               11.71
backbone_vdwclash=              79.43
Entropy_sidec   =               61.29
Entropy_mainc   =               187.65
water bonds     =               0.00
helix dipole    =               0.02
loop_entropy    =               0.00
cis_bond        =               0.00
disulfide       =               0.00
kn electrostatic=               0.00
partial covalent interactions = 0.00
Energy_Ionisation =             0.15
Entropy Complex =               0.00
-----------------------------------------------------------
Total          = 				  125.11

Now optimizing Residue GLNA72
Optimize Residue ID= GLNA72

BackHbond       =               -43.83
SideHbond       =               -7.23
Energy_VdW      =               -128.67
Electro         =               -1.97
Energy_SolvP    =               184.67
Energy_SolvH    =               -172.67
Energy_vdwclash =               33.99
energy_torsion  =               11.71
backbone_vdwclash=              79.43
Entropy_sidec   =               61.29
Entropy_mainc   =               187.65
water bonds     =               0.00
helix dipole    =               0.02
loop_entropy    =               0.00
cis_bond        =               0.00
disulfide       =               0.00
kn electrostatic=               0.00
partial covalent interactions = 0.00
Energy_Ionisation =             0.15
Entropy Complex =               0.00
-----------------------------------------------------------
Total          = 				  125.10

Now optimizing Residue LEUA73
Optimize Residue ID= LEUA73

BackHbond       =               -43.83
SideHbond       =               -7.23
Energy_VdW      =               -128.66
Electro         =               -1.97
Energy_SolvP    =               184.62
Energy_SolvH    =               -172.68
Energy_vdwclash =               33.95
energy_torsion  =               11.71
backbone_vdwclash=              79.43
Entropy_sidec   =               61.27
Entropy_mainc   =               187.63
water bonds     =               0.00
helix dipole    =               0.02
loop_entropy    =               0.00
cis_bond        =               0.00
disulfide       =               0.00
kn electrostatic=               0.00
partial covalent interactions = 0.00
Energy_Ionisation =             0.15
Entropy Complex =               0.00
-----------------------------------------------------------
Total          = 				  124.98

Now optimizing Residue ASNA74
Optimize Residue ID= ASNA74

BackHbond       =               -43.83
SideHbond       =               -7.23
Energy_VdW      =               -128.66
Electro         =               -1.97
Energy_SolvP    =               184.61
Energy_SolvH    =               -172.68
Energy_vdwclash =               33.95
energy_torsion  =               11.71
backbone_vdwclash=              79.42
Entropy_sidec   =               61.27
Entropy_mainc   =               187.63
water bonds     =               0.00
helix dipole    =               0.02
loop_entropy    =               0.00
cis_bond        =               0.00
disulfide       =               0.00
kn electrostatic=               0.00
partial covalent interactions = 0.00
Energy_Ionisation =             0.15
Entropy Complex =               0.00
-----------------------------------------------------------
Total          = 				  124.97

Now optimizing Residue ASNA76
Optimize Residue ID= ASNA76

BackHbond       =               -43.83
SideHbond       =               -7.23
Energy_VdW      =               -128.66
Electro         =               -1.97
Energy_SolvP    =               184.61
Energy_SolvH    =               -172.69
Energy_vdwclash =               33.95
energy_torsion  =               11.71
backbone_vdwclash=              79.42
Entropy_sidec   =               61.27
Entropy_mainc   =               187.64
water bonds     =               0.00
helix dipole    =               0.02
loop_entropy    =               0.00
cis_bond        =               0.00
disulfide       =               0.00
kn electrostatic=               0.00
partial covalent interactions = 0.00
Energy_Ionisation =             0.15
Entropy Complex =               0.00
-----------------------------------------------------------
Total          = 				  124.97

Now optimizing Residue GLNA77
Optimize Residue ID= GLNA77

BackHbond       =               -43.83
SideHbond       =               -7.23
Energy_VdW      =               -128.66
Electro         =               -1.97
Energy_SolvP    =               184.57
Energy_SolvH    =               -172.72
Energy_vdwclash =               33.95
energy_torsion  =               11.25
backbone_vdwclash=              79.42
Entropy_sidec   =               61.27
Entropy_mainc   =               187.63
water bonds     =               0.00
helix dipole    =               0.02
loop_entropy    =               0.00
cis_bond        =               0.00
disulfide       =               0.00
kn electrostatic=               0.00
partial covalent interactions = 0.00
Energy_Ionisation =             0.15
Entropy Complex =               0.00
-----------------------------------------------------------
Total          = 				  124.42

Now optimizing Residue PHEA79
Optimize Residue ID= PHEA79

BackHbond       =               -43.83
SideHbond       =               -7.23
Energy_VdW      =               -128.71
Electro         =               -1.98
Energy_SolvP    =               184.59
Energy_SolvH    =               -172.78
Energy_vdwclash =               33.57
energy_torsion  =               11.25
backbone_vdwclash=              79.44
Entropy_sidec   =               61.28
Entropy_mainc   =               187.63
water bonds     =               0.00
helix dipole    =               0.02
loop_entropy    =               0.00
cis_bond        =               0.00
disulfide       =               0.00
kn electrostatic=               0.00
partial covalent interactions = 0.00
Energy_Ionisation =             0.15
Entropy Complex =               0.00
-----------------------------------------------------------
Total          = 				  123.96

Now optimizing Residue LEUA82
Optimize Residue ID= LEUA82

BackHbond       =               -43.83
SideHbond       =               -7.23
Energy_VdW      =               -128.70
Electro         =               -1.98
Energy_SolvP    =               184.58
Energy_SolvH    =               -172.77
Energy_vdwclash =               33.59
energy_torsion  =               10.99
backbone_vdwclash=              79.43
Entropy_sidec   =               61.28
Entropy_mainc   =               187.63
water bonds     =               0.00
helix dipole    =               0.02
loop_entropy    =               0.00
cis_bond        =               0.00
disulfide       =               0.00
kn electrostatic=               0.00
partial covalent interactions = 0.00
Energy_Ionisation =             0.15
Entropy Complex =               0.00
-----------------------------------------------------------
Total          = 				  123.71

Now optimizing Residue VALA83
Optimize Residue ID= VALA83

BackHbond       =               -43.83
SideHbond       =               -7.23
Energy_VdW      =               -128.70
Electro         =               -1.98
Energy_SolvP    =               184.58
Energy_SolvH    =               -172.77
Energy_vdwclash =               33.25
energy_torsion  =               11.09
backbone_vdwclash=              79.43
Entropy_sidec   =               61.28
Entropy_mainc   =               187.63
water bonds     =               0.00
helix dipole    =               0.02
loop_entropy    =               0.00
cis_bond        =               0.00
disulfide       =               0.00
kn electrostatic=               0.00
partial covalent interactions = 0.00
Energy_Ionisation =             0.15
Entropy Complex =               0.00
-----------------------------------------------------------
Total          = 				  123.48

Now optimizing Residue ASNA84
Optimize Residue ID= ASNA84

BackHbond       =               -43.83
SideHbond       =               -7.23
Energy_VdW      =               -128.69
Electro         =               -1.98
Energy_SolvP    =               184.54
Energy_SolvH    =               -172.77
Energy_vdwclash =               33.24
energy_torsion  =               11.09
backbone_vdwclash=              79.43
Entropy_sidec   =               61.27
Entropy_mainc   =               187.63
water bonds     =               0.00
helix dipole    =               0.02
loop_entropy    =               0.00
cis_bond        =               0.00
disulfide       =               0.00
kn electrostatic=               0.00
partial covalent interactions = 0.00
Energy_Ionisation =             0.15
Entropy Complex =               0.00
-----------------------------------------------------------
Total          = 				  123.45

Now optimizing Residue H2SA86
Optimize Residue ID= H2SA86

BackHbond       =               -43.83
SideHbond       =               -7.23
Energy_VdW      =               -128.68
Electro         =               -1.98
Energy_SolvP    =               184.54
Energy_SolvH    =               -172.75
Energy_vdwclash =               33.19
energy_torsion  =               11.09
backbone_vdwclash=              79.42
Entropy_sidec   =               61.27
Entropy_mainc   =               187.62
water bonds     =               0.00
helix dipole    =               0.02
loop_entropy    =               0.00
cis_bond        =               0.00
disulfide       =               0.00
kn electrostatic=               0.00
partial covalent interactions = 0.00
Energy_Ionisation =             0.15
Entropy Complex =               0.00
-----------------------------------------------------------
Total          = 				  123.41

Now optimizing Residue SERA87
Optimize Residue ID= SERA87

BackHbond       =               -43.83
SideHbond       =               -7.23
Energy_VdW      =               -128.68
Electro         =               -1.98
Energy_SolvP    =               184.54
Energy_SolvH    =               -172.75
Energy_vdwclash =               33.19
energy_torsion  =               11.09
backbone_vdwclash=              79.42
Entropy_sidec   =               61.27
Entropy_mainc   =               187.62
water bonds     =               0.00
helix dipole    =               0.02
loop_entropy    =               0.00
cis_bond        =               0.00
disulfide       =               0.00
kn electrostatic=               0.00
partial covalent interactions = 0.00
Energy_Ionisation =             0.15
Entropy Complex =               0.00
-----------------------------------------------------------
Total          = 				  123.41

Now optimizing Residue META88
Optimize Residue ID= META88

BackHbond       =               -43.83
SideHbond       =               -7.23
Energy_VdW      =               -128.68
Electro         =               -1.98
Energy_SolvP    =               184.53
Energy_SolvH    =               -172.75
Energy_vdwclash =               33.19
energy_torsion  =               11.09
backbone_vdwclash=              79.42
Entropy_sidec   =               61.27
Entropy_mainc   =               187.62
water bonds     =               0.00
helix dipole    =               0.02
loop_entropy    =               0.00
cis_bond        =               0.00
disulfide       =               0.00
kn electrostatic=               0.00
partial covalent interactions = 0.00
Energy_Ionisation =             0.15
Entropy Complex =               0.00
-----------------------------------------------------------
Total          = 				  123.41

Now optimizing Residue VALA89
Optimize Residue ID= VALA89

BackHbond       =               -43.83
SideHbond       =               -7.23
Energy_VdW      =               -128.66
Electro         =               -1.98
Energy_SolvP    =               184.53
Energy_SolvH    =               -172.71
Energy_vdwclash =               33.19
energy_torsion  =               10.98
backbone_vdwclash=              79.42
Entropy_sidec   =               61.26
Entropy_mainc   =               187.62
water bonds     =               0.00
helix dipole    =               0.02
loop_entropy    =               0.00
cis_bond        =               0.00
disulfide       =               0.00
kn electrostatic=               0.00
partial covalent interactions = 0.00
Energy_Ionisation =             0.15
Entropy Complex =               0.00
-----------------------------------------------------------
Total          = 				  123.36

Now optimizing Residue SERA90
Optimize Residue ID= SERA90

BackHbond       =               -43.83
SideHbond       =               -7.23
Energy_VdW      =               -128.67
Electro         =               -1.98
Energy_SolvP    =               184.53
Energy_SolvH    =               -172.72
Energy_vdwclash =               33.19
energy_torsion  =               10.98
backbone_vdwclash=              79.42
Entropy_sidec   =               61.26
Entropy_mainc   =               187.63
water bonds     =               0.00
helix dipole    =               0.02
loop_entropy    =               0.00
cis_bond        =               0.00
disulfide       =               0.00
kn electrostatic=               0.00
partial covalent interactions = 0.00
Energy_Ionisation =             0.15
Entropy Complex =               0.00
-----------------------------------------------------------
Total          = 				  123.35

Now optimizing Residue VALA91
Optimize Residue ID= VALA91

BackHbond       =               -43.83
SideHbond       =               -7.23
Energy_VdW      =               -128.66
Electro         =               -1.98
Energy_SolvP    =               184.53
Energy_SolvH    =               -172.71
Energy_vdwclash =               33.07
energy_torsion  =               10.95
backbone_vdwclash=              79.42
Entropy_sidec   =               61.26
Entropy_mainc   =               187.63
water bonds     =               0.00
helix dipole    =               0.02
loop_entropy    =               0.00
cis_bond        =               0.00
disulfide       =               0.00
kn electrostatic=               0.00
partial covalent interactions = 0.00
Energy_Ionisation =             0.15
Entropy Complex =               0.00
-----------------------------------------------------------
Total          = 				  123.20

Now optimizing Residue SERA92
Optimize Residue ID= SERA92

BackHbond       =               -43.83
SideHbond       =               -7.23
Energy_VdW      =               -128.66
Electro         =               -1.98
Energy_SolvP    =               184.53
Energy_SolvH    =               -172.71
Energy_vdwclash =               33.07
energy_torsion  =               10.87
backbone_vdwclash=              79.42
Entropy_sidec   =               61.26
Entropy_mainc   =               187.63
water bonds     =               0.00
helix dipole    =               0.02
loop_entropy    =               0.00
cis_bond        =               0.00
disulfide       =               0.00
kn electrostatic=               0.00
partial covalent interactions = 0.00
Energy_Ionisation =             0.15
Entropy Complex =               0.00
-----------------------------------------------------------
Total          = 				  123.12

Now optimizing Residue THRA93
Optimize Residue ID= THRA93

BackHbond       =               -43.83
SideHbond       =               -7.23
Energy_VdW      =               -128.65
Electro         =               -1.98
Energy_SolvP    =               184.49
Energy_SolvH    =               -172.72
Energy_vdwclash =               33.08
energy_torsion  =               10.80
backbone_vdwclash=              79.42
Entropy_sidec   =               61.26
Entropy_mainc   =               187.62
water bonds     =               0.00
helix dipole    =               0.02
loop_entropy    =               0.00
cis_bond        =               0.00
disulfide       =               0.00
kn electrostatic=               0.00
partial covalent interactions = 0.00
Energy_Ionisation =             0.15
Entropy Complex =               0.00
-----------------------------------------------------------
Total          = 				  123.01

Now optimizing Residue PROA94
Optimize Residue ID= PROA94

BackHbond       =               -43.83
SideHbond       =               -7.23
Energy_VdW      =               -128.65
Electro         =               -1.98
Energy_SolvP    =               184.49
Energy_SolvH    =               -172.72
Energy_vdwclash =               33.08
energy_torsion  =               10.80
backbone_vdwclash=              79.42
Entropy_sidec   =               61.26
Entropy_mainc   =               187.62
water bonds     =               0.00
helix dipole    =               0.02
loop_entropy    =               0.00
cis_bond        =               0.00
disulfide       =               0.00
kn electrostatic=               0.00
partial covalent interactions = 0.00
Energy_Ionisation =             0.15
Entropy Complex =               0.00
-----------------------------------------------------------
Total          = 				  123.01

Now optimizing Residue SERA96
Optimize Residue ID= SERA96

BackHbond       =               -43.83
SideHbond       =               -7.35
Energy_VdW      =               -128.64
Electro         =               -1.98
Energy_SolvP    =               184.47
Energy_SolvH    =               -172.71
Energy_vdwclash =               33.14
energy_torsion  =               10.80
backbone_vdwclash=              79.42
Entropy_sidec   =               61.25
Entropy_mainc   =               187.62
water bonds     =               0.00
helix dipole    =               0.02
loop_entropy    =               0.00
cis_bond        =               0.00
disulfide       =               0.00
kn electrostatic=               0.00
partial covalent interactions = 0.00
Energy_Ionisation =             0.15
Entropy Complex =               0.00
-----------------------------------------------------------
Total          = 				  122.95

Now optimizing Residue GLUA97
Optimize Residue ID= GLUA97

BackHbond       =               -43.83
SideHbond       =               -7.35
Energy_VdW      =               -128.63
Electro         =               -1.98
Energy_SolvP    =               184.39
Energy_SolvH    =               -172.70
Energy_vdwclash =               33.14
energy_torsion  =               10.80
backbone_vdwclash=              79.41
Entropy_sidec   =               61.24
Entropy_mainc   =               187.62
water bonds     =               0.00
helix dipole    =               0.01
loop_entropy    =               0.00
cis_bond        =               0.00
disulfide       =               0.00
kn electrostatic=               0.00
partial covalent interactions = 0.00
Energy_Ionisation =             0.15
Entropy Complex =               0.00
-----------------------------------------------------------
Total          = 				  122.86

Now optimizing Residue VALA98
Optimize Residue ID= VALA98

BackHbond       =               -43.83
SideHbond       =               -7.35
Energy_VdW      =               -128.63
Electro         =               -1.98
Energy_SolvP    =               184.39
Energy_SolvH    =               -172.70
Energy_vdwclash =               33.12
energy_torsion  =               10.77
backbone_vdwclash=              79.41
Entropy_sidec   =               61.24
Entropy_mainc   =               187.62
water bonds     =               0.00
helix dipole    =               0.01
loop_entropy    =               0.00
cis_bond        =               0.00
disulfide       =               0.00
kn electrostatic=               0.00
partial covalent interactions = 0.00
Energy_Ionisation =             0.15
Entropy Complex =               0.00
-----------------------------------------------------------
Total          = 				  122.82

Now optimizing Residue TYRA99
Optimize Residue ID= TYRA99

BackHbond       =               -43.83
SideHbond       =               -7.35
Energy_VdW      =               -128.64
Electro         =               -1.95
Energy_SolvP    =               184.38
Energy_SolvH    =               -172.71
Energy_vdwclash =               32.35
energy_torsion  =               10.77
backbone_vdwclash=              79.43
Entropy_sidec   =               61.26
Entropy_mainc   =               187.64
water bonds     =               0.00
helix dipole    =               0.01
loop_entropy    =               0.00
cis_bond        =               0.00
disulfide       =               0.00
kn electrostatic=               0.00
partial covalent interactions = 0.00
Energy_Ionisation =             0.15
Entropy Complex =               0.00
-----------------------------------------------------------
Total          = 				  122.07

Now optimizing Residue GLUA100
Optimize Residue ID= GLUA100

BackHbond       =               -43.83
SideHbond       =               -7.35
Energy_VdW      =               -128.60
Electro         =               -1.96
Energy_SolvP    =               184.27
Energy_SolvH    =               -172.68
Energy_vdwclash =               31.64
energy_torsion  =               10.77
backbone_vdwclash=              79.42
Entropy_sidec   =               61.22
Entropy_mainc   =               187.63
water bonds     =               0.00
helix dipole    =               -0.00
loop_entropy    =               0.00
cis_bond        =               0.00
disulfide       =               0.00
kn electrostatic=               0.00
partial covalent interactions = 0.00
Energy_Ionisation =             0.15
Entropy Complex =               0.00
-----------------------------------------------------------
Total          = 				  121.25

Now optimizing Residue SERA101
Optimize Residue ID= SERA101

BackHbond       =               -43.83
SideHbond       =               -7.35
Energy_VdW      =               -128.60
Electro         =               -1.96
Energy_SolvP    =               184.27
Energy_SolvH    =               -172.68
Energy_vdwclash =               31.64
energy_torsion  =               10.76
backbone_vdwclash=              79.42
Entropy_sidec   =               61.22
Entropy_mainc   =               187.63
water bonds     =               0.00
helix dipole    =               -0.00
loop_entropy    =               0.00
cis_bond        =               0.00
disulfide       =               0.00
kn electrostatic=               0.00
partial covalent interactions = 0.00
Energy_Ionisation =             0.15
Entropy Complex =               0.00
-----------------------------------------------------------
Total          = 				  121.24

Now optimizing Residue GLUA102
Optimize Residue ID= GLUA102

BackHbond       =               -43.83
SideHbond       =               -7.35
Energy_VdW      =               -128.59
Electro         =               -1.97
Energy_SolvP    =               184.16
Energy_SolvH    =               -172.69
Energy_vdwclash =               31.59
energy_torsion  =               10.83
backbone_vdwclash=              79.41
Entropy_sidec   =               61.22
Entropy_mainc   =               187.63
water bonds     =               0.00
helix dipole    =               -0.00
loop_entropy    =               0.00
cis_bond        =               0.00
disulfide       =               0.00
kn electrostatic=               0.00
partial covalent interactions = 0.00
Energy_Ionisation =             0.15
Entropy Complex =               0.00
-----------------------------------------------------------
Total          = 				  121.14

Now optimizing Residue LYSA103
Optimize Residue ID= LYSA103

BackHbond       =               -43.83
SideHbond       =               -7.35
Energy_VdW      =               -128.57
Electro         =               -2.08
Energy_SolvP    =               184.07
Energy_SolvH    =               -172.67
Energy_vdwclash =               31.24
energy_torsion  =               10.83
backbone_vdwclash=              79.44
Entropy_sidec   =               61.21
Entropy_mainc   =               187.60
water bonds     =               0.00
helix dipole    =               -0.01
loop_entropy    =               0.00
cis_bond        =               0.00
disulfide       =               0.00
kn electrostatic=               0.00
partial covalent interactions = 0.00
Energy_Ionisation =             0.15
Entropy Complex =               0.00
-----------------------------------------------------------
Total          = 				  120.60

Now optimizing Residue ASPA104
Optimize Residue ID= ASPA104

BackHbond       =               -43.83
SideHbond       =               -7.35
Energy_VdW      =               -128.56
Electro         =               -2.20
Energy_SolvP    =               184.05
Energy_SolvH    =               -172.67
Energy_vdwclash =               31.23
energy_torsion  =               10.83
backbone_vdwclash=              79.44
Entropy_sidec   =               61.21
Entropy_mainc   =               187.60
water bonds     =               0.00
helix dipole    =               -0.00
loop_entropy    =               0.00
cis_bond        =               0.00
disulfide       =               0.00
kn electrostatic=               0.00
partial covalent interactions = 0.00
Energy_Ionisation =             0.15
Entropy Complex =               0.00
-----------------------------------------------------------
Total          = 				  120.46

Now optimizing Residue GLUA105
Optimize Residue ID= GLUA105

BackHbond       =               -43.83
SideHbond       =               -7.35
Energy_VdW      =               -128.58
Electro         =               -2.23
Energy_SolvP    =               184.08
Energy_SolvH    =               -172.68
Energy_vdwclash =               31.21
energy_torsion  =               10.83
backbone_vdwclash=              79.44
Entropy_sidec   =               61.21
Entropy_mainc   =               187.60
water bonds     =               0.00
helix dipole    =               -0.01
loop_entropy    =               0.00
cis_bond        =               0.00
disulfide       =               0.00
kn electrostatic=               0.00
partial covalent interactions = 0.00
Energy_Ionisation =             0.15
Entropy Complex =               0.00
-----------------------------------------------------------
Total          = 				  120.40

Now optimizing Residue ASPA106
Optimize Residue ID= ASPA106

BackHbond       =               -43.83
SideHbond       =               -7.44
Energy_VdW      =               -128.57
Electro         =               -2.30
Energy_SolvP    =               184.06
Energy_SolvH    =               -172.68
Energy_vdwclash =               31.21
energy_torsion  =               10.77
backbone_vdwclash=              79.44
Entropy_sidec   =               61.22
Entropy_mainc   =               187.61
water bonds     =               0.00
helix dipole    =               -0.00
loop_entropy    =               0.00
cis_bond        =               0.00
disulfide       =               0.00
kn electrostatic=               0.00
partial covalent interactions = 0.00
Energy_Ionisation =             0.15
Entropy Complex =               0.00
-----------------------------------------------------------
Total          = 				  120.18

Now optimizing Residue PHEA108
Optimize Residue ID= PHEA108

BackHbond       =               -43.83
SideHbond       =               -7.44
Energy_VdW      =               -128.59
Electro         =               -2.30
Energy_SolvP    =               184.08
Energy_SolvH    =               -172.70
Energy_vdwclash =               30.78
energy_torsion  =               10.77
backbone_vdwclash=              79.44
Entropy_sidec   =               61.22
Entropy_mainc   =               187.61
water bonds     =               0.00
helix dipole    =               -0.00
loop_entropy    =               0.00
cis_bond        =               0.00
disulfide       =               0.00
kn electrostatic=               0.00
partial covalent interactions = 0.00
Energy_Ionisation =             0.15
Entropy Complex =               0.00
-----------------------------------------------------------
Total          = 				  119.73

Now optimizing Residue TYRA110
Optimize Residue ID= TYRA110

BackHbond       =               -43.83
SideHbond       =               -7.55
Energy_VdW      =               -128.58
Electro         =               -2.30
Energy_SolvP    =               184.07
Energy_SolvH    =               -172.71
Energy_vdwclash =               30.84
energy_torsion  =               10.77
backbone_vdwclash=              79.44
Entropy_sidec   =               61.22
Entropy_mainc   =               187.61
water bonds     =               0.00
helix dipole    =               -0.00
loop_entropy    =               0.00
cis_bond        =               0.00
disulfide       =               0.00
kn electrostatic=               0.00
partial covalent interactions = 0.00
Energy_Ionisation =             0.15
Entropy Complex =               0.00
-----------------------------------------------------------
Total          = 				  119.68

Now optimizing Residue META111
Optimize Residue ID= META111

BackHbond       =               -43.83
SideHbond       =               -7.55
Energy_VdW      =               -128.60
Electro         =               -2.30
Energy_SolvP    =               184.07
Energy_SolvH    =               -172.74
Energy_vdwclash =               30.84
energy_torsion  =               10.77
backbone_vdwclash=              79.43
Entropy_sidec   =               61.23
Entropy_mainc   =               187.61
water bonds     =               0.00
helix dipole    =               -0.00
loop_entropy    =               0.00
cis_bond        =               0.00
disulfide       =               0.00
kn electrostatic=               0.00
partial covalent interactions = 0.00
Energy_Ionisation =             0.15
Entropy Complex =               0.00
-----------------------------------------------------------
Total          = 				  119.64

Now optimizing Residue VALA112
Optimize Residue ID= VALA112

BackHbond       =               -43.83
SideHbond       =               -7.55
Energy_VdW      =               -128.59
Electro         =               -2.30
Energy_SolvP    =               184.04
Energy_SolvH    =               -172.73
Energy_vdwclash =               30.90
energy_torsion  =               10.69
backbone_vdwclash=              79.43
Entropy_sidec   =               61.23
Entropy_mainc   =               187.60
water bonds     =               0.00
helix dipole    =               -0.00
loop_entropy    =               0.00
cis_bond        =               0.00
disulfide       =               0.00
kn electrostatic=               0.00
partial covalent interactions = 0.00
Energy_Ionisation =             0.15
Entropy Complex =               0.00
-----------------------------------------------------------
Total          = 				  119.60

Now optimizing Residue TYRA113
Optimize Residue ID= TYRA113

BackHbond       =               -43.84
SideHbond       =               -7.55
Energy_VdW      =               -128.60
Electro         =               -2.30
Energy_SolvP    =               184.01
Energy_SolvH    =               -172.74
Energy_vdwclash =               30.65
energy_torsion  =               10.70
backbone_vdwclash=              79.44
Entropy_sidec   =               61.23
Entropy_mainc   =               187.61
water bonds     =               0.00
helix dipole    =               -0.00
loop_entropy    =               0.00
cis_bond        =               0.00
disulfide       =               0.00
kn electrostatic=               0.00
partial covalent interactions = 0.00
Energy_Ionisation =             0.15
Entropy Complex =               0.00
-----------------------------------------------------------
Total          = 				  119.32

Now optimizing Residue SERA115
Optimize Residue ID= SERA115

BackHbond       =               -43.84
SideHbond       =               -7.55
Energy_VdW      =               -128.60
Electro         =               -2.30
Energy_SolvP    =               184.01
Energy_SolvH    =               -172.74
Energy_vdwclash =               30.65
energy_torsion  =               10.70
backbone_vdwclash=              79.44
Entropy_sidec   =               61.23
Entropy_mainc   =               187.61
water bonds     =               0.00
helix dipole    =               -0.00
loop_entropy    =               0.00
cis_bond        =               0.00
disulfide       =               0.00
kn electrostatic=               0.00
partial covalent interactions = 0.00
Energy_Ionisation =             0.15
Entropy Complex =               0.00
-----------------------------------------------------------
Total          = 				  119.32

Now optimizing Residue GLNA116
Optimize Residue ID= GLNA116

BackHbond       =               -43.84
SideHbond       =               -7.55
Energy_VdW      =               -128.58
Electro         =               -2.30
Energy_SolvP    =               183.99
Energy_SolvH    =               -172.73
Energy_vdwclash =               30.62
energy_torsion  =               10.70
backbone_vdwclash=              79.44
Entropy_sidec   =               61.21
Entropy_mainc   =               187.61
water bonds     =               0.00
helix dipole    =               -0.00
loop_entropy    =               0.00
cis_bond        =               0.00
disulfide       =               0.00
kn electrostatic=               0.00
partial covalent interactions = 0.00
Energy_Ionisation =             0.15
Entropy Complex =               0.00
-----------------------------------------------------------
Total          = 				  119.28

Now optimizing Residue GLUA117
Optimize Residue ID= GLUA117

BackHbond       =               -43.84
SideHbond       =               -7.55
Energy_VdW      =               -128.57
Electro         =               -2.28
Energy_SolvP    =               183.93
Energy_SolvH    =               -172.72
Energy_vdwclash =               30.62
energy_torsion  =               10.67
backbone_vdwclash=              79.44
Entropy_sidec   =               61.20
Entropy_mainc   =               187.61
water bonds     =               0.00
helix dipole    =               -0.00
loop_entropy    =               0.00
cis_bond        =               0.00
disulfide       =               0.00
kn electrostatic=               0.00
partial covalent interactions = 0.00
Energy_Ionisation =             0.15
Entropy Complex =               0.00
-----------------------------------------------------------
Total          = 				  119.23

Now optimizing Residue THRA118
Optimize Residue ID= THRA118

BackHbond       =               -43.84
SideHbond       =               -7.54
Energy_VdW      =               -128.57
Electro         =               -2.28
Energy_SolvP    =               183.93
Energy_SolvH    =               -172.72
Energy_vdwclash =               30.62
energy_torsion  =               10.65
backbone_vdwclash=              79.44
Entropy_sidec   =               61.20
Entropy_mainc   =               187.61
water bonds     =               0.00
helix dipole    =               -0.00
loop_entropy    =               0.00
cis_bond        =               0.00
disulfide       =               0.00
kn electrostatic=               0.00
partial covalent interactions = 0.00
Energy_Ionisation =             0.15
Entropy Complex =               0.00
-----------------------------------------------------------
Total          = 				  119.21

Now optimizing Residue PHEA119
Optimize Residue ID= PHEA119

BackHbond       =               -43.84
SideHbond       =               -7.54
Energy_VdW      =               -128.57
Electro         =               -2.28
Energy_SolvP    =               183.93
Energy_SolvH    =               -172.72
Energy_vdwclash =               30.62
energy_torsion  =               10.65
backbone_vdwclash=              79.44
Entropy_sidec   =               61.20
Entropy_mainc   =               187.61
water bonds     =               0.00
helix dipole    =               -0.00
loop_entropy    =               0.00
cis_bond        =               0.00
disulfide       =               0.00
kn electrostatic=               0.00
partial covalent interactions = 0.00
Energy_Ionisation =             0.15
Entropy Complex =               0.00
-----------------------------------------------------------
Total          = 				  119.21

Optimized

BackHbond       =               -43.84
SideHbond       =               -7.54
Energy_VdW      =               -128.57
Electro         =               -2.28
Energy_SolvP    =               183.93
Energy_SolvH    =               -172.72
Energy_vdwclash =               30.62
energy_torsion  =               10.65
backbone_vdwclash=              79.44
Entropy_sidec   =               61.20
Entropy_mainc   =               187.61
water bonds     =               0.00
helix dipole    =               -0.00
loop_entropy    =               0.00
cis_bond        =               0.00
disulfide       =               0.00
kn electrostatic=               0.00
partial covalent interactions = 0.00
Energy_Ionisation =             0.15
Entropy Complex =               0.00
-----------------------------------------------------------
Total          = 				  119.21

Now moving residues with bad energies 
Residue META1 has high Energy, we mutate it to itself
Repair Residue ID= META1

BackHbond       =               -43.84
SideHbond       =               -7.54
Energy_VdW      =               -128.85
Electro         =               -2.28
Energy_SolvP    =               184.13
Energy_SolvH    =               -173.10
Energy_vdwclash =               30.61
energy_torsion  =               10.66
backbone_vdwclash=              79.45
Entropy_sidec   =               61.40
Entropy_mainc   =               187.76
water bonds     =               0.00
helix dipole    =               -0.00
loop_entropy    =               0.00
cis_bond        =               0.00
disulfide       =               0.00
kn electrostatic=               0.00
partial covalent interactions = 0.00
Energy_Ionisation =             0.15
Entropy Complex =               0.00
-----------------------------------------------------------
Total          = 				  119.10

Residue PROA2 has high Energy, we mutate it to itself
Repair Residue ID= PROA2

BackHbond       =               -43.84
SideHbond       =               -7.54
Energy_VdW      =               -128.85
Electro         =               -2.28
Energy_SolvP    =               184.13
Energy_SolvH    =               -173.09
Energy_vdwclash =               30.60
energy_torsion  =               10.66
backbone_vdwclash=              79.45
Entropy_sidec   =               61.39
Entropy_mainc   =               187.76
water bonds     =               0.00
helix dipole    =               -0.00
loop_entropy    =               0.00
cis_bond        =               0.00
disulfide       =               0.00
kn electrostatic=               0.00
partial covalent interactions = 0.00
Energy_Ionisation =             0.15
Entropy Complex =               0.00
-----------------------------------------------------------
Total          = 				  119.10

Residue SERA3 has high Energy, we mutate it to itself
Repair Residue ID= SERA3

BackHbond       =               -43.84
SideHbond       =               -7.54
Energy_VdW      =               -128.76
Electro         =               -2.28
Energy_SolvP    =               183.94
Energy_SolvH    =               -173.02
Energy_vdwclash =               30.60
energy_torsion  =               10.66
backbone_vdwclash=              79.45
Entropy_sidec   =               61.31
Entropy_mainc   =               187.75
water bonds     =               0.00
helix dipole    =               -0.00
loop_entropy    =               0.00
cis_bond        =               0.00
disulfide       =               0.00
kn electrostatic=               0.00
partial covalent interactions = 0.00
Energy_Ionisation =             0.15
Entropy Complex =               0.00
-----------------------------------------------------------
Total          = 				  118.99

Residue GLUA4 has high Energy, we mutate it to itself
Repair Residue ID= GLUA4

BackHbond       =               -43.84
SideHbond       =               -7.54
Energy_VdW      =               -128.62
Electro         =               -2.31
Energy_SolvP    =               183.49
Energy_SolvH    =               -172.90
Energy_vdwclash =               30.60
energy_torsion  =               10.56
backbone_vdwclash=              79.44
Entropy_sidec   =               61.25
Entropy_mainc   =               187.66
water bonds     =               0.00
helix dipole    =               -0.01
loop_entropy    =               0.00
cis_bond        =               0.00
disulfide       =               0.00
kn electrostatic=               0.00
partial covalent interactions = 0.00
Energy_Ionisation =             0.15
Entropy Complex =               0.00
-----------------------------------------------------------
Total          = 				  118.50

Residue LYSA5 has high Energy, we mutate it to itself
Repair Residue ID= LYSA5

BackHbond       =               -43.84
SideHbond       =               -7.61
Energy_VdW      =               -128.55
Electro         =               -2.29
Energy_SolvP    =               183.31
Energy_SolvH    =               -172.85
Energy_vdwclash =               30.60
energy_torsion  =               10.28
backbone_vdwclash=              79.44
Entropy_sidec   =               61.18
Entropy_mainc   =               187.63
water bonds     =               0.00
helix dipole    =               -0.02
loop_entropy    =               0.00
cis_bond        =               0.00
disulfide       =               0.00
kn electrostatic=               0.00
partial covalent interactions = 0.00
Energy_Ionisation =             0.15
Entropy Complex =               0.00
-----------------------------------------------------------
Total          = 				  117.99

Residue THRA6 has high Energy, we mutate it to itself
We optimize, instead of self-mutatingTHRA6
We optimize, instead of self-mutatingTHRA6
We optimize, instead of self-mutatingTHRA6
We optimize, instead of self-mutatingTHRA6
Repair Residue ID= THRA6

BackHbond       =               -44.53
SideHbond       =               -8.95
Energy_VdW      =               -129.14
Electro         =               -1.85
Energy_SolvP    =               182.20
Energy_SolvH    =               -174.39
Energy_vdwclash =               31.05
energy_torsion  =               10.46
backbone_vdwclash=              79.74
Entropy_sidec   =               61.83
Entropy_mainc   =               187.64
water bonds     =               0.00
helix dipole    =               -0.18
loop_entropy    =               0.00
cis_bond        =               0.00
disulfide       =               0.00
kn electrostatic=               0.00
partial covalent interactions = 0.00
Energy_Ionisation =             0.15
Entropy Complex =               0.00
-----------------------------------------------------------
Total          = 				  114.29

Residue PHEA7 has high Energy, we mutate it to itself
Repair Residue ID= PHEA7

BackHbond       =               -44.53
SideHbond       =               -8.95
Energy_VdW      =               -129.17
Electro         =               -1.87
Energy_SolvP    =               182.25
Energy_SolvH    =               -174.42
Energy_vdwclash =               31.06
energy_torsion  =               10.46
backbone_vdwclash=              79.74
Entropy_sidec   =               61.84
Entropy_mainc   =               187.64
water bonds     =               0.00
helix dipole    =               -0.18
loop_entropy    =               0.00
cis_bond        =               0.00
disulfide       =               0.00
kn electrostatic=               0.00
partial covalent interactions = 0.00
Energy_Ionisation =             0.15
Entropy Complex =               0.00
-----------------------------------------------------------
Total          = 				  114.27

Residue LYSA8 has high Energy, we mutate it to itself
Repair Residue ID= LYSA8

BackHbond       =               -44.53
SideHbond       =               -8.95
Energy_VdW      =               -129.17
Electro         =               -1.87
Energy_SolvP    =               182.25
Energy_SolvH    =               -174.42
Energy_vdwclash =               31.06
energy_torsion  =               10.46
backbone_vdwclash=              79.74
Entropy_sidec   =               61.84
Entropy_mainc   =               187.64
water bonds     =               0.00
helix dipole    =               -0.18
loop_entropy    =               0.00
cis_bond        =               0.00
disulfide       =               0.00
kn electrostatic=               0.00
partial covalent interactions = 0.00
Energy_Ionisation =             0.15
Entropy Complex =               0.00
-----------------------------------------------------------
Total          = 				  114.27

Residue GLNA9 has high Energy, we mutate it to itself
We optimize, instead of self-mutatingGLNA9
We optimize, instead of self-mutatingGLNA9
Repair Residue ID= GLNA9

BackHbond       =               -45.08
SideHbond       =               -9.47
Energy_VdW      =               -129.25
Electro         =               -1.90
Energy_SolvP    =               182.11
Energy_SolvH    =               -174.53
Energy_vdwclash =               31.11
energy_torsion  =               10.45
backbone_vdwclash=              79.82
Entropy_sidec   =               62.15
Entropy_mainc   =               187.61
water bonds     =               0.00
helix dipole    =               -0.18
loop_entropy    =               0.00
cis_bond        =               0.00
disulfide       =               0.00
kn electrostatic=               0.00
partial covalent interactions = 0.00
Energy_Ionisation =             0.15
Entropy Complex =               0.00
-----------------------------------------------------------
Total          = 				  113.16

Residue ARGA10 has high Energy, we mutate it to itself
Repair Residue ID= ARGA10

BackHbond       =               -45.05
SideHbond       =               -9.47
Energy_VdW      =               -129.30
Electro         =               -1.85
Energy_SolvP    =               182.06
Energy_SolvH    =               -174.65
Energy_vdwclash =               31.09
energy_torsion  =               10.45
backbone_vdwclash=              79.81
Entropy_sidec   =               62.11
Entropy_mainc   =               187.59
water bonds     =               0.00
helix dipole    =               -0.15
loop_entropy    =               0.00
cis_bond        =               0.00
disulfide       =               0.00
kn electrostatic=               0.00
partial covalent interactions = 0.00
Energy_Ionisation =             0.15
Entropy Complex =               0.00
-----------------------------------------------------------
Total          = 				  112.98

Residue ARGA11 has high Energy, we mutate it to itself
Repair Residue ID= ARGA11

BackHbond       =               -45.03
SideHbond       =               -9.47
Energy_VdW      =               -129.20
Electro         =               -1.21
Energy_SolvP    =               181.39
Energy_SolvH    =               -174.73
Energy_vdwclash =               30.99
energy_torsion  =               10.45
backbone_vdwclash=              79.85
Entropy_sidec   =               61.77
Entropy_mainc   =               187.59
water bonds     =               0.00
helix dipole    =               -0.16
loop_entropy    =               0.00
cis_bond        =               0.00
disulfide       =               0.00
kn electrostatic=               0.00
partial covalent interactions = 0.00
Energy_Ionisation =             0.15
Entropy Complex =               0.00
-----------------------------------------------------------
Total          = 				  112.54

Residue THRA12 has high Energy, we mutate it to itself
Repair Residue ID= THRA12

BackHbond       =               -45.03
SideHbond       =               -9.47
Energy_VdW      =               -129.20
Electro         =               -1.21
Energy_SolvP    =               181.39
Energy_SolvH    =               -174.73
Energy_vdwclash =               30.99
energy_torsion  =               10.45
backbone_vdwclash=              79.85
Entropy_sidec   =               61.77
Entropy_mainc   =               187.59
water bonds     =               0.00
helix dipole    =               -0.16
loop_entropy    =               0.00
cis_bond        =               0.00
disulfide       =               0.00
kn electrostatic=               0.00
partial covalent interactions = 0.00
Energy_Ionisation =             0.15
Entropy Complex =               0.00
-----------------------------------------------------------
Total          = 				  112.54

Residue PHEA13 has high Energy, we mutate it to itself
Repair Residue ID= PHEA13

BackHbond       =               -45.04
SideHbond       =               -9.47
Energy_VdW      =               -129.07
Electro         =               -1.21
Energy_SolvP    =               180.99
Energy_SolvH    =               -174.68
Energy_vdwclash =               30.70
energy_torsion  =               10.45
backbone_vdwclash=              79.79
Entropy_sidec   =               61.74
Entropy_mainc   =               187.49
water bonds     =               0.00
helix dipole    =               -0.17
loop_entropy    =               0.00
cis_bond        =               0.00
disulfide       =               0.00
kn electrostatic=               0.00
partial covalent interactions = 0.00
Energy_Ionisation =             0.15
Entropy Complex =               0.00
-----------------------------------------------------------
Total          = 				  111.87

Residue GLUA14 has high Energy, we mutate it to itself
We optimize, instead of self-mutatingGLUA14
We optimize, instead of self-mutatingGLUA14
We optimize, instead of self-mutatingGLUA14
Repair Residue ID= GLUA14

BackHbond       =               -45.84
SideHbond       =               -10.22
Energy_VdW      =               -129.12
Electro         =               -1.54
Energy_SolvP    =               180.59
Energy_SolvH    =               -174.84
Energy_vdwclash =               30.60
energy_torsion  =               10.46
backbone_vdwclash=              79.86
Entropy_sidec   =               62.31
Entropy_mainc   =               187.49
water bonds     =               0.00
helix dipole    =               -0.42
loop_entropy    =               0.00
cis_bond        =               0.00
disulfide       =               0.00
kn electrostatic=               0.00
partial covalent interactions = 0.00
Energy_Ionisation =             0.15
Entropy Complex =               0.00
-----------------------------------------------------------
Total          = 				  109.62

Residue GLNA15 has high Energy, we mutate it to itself
We optimize, instead of self-mutatingGLNA15
We optimize, instead of self-mutatingGLNA15
Repair Residue ID= GLNA15

BackHbond       =               -46.43
SideHbond       =               -10.80
Energy_VdW      =               -129.46
Electro         =               -1.46
Energy_SolvP    =               181.16
Energy_SolvH    =               -175.15
Energy_vdwclash =               30.58
energy_torsion  =               10.46
backbone_vdwclash=              79.99
Entropy_sidec   =               62.98
Entropy_mainc   =               187.49
water bonds     =               0.00
helix dipole    =               -0.50
loop_entropy    =               0.00
cis_bond        =               0.00
disulfide       =               0.00
kn electrostatic=               0.00
partial covalent interactions = 0.00
Energy_Ionisation =             0.15
Entropy Complex =               0.00
-----------------------------------------------------------
Total          = 				  109.01

Residue ARGA16 has high Energy, we mutate it to itself
We optimize, instead of self-mutatingARGA16
We optimize, instead of self-mutatingARGA16
Repair Residue ID= ARGA16

BackHbond       =               -46.53
SideHbond       =               -11.04
Energy_VdW      =               -129.46
Electro         =               -1.37
Energy_SolvP    =               181.14
Energy_SolvH    =               -175.15
Energy_vdwclash =               30.08
energy_torsion  =               10.46
backbone_vdwclash=              79.99
Entropy_sidec   =               62.99
Entropy_mainc   =               187.47
water bonds     =               0.00
helix dipole    =               -0.49
loop_entropy    =               0.00
cis_bond        =               0.00
disulfide       =               0.00
kn electrostatic=               0.00
partial covalent interactions = 0.00
Energy_Ionisation =             0.15
Entropy Complex =               0.00
-----------------------------------------------------------
Total          = 				  108.25

Residue VALA17 has high Energy, we mutate it to itself
Repair Residue ID= VALA17

BackHbond       =               -46.53
SideHbond       =               -11.04
Energy_VdW      =               -129.46
Electro         =               -1.37
Energy_SolvP    =               181.14
Energy_SolvH    =               -175.15
Energy_vdwclash =               30.08
energy_torsion  =               10.46
backbone_vdwclash=              79.99
Entropy_sidec   =               62.99
Entropy_mainc   =               187.47
water bonds     =               0.00
helix dipole    =               -0.49
loop_entropy    =               0.00
cis_bond        =               0.00
disulfide       =               0.00
kn electrostatic=               0.00
partial covalent interactions = 0.00
Energy_Ionisation =             0.15
Entropy Complex =               0.00
-----------------------------------------------------------
Total          = 				  108.25

Residue GLUA18 has high Energy, we mutate it to itself
Repair Residue ID= GLUA18

BackHbond       =               -46.53
SideHbond       =               -11.04
Energy_VdW      =               -129.46
Electro         =               -1.37
Energy_SolvP    =               181.14
Energy_SolvH    =               -175.15
Energy_vdwclash =               30.08
energy_torsion  =               10.46
backbone_vdwclash=              79.99
Entropy_sidec   =               62.99
Entropy_mainc   =               187.47
water bonds     =               0.00
helix dipole    =               -0.49
loop_entropy    =               0.00
cis_bond        =               0.00
disulfide       =               0.00
kn electrostatic=               0.00
partial covalent interactions = 0.00
Energy_Ionisation =             0.15
Entropy Complex =               0.00
-----------------------------------------------------------
Total          = 				  108.25

Residue ASPA19 has high Energy, we mutate it to itself
Repair Residue ID= ASPA19

BackHbond       =               -46.53
SideHbond       =               -11.65
Energy_VdW      =               -129.38
Electro         =               -1.25
Energy_SolvP    =               180.82
Energy_SolvH    =               -175.11
Energy_vdwclash =               29.50
energy_torsion  =               10.46
backbone_vdwclash=              79.98
Entropy_sidec   =               63.29
Entropy_mainc   =               187.47
water bonds     =               0.00
helix dipole    =               -0.47
loop_entropy    =               0.00
cis_bond        =               0.00
disulfide       =               0.00
kn electrostatic=               0.00
partial covalent interactions = 0.00
Energy_Ionisation =             0.15
Entropy Complex =               0.00
-----------------------------------------------------------
Total          = 				  107.32

Residue VALA20 has high Energy, we mutate it to itself
Repair Residue ID= VALA20

BackHbond       =               -46.53
SideHbond       =               -11.65
Energy_VdW      =               -129.34
Electro         =               -1.26
Energy_SolvP    =               180.84
Energy_SolvH    =               -175.00
Energy_vdwclash =               28.92
energy_torsion  =               10.52
backbone_vdwclash=              79.98
Entropy_sidec   =               63.29
Entropy_mainc   =               187.48
water bonds     =               0.00
helix dipole    =               -0.47
loop_entropy    =               0.00
cis_bond        =               0.00
disulfide       =               0.00
kn electrostatic=               0.00
partial covalent interactions = 0.00
Energy_Ionisation =             0.15
Entropy Complex =               0.00
-----------------------------------------------------------
Total          = 				  106.97

Residue ARGA21 has high Energy, we mutate it to itself
We optimize, instead of self-mutatingARGA21
We optimize, instead of self-mutatingARGA21
Repair Residue ID= ARGA21

BackHbond       =               -47.36
SideHbond       =               -12.36
Energy_VdW      =               -129.66
Electro         =               -1.15
Energy_SolvP    =               180.93
Energy_SolvH    =               -175.27
Energy_vdwclash =               28.88
energy_torsion  =               10.72
backbone_vdwclash=              80.03
Entropy_sidec   =               63.99
Entropy_mainc   =               187.49
water bonds     =               0.00
helix dipole    =               -0.44
loop_entropy    =               0.00
cis_bond        =               0.00
disulfide       =               0.00
kn electrostatic=               0.00
partial covalent interactions = 0.00
Energy_Ionisation =             0.15
Entropy Complex =               0.00
-----------------------------------------------------------
Total          = 				  105.93

Residue LEUA22 has high Energy, we mutate it to itself
Repair Residue ID= LEUA22

BackHbond       =               -47.44
SideHbond       =               -12.39
Energy_VdW      =               -129.65
Electro         =               -1.15
Energy_SolvP    =               180.72
Energy_SolvH    =               -175.37
Energy_vdwclash =               28.83
energy_torsion  =               10.75
backbone_vdwclash=              79.87
Entropy_sidec   =               64.18
Entropy_mainc   =               187.49
water bonds     =               0.00
helix dipole    =               -0.43
loop_entropy    =               0.00
cis_bond        =               0.00
disulfide       =               0.00
kn electrostatic=               0.00
partial covalent interactions = 0.00
Energy_Ionisation =             0.15
Entropy Complex =               0.00
-----------------------------------------------------------
Total          = 				  105.68

Residue ILEA23 has high Energy, we mutate it to itself
Repair Residue ID= ILEA23

BackHbond       =               -47.44
SideHbond       =               -12.39
Energy_VdW      =               -129.72
Electro         =               -1.16
Energy_SolvP    =               180.87
Energy_SolvH    =               -175.42
Energy_vdwclash =               28.64
energy_torsion  =               10.77
backbone_vdwclash=              80.12
Entropy_sidec   =               64.17
Entropy_mainc   =               187.49
water bonds     =               0.00
helix dipole    =               -0.43
loop_entropy    =               0.00
cis_bond        =               0.00
disulfide       =               0.00
kn electrostatic=               0.00
partial covalent interactions = 0.00
Energy_Ionisation =             0.15
Entropy Complex =               0.00
-----------------------------------------------------------
Total          = 				  105.51

Residue ARGA24 has high Energy, we mutate it to itself
We optimize, instead of self-mutatingARGA24
Repair Residue ID= ARGA24

BackHbond       =               -47.48
SideHbond       =               -12.43
Energy_VdW      =               -129.64
Electro         =               -1.21
Energy_SolvP    =               180.65
Energy_SolvH    =               -175.37
Energy_vdwclash =               28.63
energy_torsion  =               10.76
backbone_vdwclash=              80.12
Entropy_sidec   =               64.14
Entropy_mainc   =               187.47
water bonds     =               0.00
helix dipole    =               -0.44
loop_entropy    =               0.00
cis_bond        =               0.00
disulfide       =               0.00
kn electrostatic=               0.00
partial covalent interactions = 0.00
Energy_Ionisation =             0.15
Entropy Complex =               0.00
-----------------------------------------------------------
Total          = 				  105.25

Residue GLUA25 has high Energy, we mutate it to itself
Repair Residue ID= GLUA25

BackHbond       =               -47.50
SideHbond       =               -12.44
Energy_VdW      =               -129.66
Electro         =               -1.25
Energy_SolvP    =               180.63
Energy_SolvH    =               -175.41
Energy_vdwclash =               28.64
energy_torsion  =               10.78
backbone_vdwclash=              80.17
Entropy_sidec   =               64.18
Entropy_mainc   =               187.47
water bonds     =               0.00
helix dipole    =               -0.45
loop_entropy    =               0.00
cis_bond        =               0.00
disulfide       =               0.00
kn electrostatic=               0.00
partial covalent interactions = 0.00
Energy_Ionisation =             0.15
Entropy Complex =               0.00
-----------------------------------------------------------
Total          = 				  105.16

Residue GLNA26 has high Energy, we mutate it to itself
Repair Residue ID= GLNA26

BackHbond       =               -47.50
SideHbond       =               -12.44
Energy_VdW      =               -129.74
Electro         =               -1.25
Energy_SolvP    =               180.72
Energy_SolvH    =               -175.53
Energy_vdwclash =               28.65
energy_torsion  =               10.78
backbone_vdwclash=              80.22
Entropy_sidec   =               64.24
Entropy_mainc   =               187.47
water bonds     =               0.00
helix dipole    =               -0.45
loop_entropy    =               0.00
cis_bond        =               0.00
disulfide       =               0.00
kn electrostatic=               0.00
partial covalent interactions = 0.00
Energy_Ionisation =             0.15
Entropy Complex =               0.00
-----------------------------------------------------------
Total          = 				  105.10

Residue H1SA27 has high Energy, we mutate it to itself
We optimize, instead of self-mutatingHISA27
Repair Residue ID= HISA27

BackHbond       =               -48.26
SideHbond       =               -13.20
Energy_VdW      =               -129.75
Electro         =               -1.07
Energy_SolvP    =               180.90
Energy_SolvH    =               -175.58
Energy_vdwclash =               28.77
energy_torsion  =               10.95
backbone_vdwclash=              80.13
Entropy_sidec   =               64.83
Entropy_mainc   =               187.46
water bonds     =               0.00
helix dipole    =               -0.77
loop_entropy    =               0.00
cis_bond        =               0.00
disulfide       =               0.00
kn electrostatic=               0.00
partial covalent interactions = 0.00
Energy_Ionisation =             0.35
Entropy Complex =               0.00
-----------------------------------------------------------
Total          = 				  104.63

Residue PROA28 has high Energy, we mutate it to itself
Repair Residue ID= PROA28

BackHbond       =               -48.26
SideHbond       =               -13.20
Energy_VdW      =               -129.75
Electro         =               -1.07
Energy_SolvP    =               180.90
Energy_SolvH    =               -175.58
Energy_vdwclash =               28.77
energy_torsion  =               10.95
backbone_vdwclash=              80.15
Entropy_sidec   =               64.83
Entropy_mainc   =               187.45
water bonds     =               0.00
helix dipole    =               -0.77
loop_entropy    =               0.00
cis_bond        =               0.00
disulfide       =               0.00
kn electrostatic=               0.00
partial covalent interactions = 0.00
Energy_Ionisation =             0.35
Entropy Complex =               0.00
-----------------------------------------------------------
Total          = 				  104.62

Residue THRA29 has high Energy, we mutate it to itself
Repair Residue ID= THRA29

BackHbond       =               -48.26
SideHbond       =               -13.20
Energy_VdW      =               -129.75
Electro         =               -1.07
Energy_SolvP    =               180.90
Energy_SolvH    =               -175.58
Energy_vdwclash =               28.77
energy_torsion  =               10.95
backbone_vdwclash=              80.15
Entropy_sidec   =               64.83
Entropy_mainc   =               187.45
water bonds     =               0.00
helix dipole    =               -0.77
loop_entropy    =               0.00
cis_bond        =               0.00
disulfide       =               0.00
kn electrostatic=               0.00
partial covalent interactions = 0.00
Energy_Ionisation =             0.35
Entropy Complex =               0.00
-----------------------------------------------------------
Total          = 				  104.62

Residue LYSA30 has high Energy, we mutate it to itself
Repair Residue ID= LYSA30

BackHbond       =               -48.28
SideHbond       =               -13.20
Energy_VdW      =               -129.70
Electro         =               -1.07
Energy_SolvP    =               180.71
Energy_SolvH    =               -175.54
Energy_vdwclash =               28.74
energy_torsion  =               10.95
backbone_vdwclash=              80.12
Entropy_sidec   =               64.81
Entropy_mainc   =               187.45
water bonds     =               0.00
helix dipole    =               -0.78
loop_entropy    =               0.00
cis_bond        =               0.00
disulfide       =               0.00
kn electrostatic=               0.00
partial covalent interactions = 0.00
Energy_Ionisation =             0.35
Entropy Complex =               0.00
-----------------------------------------------------------
Total          = 				  104.44

Residue ILEA31 has high Energy, we mutate it to itself
Repair Residue ID= ILEA31

BackHbond       =               -48.30
SideHbond       =               -13.20
Energy_VdW      =               -129.69
Electro         =               -1.03
Energy_SolvP    =               180.60
Energy_SolvH    =               -175.48
Energy_vdwclash =               25.66
energy_torsion  =               10.56
backbone_vdwclash=              80.06
Entropy_sidec   =               64.91
Entropy_mainc   =               187.36
water bonds     =               0.00
helix dipole    =               -0.78
loop_entropy    =               0.00
cis_bond        =               0.00
disulfide       =               0.00
kn electrostatic=               0.00
partial covalent interactions = 0.00
Energy_Ionisation =             0.35
Entropy Complex =               0.00
-----------------------------------------------------------
Total          = 				  100.96

Residue PROA32 has high Energy, we mutate it to itself
Repair Residue ID= PROA32

BackHbond       =               -48.30
SideHbond       =               -13.20
Energy_VdW      =               -129.71
Electro         =               -1.03
Energy_SolvP    =               180.60
Energy_SolvH    =               -175.52
Energy_vdwclash =               25.63
energy_torsion  =               10.56
backbone_vdwclash=              80.07
Entropy_sidec   =               64.92
Entropy_mainc   =               187.35
water bonds     =               0.00
helix dipole    =               -0.78
loop_entropy    =               0.00
cis_bond        =               0.00
disulfide       =               0.00
kn electrostatic=               0.00
partial covalent interactions = 0.00
Energy_Ionisation =             0.35
Entropy Complex =               0.00
-----------------------------------------------------------
Total          = 				  100.88

Residue VALA33 has high Energy, we mutate it to itself
Repair Residue ID= VALA33

BackHbond       =               -48.30
SideHbond       =               -13.20
Energy_VdW      =               -129.74
Electro         =               -1.03
Energy_SolvP    =               180.59
Energy_SolvH    =               -175.58
Energy_vdwclash =               25.48
energy_torsion  =               10.55
backbone_vdwclash=              80.06
Entropy_sidec   =               64.92
Entropy_mainc   =               187.35
water bonds     =               0.00
helix dipole    =               -0.78
loop_entropy    =               0.00
cis_bond        =               0.00
disulfide       =               0.00
kn electrostatic=               0.00
partial covalent interactions = 0.00
Energy_Ionisation =             0.35
Entropy Complex =               0.00
-----------------------------------------------------------
Total          = 				  100.62

Residue ILEA34 has high Energy, we mutate it to itself
Repair Residue ID= ILEA34

BackHbond       =               -48.31
SideHbond       =               -13.20
Energy_VdW      =               -129.83
Electro         =               -1.03
Energy_SolvP    =               180.58
Energy_SolvH    =               -175.75
Energy_vdwclash =               24.32
energy_torsion  =               10.78
backbone_vdwclash=              80.07
Entropy_sidec   =               64.92
Entropy_mainc   =               187.37
water bonds     =               0.00
helix dipole    =               -0.78
loop_entropy    =               0.00
cis_bond        =               0.00
disulfide       =               0.00
kn electrostatic=               0.00
partial covalent interactions = 0.00
Energy_Ionisation =             0.35
Entropy Complex =               0.00
-----------------------------------------------------------
Total          = 				  99.43

Residue GLUA36 has high Energy, we mutate it to itself
We optimize, instead of self-mutatingGLUA36
We optimize, instead of self-mutatingGLUA36
Repair Residue ID= GLUA36

BackHbond       =               -48.31
SideHbond       =               -13.75
Energy_VdW      =               -129.86
Electro         =               -1.04
Energy_SolvP    =               180.52
Energy_SolvH    =               -175.86
Energy_vdwclash =               24.51
energy_torsion  =               10.79
backbone_vdwclash=              80.08
Entropy_sidec   =               64.91
Entropy_mainc   =               187.37
water bonds     =               0.00
helix dipole    =               -0.84
loop_entropy    =               0.00
cis_bond        =               0.00
disulfide       =               0.00
kn electrostatic=               0.00
partial covalent interactions = 0.00
Energy_Ionisation =             0.35
Entropy Complex =               0.00
-----------------------------------------------------------
Total          = 				  98.76

Residue ARGA37 has high Energy, we mutate it to itself
Repair Residue ID= ARGA37

BackHbond       =               -48.31
SideHbond       =               -13.75
Energy_VdW      =               -129.87
Electro         =               -1.03
Energy_SolvP    =               180.47
Energy_SolvH    =               -175.88
Energy_vdwclash =               24.51
energy_torsion  =               10.78
backbone_vdwclash=              80.08
Entropy_sidec   =               64.91
Entropy_mainc   =               187.37
water bonds     =               0.00
helix dipole    =               -0.84
loop_entropy    =               0.00
cis_bond        =               0.00
disulfide       =               0.00
kn electrostatic=               0.00
partial covalent interactions = 0.00
Energy_Ionisation =             0.35
Entropy Complex =               0.00
-----------------------------------------------------------
Total          = 				  98.69

Residue LYSA39 has high Energy, we mutate it to itself
Repair Residue ID= LYSA39

BackHbond       =               -48.31
SideHbond       =               -13.75
Energy_VdW      =               -129.98
Electro         =               -1.18
Energy_SolvP    =               180.55
Energy_SolvH    =               -176.07
Energy_vdwclash =               24.51
energy_torsion  =               10.78
backbone_vdwclash=              80.20
Entropy_sidec   =               64.97
Entropy_mainc   =               187.41
water bonds     =               0.00
helix dipole    =               -0.91
loop_entropy    =               0.00
cis_bond        =               0.00
disulfide       =               0.00
kn electrostatic=               0.00
partial covalent interactions = 0.00
Energy_Ionisation =             0.35
Entropy Complex =               0.00
-----------------------------------------------------------
Total          = 				  98.38

Residue GLUA41 has high Energy, we mutate it to itself
We optimize, instead of self-mutatingGLUA41
Repair Residue ID= GLUA41

BackHbond       =               -48.70
SideHbond       =               -14.56
Energy_VdW      =               -129.72
Electro         =               -1.24
Energy_SolvP    =               179.63
Energy_SolvH    =               -175.76
Energy_vdwclash =               24.43
energy_torsion  =               10.95
backbone_vdwclash=              80.22
Entropy_sidec   =               64.90
Entropy_mainc   =               187.32
water bonds     =               0.00
helix dipole    =               -0.91
loop_entropy    =               0.00
cis_bond        =               0.00
disulfide       =               0.00
kn electrostatic=               0.00
partial covalent interactions = 0.00
Energy_Ionisation =             0.35
Entropy Complex =               0.00
-----------------------------------------------------------
Total          = 				  96.69

Residue LYSA42 has high Energy, we mutate it to itself
Repair Residue ID= LYSA42

BackHbond       =               -49.38
SideHbond       =               -15.24
Energy_VdW      =               -129.91
Electro         =               -1.33
Energy_SolvP    =               180.26
Energy_SolvH    =               -176.02
Energy_vdwclash =               24.43
energy_torsion  =               10.96
backbone_vdwclash=              80.48
Entropy_sidec   =               65.53
Entropy_mainc   =               187.59
water bonds     =               0.00
helix dipole    =               -0.93
loop_entropy    =               0.00
cis_bond        =               0.00
disulfide       =               0.00
kn electrostatic=               0.00
partial covalent interactions = 0.00
Energy_Ionisation =             0.35
Entropy Complex =               0.00
-----------------------------------------------------------
Total          = 				  96.30

Residue GLNA43 has high Energy, we mutate it to itself
We optimize, instead of self-mutatingGLNA43
We optimize, instead of self-mutatingGLNA43
Repair Residue ID= GLNA43

BackHbond       =               -49.94
SideHbond       =               -15.83
Energy_VdW      =               -129.32
Electro         =               -1.34
Energy_SolvP    =               178.64
Energy_SolvH    =               -175.77
Energy_vdwclash =               24.45
energy_torsion  =               10.48
backbone_vdwclash=              80.22
Entropy_sidec   =               65.41
Entropy_mainc   =               187.55
water bonds     =               0.00
helix dipole    =               -0.93
loop_entropy    =               0.00
cis_bond        =               0.00
disulfide       =               0.00
kn electrostatic=               0.00
partial covalent interactions = 0.00
Energy_Ionisation =             0.35
Entropy Complex =               0.00
-----------------------------------------------------------
Total          = 				  93.74

Residue PROA45 has high Energy, we mutate it to itself
Repair Residue ID= PROA45

BackHbond       =               -49.94
SideHbond       =               -15.83
Energy_VdW      =               -129.32
Electro         =               -1.34
Energy_SolvP    =               178.63
Energy_SolvH    =               -175.76
Energy_vdwclash =               24.43
energy_torsion  =               10.48
backbone_vdwclash=              80.22
Entropy_sidec   =               65.40
Entropy_mainc   =               187.55
water bonds     =               0.00
helix dipole    =               -0.93
loop_entropy    =               0.00
cis_bond        =               0.00
disulfide       =               0.00
kn electrostatic=               0.00
partial covalent interactions = 0.00
Energy_Ionisation =             0.35
Entropy Complex =               0.00
-----------------------------------------------------------
Total          = 				  93.72

Residue VALA46 has high Energy, we mutate it to itself
Repair Residue ID= VALA46

BackHbond       =               -49.94
SideHbond       =               -15.83
Energy_VdW      =               -129.32
Electro         =               -1.34
Energy_SolvP    =               178.61
Energy_SolvH    =               -175.76
Energy_vdwclash =               24.43
energy_torsion  =               10.47
backbone_vdwclash=              80.22
Entropy_sidec   =               65.41
Entropy_mainc   =               187.55
water bonds     =               0.00
helix dipole    =               -0.93
loop_entropy    =               0.00
cis_bond        =               0.00
disulfide       =               0.00
kn electrostatic=               0.00
partial covalent interactions = 0.00
Energy_Ionisation =             0.35
Entropy Complex =               0.00
-----------------------------------------------------------
Total          = 				  93.69

Residue LEUA47 has high Energy, we mutate it to itself
Residue ASPA48 has high Energy, we mutate it to itself
Repair Residue ID= ASPA48

BackHbond       =               -49.94
SideHbond       =               -16.49
Energy_VdW      =               -129.45
Electro         =               -1.64
Energy_SolvP    =               178.96
Energy_SolvH    =               -175.94
Energy_vdwclash =               24.20
energy_torsion  =               10.47
backbone_vdwclash=              80.24
Entropy_sidec   =               66.17
Entropy_mainc   =               187.58
water bonds     =               0.00
helix dipole    =               -1.00
loop_entropy    =               0.00
cis_bond        =               0.00
disulfide       =               0.00
kn electrostatic=               0.00
partial covalent interactions = 0.00
Energy_Ionisation =             0.35
Entropy Complex =               0.00
-----------------------------------------------------------
Total          = 				  93.28

Residue LYSA49 has high Energy, we mutate it to itself
We optimize, instead of self-mutatingLYSA49
Repair Residue ID= LYSA49

BackHbond       =               -50.78
SideHbond       =               -17.38
Energy_VdW      =               -129.53
Electro         =               -1.68
Energy_SolvP    =               179.19
Energy_SolvH    =               -176.04
Energy_vdwclash =               24.29
energy_torsion  =               10.47
backbone_vdwclash=              80.27
Entropy_sidec   =               67.07
Entropy_mainc   =               187.60
water bonds     =               0.00
helix dipole    =               -1.00
loop_entropy    =               0.00
cis_bond        =               0.00
disulfide       =               0.00
kn electrostatic=               0.00
partial covalent interactions = 0.00
Energy_Ionisation =             0.35
Entropy Complex =               0.00
-----------------------------------------------------------
Total          = 				  92.57

Residue THRA50 has high Energy, we mutate it to itself
We optimize, instead of self-mutatingTHRA50
Residue LYSA51 has high Energy, we mutate it to itself
Repair Residue ID= LYSA51

BackHbond       =               -50.79
SideHbond       =               -17.03
Energy_VdW      =               -129.23
Electro         =               -1.63
Energy_SolvP    =               177.99
Energy_SolvH    =               -175.73
Energy_vdwclash =               24.10
energy_torsion  =               10.52
backbone_vdwclash=              80.27
Entropy_sidec   =               66.59
Entropy_mainc   =               187.64
water bonds     =               0.00
helix dipole    =               -1.00
loop_entropy    =               0.00
cis_bond        =               0.00
disulfide       =               0.00
kn electrostatic=               0.00
partial covalent interactions = 0.00
Energy_Ionisation =             0.35
Entropy Complex =               0.00
-----------------------------------------------------------
Total          = 				  91.78

Residue PHEA52 has high Energy, we mutate it to itself
Repair Residue ID= PHEA52

BackHbond       =               -50.79
SideHbond       =               -17.03
Energy_VdW      =               -129.21
Electro         =               -1.63
Energy_SolvP    =               177.96
Energy_SolvH    =               -175.73
Energy_vdwclash =               24.13
energy_torsion  =               10.44
backbone_vdwclash=              80.25
Entropy_sidec   =               66.58
Entropy_mainc   =               187.63
water bonds     =               0.00
helix dipole    =               -1.00
loop_entropy    =               0.00
cis_bond        =               0.00
disulfide       =               0.00
kn electrostatic=               0.00
partial covalent interactions = 0.00
Energy_Ionisation =             0.35
Entropy Complex =               0.00
-----------------------------------------------------------
Total          = 				  91.69

Residue LEUA53 has high Energy, we mutate it to itself
Repair Residue ID= LEUA53

BackHbond       =               -50.79
SideHbond       =               -17.03
Energy_VdW      =               -129.22
Electro         =               -1.63
Energy_SolvP    =               177.99
Energy_SolvH    =               -175.74
Energy_vdwclash =               24.14
energy_torsion  =               10.40
backbone_vdwclash=              80.26
Entropy_sidec   =               66.59
Entropy_mainc   =               187.62
water bonds     =               0.00
helix dipole    =               -1.00
loop_entropy    =               0.00
cis_bond        =               0.00
disulfide       =               0.00
kn electrostatic=               0.00
partial covalent interactions = 0.00
Energy_Ionisation =             0.35
Entropy Complex =               0.00
-----------------------------------------------------------
Total          = 				  91.67

Residue VALA54 has high Energy, we mutate it to itself
Repair Residue ID= VALA54

BackHbond       =               -50.80
SideHbond       =               -17.03
Energy_VdW      =               -129.20
Electro         =               -1.63
Energy_SolvP    =               177.97
Energy_SolvH    =               -175.70
Energy_vdwclash =               23.69
energy_torsion  =               10.57
backbone_vdwclash=              80.26
Entropy_sidec   =               66.59
Entropy_mainc   =               187.62
water bonds     =               0.00
helix dipole    =               -1.00
loop_entropy    =               0.00
cis_bond        =               0.00
disulfide       =               0.00
kn electrostatic=               0.00
partial covalent interactions = 0.00
Energy_Ionisation =             0.35
Entropy Complex =               0.00
-----------------------------------------------------------
Total          = 				  91.43

Residue PROA55 has high Energy, we mutate it to itself
Repair Residue ID= PROA55

BackHbond       =               -50.80
SideHbond       =               -17.03
Energy_VdW      =               -129.20
Electro         =               -1.63
Energy_SolvP    =               177.97
Energy_SolvH    =               -175.70
Energy_vdwclash =               23.69
energy_torsion  =               10.57
backbone_vdwclash=              80.26
Entropy_sidec   =               66.59
Entropy_mainc   =               187.62
water bonds     =               0.00
helix dipole    =               -1.00
loop_entropy    =               0.00
cis_bond        =               0.00
disulfide       =               0.00
kn electrostatic=               0.00
partial covalent interactions = 0.00
Energy_Ionisation =             0.35
Entropy Complex =               0.00
-----------------------------------------------------------
Total          = 				  91.43

Residue ASPA56 has high Energy, we mutate it to itself
We optimize, instead of self-mutatingASPA56
Repair Residue ID= ASPA56

BackHbond       =               -50.80
SideHbond       =               -17.03
Energy_VdW      =               -129.20
Electro         =               -1.64
Energy_SolvP    =               177.99
Energy_SolvH    =               -175.70
Energy_vdwclash =               23.66
energy_torsion  =               10.56
backbone_vdwclash=              80.26
Entropy_sidec   =               66.59
Entropy_mainc   =               187.62
water bonds     =               0.00
helix dipole    =               -1.00
loop_entropy    =               0.00
cis_bond        =               0.00
disulfide       =               0.00
kn electrostatic=               0.00
partial covalent interactions = 0.00
Energy_Ionisation =             0.35
Entropy Complex =               0.00
-----------------------------------------------------------
Total          = 				  91.39

Residue H2SA57 has high Energy, we mutate it to itself
Repair Residue ID= H2SA57

BackHbond       =               -50.80
SideHbond       =               -17.03
Energy_VdW      =               -129.19
Electro         =               -1.64
Energy_SolvP    =               177.95
Energy_SolvH    =               -175.70
Energy_vdwclash =               23.66
energy_torsion  =               10.29
backbone_vdwclash=              80.24
Entropy_sidec   =               66.59
Entropy_mainc   =               187.60
water bonds     =               0.00
helix dipole    =               -1.00
loop_entropy    =               0.00
cis_bond        =               0.00
disulfide       =               0.00
kn electrostatic=               0.00
partial covalent interactions = 0.00
Energy_Ionisation =             0.35
Entropy Complex =               0.00
-----------------------------------------------------------
Total          = 				  91.10

Residue VALA58 has high Energy, we mutate it to itself
Repair Residue ID= VALA58

BackHbond       =               -50.80
SideHbond       =               -17.03
Energy_VdW      =               -129.19
Electro         =               -1.64
Energy_SolvP    =               177.95
Energy_SolvH    =               -175.70
Energy_vdwclash =               23.47
energy_torsion  =               10.33
backbone_vdwclash=              80.24
Entropy_sidec   =               66.59
Entropy_mainc   =               187.60
water bonds     =               0.00
helix dipole    =               -1.00
loop_entropy    =               0.00
cis_bond        =               0.00
disulfide       =               0.00
kn electrostatic=               0.00
partial covalent interactions = 0.00
Energy_Ionisation =             0.35
Entropy Complex =               0.00
-----------------------------------------------------------
Total          = 				  90.95

Residue ASNA59 has high Energy, we mutate it to itself
Repair Residue ID= ASNA59

BackHbond       =               -51.30
SideHbond       =               -17.53
Energy_VdW      =               -129.33
Electro         =               -1.64
Energy_SolvP    =               178.02
Energy_SolvH    =               -175.80
Energy_vdwclash =               23.48
energy_torsion  =               10.34
backbone_vdwclash=              80.28
Entropy_sidec   =               66.78
Entropy_mainc   =               187.59
water bonds     =               0.00
helix dipole    =               -1.00
loop_entropy    =               0.00
cis_bond        =               0.00
disulfide       =               0.00
kn electrostatic=               0.00
partial covalent interactions = 0.00
Energy_Ionisation =             0.35
Entropy Complex =               0.00
-----------------------------------------------------------
Total          = 				  89.96

Residue SERA61 has high Energy, we mutate it to itself
Repair Residue ID= SERA61

BackHbond       =               -51.70
SideHbond       =               -17.93
Energy_VdW      =               -129.33
Electro         =               -1.64
Energy_SolvP    =               177.79
Energy_SolvH    =               -175.81
Energy_vdwclash =               23.48
energy_torsion  =               10.39
backbone_vdwclash=              80.28
Entropy_sidec   =               67.07
Entropy_mainc   =               187.59
water bonds     =               0.00
helix dipole    =               -1.00
loop_entropy    =               0.00
cis_bond        =               0.00
disulfide       =               0.00
kn electrostatic=               0.00
partial covalent interactions = 0.00
Energy_Ionisation =             0.35
Entropy Complex =               0.00
-----------------------------------------------------------
Total          = 				  89.27

Residue GLUA62 has high Energy, we mutate it to itself
We optimize, instead of self-mutatingGLUA62
We optimize, instead of self-mutatingGLUA62
We optimize, instead of self-mutatingGLUA62
We optimize, instead of self-mutatingGLUA62
Repair Residue ID= GLUA62

BackHbond       =               -52.60
SideHbond       =               -18.82
Energy_VdW      =               -129.72
Electro         =               -1.52
Energy_SolvP    =               178.81
Energy_SolvH    =               -176.05
Energy_vdwclash =               23.24
energy_torsion  =               10.47
backbone_vdwclash=              80.48
Entropy_sidec   =               67.77
Entropy_mainc   =               187.63
water bonds     =               0.00
helix dipole    =               -1.30
loop_entropy    =               0.00
cis_bond        =               0.00
disulfide       =               0.00
kn electrostatic=               0.00
partial covalent interactions = 0.00
Energy_Ionisation =             0.35
Entropy Complex =               0.00
-----------------------------------------------------------
Total          = 				  88.28

Residue LYSA65 has high Energy, we mutate it to itself
Repair Residue ID= LYSA65

BackHbond       =               -52.60
SideHbond       =               -18.82
Energy_VdW      =               -129.72
Electro         =               -1.52
Energy_SolvP    =               178.81
Energy_SolvH    =               -176.05
Energy_vdwclash =               23.24
energy_torsion  =               10.47
backbone_vdwclash=              80.48
Entropy_sidec   =               67.77
Entropy_mainc   =               187.63
water bonds     =               0.00
helix dipole    =               -1.30
loop_entropy    =               0.00
cis_bond        =               0.00
disulfide       =               0.00
kn electrostatic=               0.00
partial covalent interactions = 0.00
Energy_Ionisation =             0.35
Entropy Complex =               0.00
-----------------------------------------------------------
Total          = 				  88.28

Residue ILEA66 has high Energy, we mutate it to itself
Repair Residue ID= ILEA66

BackHbond       =               -52.60
SideHbond       =               -18.82
Energy_VdW      =               -129.72
Electro         =               -1.52
Energy_SolvP    =               178.81
Energy_SolvH    =               -176.05
Energy_vdwclash =               23.24
energy_torsion  =               10.47
backbone_vdwclash=              80.48
Entropy_sidec   =               67.77
Entropy_mainc   =               187.63
water bonds     =               0.00
helix dipole    =               -1.30
loop_entropy    =               0.00
cis_bond        =               0.00
disulfide       =               0.00
kn electrostatic=               0.00
partial covalent interactions = 0.00
Energy_Ionisation =             0.35
Entropy Complex =               0.00
-----------------------------------------------------------
Total          = 				  88.28

Residue ILEA67 has high Energy, we mutate it to itself
Repair Residue ID= ILEA67

BackHbond       =               -52.60
SideHbond       =               -18.82
Energy_VdW      =               -129.77
Electro         =               -1.52
Energy_SolvP    =               178.80
Energy_SolvH    =               -176.17
Energy_vdwclash =               22.89
energy_torsion  =               10.57
backbone_vdwclash=              80.48
Entropy_sidec   =               67.80
Entropy_mainc   =               187.64
water bonds     =               0.00
helix dipole    =               -1.30
loop_entropy    =               0.00
cis_bond        =               0.00
disulfide       =               0.00
kn electrostatic=               0.00
partial covalent interactions = 0.00
Energy_Ionisation =             0.35
Entropy Complex =               0.00
-----------------------------------------------------------
Total          = 				  87.87

Residue ARGA68 has high Energy, we mutate it to itself
Repair Residue ID= ARGA68

BackHbond       =               -52.59
SideHbond       =               -18.82
Energy_VdW      =               -129.56
Electro         =               -1.59
Energy_SolvP    =               178.16
Energy_SolvH    =               -176.06
Energy_vdwclash =               22.15
energy_torsion  =               10.10
backbone_vdwclash=              80.48
Entropy_sidec   =               67.67
Entropy_mainc   =               187.60
water bonds     =               0.00
helix dipole    =               -1.30
loop_entropy    =               0.00
cis_bond        =               0.00
disulfide       =               0.00
kn electrostatic=               0.00
partial covalent interactions = 0.00
Energy_Ionisation =             0.35
Entropy Complex =               0.00
-----------------------------------------------------------
Total          = 				  86.11

Residue ARGA69 has high Energy, we mutate it to itself
We optimize, instead of self-mutatingARGA69
Repair Residue ID= ARGA69

BackHbond       =               -53.33
SideHbond       =               -19.50
Energy_VdW      =               -129.96
Electro         =               -1.54
Energy_SolvP    =               178.67
Energy_SolvH    =               -176.40
Energy_vdwclash =               22.17
energy_torsion  =               10.11
backbone_vdwclash=              80.64
Entropy_sidec   =               68.63
Entropy_mainc   =               187.63
water bonds     =               0.00
helix dipole    =               -1.33
loop_entropy    =               0.00
cis_bond        =               0.00
disulfide       =               0.00
kn electrostatic=               0.00
partial covalent interactions = 0.00
Energy_Ionisation =             0.35
Entropy Complex =               0.00
-----------------------------------------------------------
Total          = 				  85.50

Residue ARGA70 has high Energy, we mutate it to itself
We optimize, instead of self-mutatingARGA70
We optimize, instead of self-mutatingARGA70
We optimize, instead of self-mutatingARGA70
Repair Residue ID= ARGA70

BackHbond       =               -54.12
SideHbond       =               -20.18
Energy_VdW      =               -129.75
Electro         =               -1.59
Energy_SolvP    =               178.49
Energy_SolvH    =               -176.10
Energy_vdwclash =               22.16
energy_torsion  =               9.88
backbone_vdwclash=              80.81
Entropy_sidec   =               69.27
Entropy_mainc   =               187.60
water bonds     =               0.00
helix dipole    =               -1.54
loop_entropy    =               0.00
cis_bond        =               0.00
disulfide       =               0.00
kn electrostatic=               0.00
partial covalent interactions = 0.00
Energy_Ionisation =             0.35
Entropy Complex =               0.00
-----------------------------------------------------------
Total          = 				  84.47

Residue GLNA72 has high Energy, we mutate it to itself
Repair Residue ID= GLNA72

BackHbond       =               -54.54
SideHbond       =               -20.58
Energy_VdW      =               -129.91
Electro         =               -1.59
Energy_SolvP    =               178.71
Energy_SolvH    =               -176.19
Energy_vdwclash =               22.16
energy_torsion  =               9.88
backbone_vdwclash=              81.00
Entropy_sidec   =               69.69
Entropy_mainc   =               187.66
water bonds     =               0.00
helix dipole    =               -1.54
loop_entropy    =               0.00
cis_bond        =               0.00
disulfide       =               0.00
kn electrostatic=               0.00
partial covalent interactions = 0.00
Energy_Ionisation =             0.35
Entropy Complex =               0.00
-----------------------------------------------------------
Total          = 				  84.11

Residue LEUA73 has high Energy, we mutate it to itself
Repair Residue ID= LEUA73

BackHbond       =               -54.54
SideHbond       =               -20.58
Energy_VdW      =               -129.86
Electro         =               -1.59
Energy_SolvP    =               178.50
Energy_SolvH    =               -176.17
Energy_vdwclash =               22.02
energy_torsion  =               10.12
backbone_vdwclash=              81.04
Entropy_sidec   =               69.68
Entropy_mainc   =               187.61
water bonds     =               0.00
helix dipole    =               -1.54
loop_entropy    =               0.00
cis_bond        =               0.00
disulfide       =               0.00
kn electrostatic=               0.00
partial covalent interactions = 0.00
Energy_Ionisation =             0.35
Entropy Complex =               0.00
-----------------------------------------------------------
Total          = 				  84.00

Residue ASNA74 has high Energy, we mutate it to itself
Repair Residue ID= ASNA74

BackHbond       =               -54.54
SideHbond       =               -20.58
Energy_VdW      =               -129.86
Electro         =               -1.59
Energy_SolvP    =               178.49
Energy_SolvH    =               -176.17
Energy_vdwclash =               22.02
energy_torsion  =               10.12
backbone_vdwclash=              81.03
Entropy_sidec   =               69.67
Entropy_mainc   =               187.61
water bonds     =               0.00
helix dipole    =               -1.54
loop_entropy    =               0.00
cis_bond        =               0.00
disulfide       =               0.00
kn electrostatic=               0.00
partial covalent interactions = 0.00
Energy_Ionisation =             0.35
Entropy Complex =               0.00
-----------------------------------------------------------
Total          = 				  83.99

Residue ASNA76 has high Energy, we mutate it to itself
Repair Residue ID= ASNA76

BackHbond       =               -54.54
SideHbond       =               -20.98
Energy_VdW      =               -129.87
Electro         =               -1.59
Energy_SolvP    =               178.48
Energy_SolvH    =               -176.18
Energy_vdwclash =               22.02
energy_torsion  =               9.88
backbone_vdwclash=              81.03
Entropy_sidec   =               69.91
Entropy_mainc   =               187.58
water bonds     =               0.00
helix dipole    =               -1.54
loop_entropy    =               0.00
cis_bond        =               0.00
disulfide       =               0.00
kn electrostatic=               0.00
partial covalent interactions = 0.00
Energy_Ionisation =             0.35
Entropy Complex =               0.00
-----------------------------------------------------------
Total          = 				  83.53

Residue GLNA77 has high Energy, we mutate it to itself
Repair Residue ID= GLNA77

BackHbond       =               -55.05
SideHbond       =               -21.26
Energy_VdW      =               -129.92
Electro         =               -1.59
Energy_SolvP    =               178.13
Energy_SolvH    =               -176.21
Energy_vdwclash =               22.01
energy_torsion  =               9.96
backbone_vdwclash=              81.04
Entropy_sidec   =               70.23
Entropy_mainc   =               187.59
water bonds     =               0.00
helix dipole    =               -1.54
loop_entropy    =               0.00
cis_bond        =               0.00
disulfide       =               0.00
kn electrostatic=               0.00
partial covalent interactions = 0.00
Energy_Ionisation =             0.35
Entropy Complex =               0.00
-----------------------------------------------------------
Total          = 				  82.71

Residue PHEA79 has high Energy, we mutate it to itself
Repair Residue ID= PHEA79

BackHbond       =               -55.05
SideHbond       =               -21.26
Energy_VdW      =               -129.90
Electro         =               -1.59
Energy_SolvP    =               178.13
Energy_SolvH    =               -176.19
Energy_vdwclash =               21.96
energy_torsion  =               9.96
backbone_vdwclash=              81.04
Entropy_sidec   =               70.22
Entropy_mainc   =               187.59
water bonds     =               0.00
helix dipole    =               -1.54
loop_entropy    =               0.00
cis_bond        =               0.00
disulfide       =               0.00
kn electrostatic=               0.00
partial covalent interactions = 0.00
Energy_Ionisation =             0.35
Entropy Complex =               0.00
-----------------------------------------------------------
Total          = 				  82.70

Residue LEUA82 has high Energy, we mutate it to itself
Repair Residue ID= LEUA82

BackHbond       =               -55.04
SideHbond       =               -21.26
Energy_VdW      =               -129.96
Electro         =               -1.59
Energy_SolvP    =               178.11
Energy_SolvH    =               -176.32
Energy_vdwclash =               21.75
energy_torsion  =               10.23
backbone_vdwclash=              81.14
Entropy_sidec   =               70.20
Entropy_mainc   =               187.58
water bonds     =               0.00
helix dipole    =               -1.54
loop_entropy    =               0.00
cis_bond        =               0.00
disulfide       =               0.00
kn electrostatic=               0.00
partial covalent interactions = 0.00
Energy_Ionisation =             0.35
Entropy Complex =               0.00
-----------------------------------------------------------
Total          = 				  82.51

Residue VALA83 has high Energy, we mutate it to itself
Repair Residue ID= VALA83

BackHbond       =               -55.03
SideHbond       =               -21.26
Energy_VdW      =               -129.94
Electro         =               -1.59
Energy_SolvP    =               178.27
Energy_SolvH    =               -176.12
Energy_vdwclash =               21.14
energy_torsion  =               9.97
backbone_vdwclash=              81.32
Entropy_sidec   =               70.18
Entropy_mainc   =               187.69
water bonds     =               0.00
helix dipole    =               -1.54
loop_entropy    =               0.00
cis_bond        =               0.00
disulfide       =               0.00
kn electrostatic=               0.00
partial covalent interactions = 0.00
Energy_Ionisation =             0.35
Entropy Complex =               0.00
-----------------------------------------------------------
Total          = 				  82.13

Residue ASNA84 has high Energy, we mutate it to itself
Repair Residue ID= ASNA84

BackHbond       =               -55.03
SideHbond       =               -21.26
Energy_VdW      =               -129.80
Electro         =               -1.59
Energy_SolvP    =               177.94
Energy_SolvH    =               -176.03
Energy_vdwclash =               21.09
energy_torsion  =               9.97
backbone_vdwclash=              81.27
Entropy_sidec   =               70.08
Entropy_mainc   =               187.66
water bonds     =               0.00
helix dipole    =               -1.54
loop_entropy    =               0.00
cis_bond        =               0.00
disulfide       =               0.00
kn electrostatic=               0.00
partial covalent interactions = 0.00
Energy_Ionisation =             0.35
Entropy Complex =               0.00
-----------------------------------------------------------
Total          = 				  81.85

Residue H1SA86 has high Energy, we mutate it to itself
Repair Residue ID= H2SA86

BackHbond       =               -55.03
SideHbond       =               -21.26
Energy_VdW      =               -129.65
Electro         =               -1.59
Energy_SolvP    =               177.65
Energy_SolvH    =               -175.89
Energy_vdwclash =               21.02
energy_torsion  =               9.97
backbone_vdwclash=              81.15
Entropy_sidec   =               70.06
Entropy_mainc   =               187.60
water bonds     =               0.00
helix dipole    =               -1.54
loop_entropy    =               0.00
cis_bond        =               0.00
disulfide       =               0.00
kn electrostatic=               0.00
partial covalent interactions = 0.00
Energy_Ionisation =             0.35
Entropy Complex =               0.00
-----------------------------------------------------------
Total          = 				  81.68

Residue SERA87 has high Energy, we mutate it to itself
Repair Residue ID= SERA87

BackHbond       =               -55.56
SideHbond       =               -21.79
Energy_VdW      =               -129.73
Electro         =               -1.59
Energy_SolvP    =               177.75
Energy_SolvH    =               -175.94
Energy_vdwclash =               21.08
energy_torsion  =               9.97
backbone_vdwclash=              81.18
Entropy_sidec   =               70.39
Entropy_mainc   =               187.60
water bonds     =               0.00
helix dipole    =               -1.54
loop_entropy    =               0.00
cis_bond        =               0.00
disulfide       =               0.00
kn electrostatic=               0.00
partial covalent interactions = 0.00
Energy_Ionisation =             0.35
Entropy Complex =               0.00
-----------------------------------------------------------
Total          = 				  80.99

Residue META88 has high Energy, we mutate it to itself
Repair Residue ID= META88

BackHbond       =               -55.56
SideHbond       =               -21.79
Energy_VdW      =               -129.73
Electro         =               -1.59
Energy_SolvP    =               177.75
Energy_SolvH    =               -175.95
Energy_vdwclash =               21.08
energy_torsion  =               9.97
backbone_vdwclash=              81.18
Entropy_sidec   =               70.39
Entropy_mainc   =               187.61
water bonds     =               0.00
helix dipole    =               -1.54
loop_entropy    =               0.00
cis_bond        =               0.00
disulfide       =               0.00
kn electrostatic=               0.00
partial covalent interactions = 0.00
Energy_Ionisation =             0.35
Entropy Complex =               0.00
-----------------------------------------------------------
Total          = 				  80.99

Residue VALA89 has high Energy, we mutate it to itself
Repair Residue ID= VALA89

BackHbond       =               -55.56
SideHbond       =               -21.79
Energy_VdW      =               -129.73
Electro         =               -1.59
Energy_SolvP    =               177.75
Energy_SolvH    =               -175.94
Energy_vdwclash =               21.13
energy_torsion  =               9.78
backbone_vdwclash=              81.18
Entropy_sidec   =               70.39
Entropy_mainc   =               187.61
water bonds     =               0.00
helix dipole    =               -1.54
loop_entropy    =               0.00
cis_bond        =               0.00
disulfide       =               0.00
kn electrostatic=               0.00
partial covalent interactions = 0.00
Energy_Ionisation =             0.35
Entropy Complex =               0.00
-----------------------------------------------------------
Total          = 				  80.86

Residue SERA90 has high Energy, we mutate it to itself
Repair Residue ID= SERA90

BackHbond       =               -55.56
SideHbond       =               -21.79
Energy_VdW      =               -129.72
Electro         =               -1.59
Energy_SolvP    =               177.74
Energy_SolvH    =               -175.94
Energy_vdwclash =               21.13
energy_torsion  =               9.78
backbone_vdwclash=              81.18
Entropy_sidec   =               70.39
Entropy_mainc   =               187.61
water bonds     =               0.00
helix dipole    =               -1.54
loop_entropy    =               0.00
cis_bond        =               0.00
disulfide       =               0.00
kn electrostatic=               0.00
partial covalent interactions = 0.00
Energy_Ionisation =             0.35
Entropy Complex =               0.00
-----------------------------------------------------------
Total          = 				  80.86

Residue VALA91 has high Energy, we mutate it to itself
Repair Residue ID= VALA91

BackHbond       =               -55.56
SideHbond       =               -21.79
Energy_VdW      =               -129.71
Electro         =               -1.59
Energy_SolvP    =               177.74
Energy_SolvH    =               -175.92
Energy_vdwclash =               21.05
energy_torsion  =               9.80
backbone_vdwclash=              81.18
Entropy_sidec   =               70.38
Entropy_mainc   =               187.61
water bonds     =               0.00
helix dipole    =               -1.54
loop_entropy    =               0.00
cis_bond        =               0.00
disulfide       =               0.00
kn electrostatic=               0.00
partial covalent interactions = 0.00
Energy_Ionisation =             0.35
Entropy Complex =               0.00
-----------------------------------------------------------
Total          = 				  80.81

Residue SERA92 has high Energy, we mutate it to itself
Repair Residue ID= SERA92

BackHbond       =               -55.56
SideHbond       =               -21.79
Energy_VdW      =               -129.71
Electro         =               -1.59
Energy_SolvP    =               177.70
Energy_SolvH    =               -175.93
Energy_vdwclash =               21.03
energy_torsion  =               9.37
backbone_vdwclash=              81.17
Entropy_sidec   =               70.38
Entropy_mainc   =               187.62
water bonds     =               0.00
helix dipole    =               -1.54
loop_entropy    =               0.00
cis_bond        =               0.00
disulfide       =               0.00
kn electrostatic=               0.00
partial covalent interactions = 0.00
Energy_Ionisation =             0.35
Entropy Complex =               0.00
-----------------------------------------------------------
Total          = 				  80.34

Residue THRA93 has high Energy, we mutate it to itself
Repair Residue ID= THRA93

BackHbond       =               -55.56
SideHbond       =               -21.79
Energy_VdW      =               -129.79
Electro         =               -1.59
Energy_SolvP    =               177.61
Energy_SolvH    =               -176.15
Energy_vdwclash =               21.17
energy_torsion  =               9.10
backbone_vdwclash=              81.24
Entropy_sidec   =               70.43
Entropy_mainc   =               187.62
water bonds     =               0.00
helix dipole    =               -1.54
loop_entropy    =               0.00
cis_bond        =               0.00
disulfide       =               0.00
kn electrostatic=               0.00
partial covalent interactions = 0.00
Energy_Ionisation =             0.35
Entropy Complex =               0.00
-----------------------------------------------------------
Total          = 				  79.86

Residue PROA94 has high Energy, we mutate it to itself
Repair Residue ID= PROA94

BackHbond       =               -55.56
SideHbond       =               -21.79
Energy_VdW      =               -129.78
Electro         =               -1.59
Energy_SolvP    =               177.61
Energy_SolvH    =               -176.14
Energy_vdwclash =               21.15
energy_torsion  =               9.10
backbone_vdwclash=              81.24
Entropy_sidec   =               70.43
Entropy_mainc   =               187.62
water bonds     =               0.00
helix dipole    =               -1.54
loop_entropy    =               0.00
cis_bond        =               0.00
disulfide       =               0.00
kn electrostatic=               0.00
partial covalent interactions = 0.00
Energy_Ionisation =             0.35
Entropy Complex =               0.00
-----------------------------------------------------------
Total          = 				  79.85

Residue SERA96 has high Energy, we mutate it to itself
We optimize, instead of self-mutatingSERA96
We optimize, instead of self-mutatingSERA96
Repair Residue ID= SERA96

BackHbond       =               -55.56
SideHbond       =               -22.27
Energy_VdW      =               -129.82
Electro         =               -1.56
Energy_SolvP    =               177.51
Energy_SolvH    =               -176.18
Energy_vdwclash =               21.10
energy_torsion  =               9.10
backbone_vdwclash=              81.24
Entropy_sidec   =               70.43
Entropy_mainc   =               187.62
water bonds     =               0.00
helix dipole    =               -1.55
loop_entropy    =               0.00
cis_bond        =               0.00
disulfide       =               0.00
kn electrostatic=               0.00
partial covalent interactions = 0.00
Energy_Ionisation =             0.35
Entropy Complex =               0.00
-----------------------------------------------------------
Total          = 				  79.18

Residue GLUA97 has high Energy, we mutate it to itself
Repair Residue ID= GLUA97

BackHbond       =               -55.56
SideHbond       =               -22.27
Energy_VdW      =               -129.84
Electro         =               -1.54
Energy_SolvP    =               177.36
Energy_SolvH    =               -176.28
Energy_vdwclash =               21.06
energy_torsion  =               9.10
backbone_vdwclash=              81.27
Entropy_sidec   =               70.38
Entropy_mainc   =               187.65
water bonds     =               0.00
helix dipole    =               -1.92
loop_entropy    =               0.00
cis_bond        =               0.00
disulfide       =               0.00
kn electrostatic=               0.00
partial covalent interactions = 0.00
Energy_Ionisation =             0.35
Entropy Complex =               0.00
-----------------------------------------------------------
Total          = 				  78.48

Residue VALA98 has high Energy, we mutate it to itself
Repair Residue ID= VALA98

BackHbond       =               -55.56
SideHbond       =               -22.27
Energy_VdW      =               -129.85
Electro         =               -1.54
Energy_SolvP    =               177.34
Energy_SolvH    =               -176.30
Energy_vdwclash =               19.74
energy_torsion  =               9.09
backbone_vdwclash=              81.27
Entropy_sidec   =               70.40
Entropy_mainc   =               187.66
water bonds     =               0.00
helix dipole    =               -1.92
loop_entropy    =               0.00
cis_bond        =               0.00
disulfide       =               0.00
kn electrostatic=               0.00
partial covalent interactions = 0.00
Energy_Ionisation =             0.35
Entropy Complex =               0.00
-----------------------------------------------------------
Total          = 				  77.14

Residue TYRA99 has high Energy, we mutate it to itself
Repair Residue ID= TYRA99

BackHbond       =               -55.56
SideHbond       =               -22.27
Energy_VdW      =               -129.85
Electro         =               -1.54
Energy_SolvP    =               177.34
Energy_SolvH    =               -176.30
Energy_vdwclash =               19.74
energy_torsion  =               9.09
backbone_vdwclash=              81.27
Entropy_sidec   =               70.40
Entropy_mainc   =               187.66
water bonds     =               0.00
helix dipole    =               -1.92
loop_entropy    =               0.00
cis_bond        =               0.00
disulfide       =               0.00
kn electrostatic=               0.00
partial covalent interactions = 0.00
Energy_Ionisation =             0.35
Entropy Complex =               0.00
-----------------------------------------------------------
Total          = 				  77.14

Residue GLUA100 has high Energy, we mutate it to itself
Repair Residue ID= GLUA100

BackHbond       =               -55.56
SideHbond       =               -22.28
Energy_VdW      =               -129.73
Electro         =               -1.87
Energy_SolvP    =               176.79
Energy_SolvH    =               -176.26
Energy_vdwclash =               19.40
energy_torsion  =               9.09
backbone_vdwclash=              81.18
Entropy_sidec   =               70.38
Entropy_mainc   =               187.66
water bonds     =               0.00
helix dipole    =               -2.00
loop_entropy    =               0.00
cis_bond        =               0.00
disulfide       =               0.00
kn electrostatic=               0.00
partial covalent interactions = 0.00
Energy_Ionisation =             0.35
Entropy Complex =               0.00
-----------------------------------------------------------
Total          = 				  75.97

Residue SERA101 has high Energy, we mutate it to itself
We optimize, instead of self-mutatingSERA101
We optimize, instead of self-mutatingSERA101
Repair Residue ID= SERA101

BackHbond       =               -56.25
SideHbond       =               -22.91
Energy_VdW      =               -129.98
Electro         =               -1.86
Energy_SolvP    =               177.12
Energy_SolvH    =               -176.39
Energy_vdwclash =               19.45
energy_torsion  =               9.10
backbone_vdwclash=              81.25
Entropy_sidec   =               70.87
Entropy_mainc   =               187.70
water bonds     =               0.00
helix dipole    =               -2.00
loop_entropy    =               0.00
cis_bond        =               0.00
disulfide       =               0.00
kn electrostatic=               0.00
partial covalent interactions = 0.00
Energy_Ionisation =             0.35
Entropy Complex =               0.00
-----------------------------------------------------------
Total          = 				  75.18

Residue GLUA102 has high Energy, we mutate it to itself
Repair Residue ID= GLUA102

BackHbond       =               -56.25
SideHbond       =               -22.91
Energy_VdW      =               -129.98
Electro         =               -1.87
Energy_SolvP    =               177.11
Energy_SolvH    =               -176.39
Energy_vdwclash =               19.44
energy_torsion  =               9.09
backbone_vdwclash=              81.25
Entropy_sidec   =               70.86
Entropy_mainc   =               187.70
water bonds     =               0.00
helix dipole    =               -2.00
loop_entropy    =               0.00
cis_bond        =               0.00
disulfide       =               0.00
kn electrostatic=               0.00
partial covalent interactions = 0.00
Energy_Ionisation =             0.35
Entropy Complex =               0.00
-----------------------------------------------------------
Total          = 				  75.16

Residue LYSA103 has high Energy, we mutate it to itself
Repair Residue ID= LYSA103

BackHbond       =               -56.27
SideHbond       =               -22.94
Energy_VdW      =               -129.64
Electro         =               -2.33
Energy_SolvP    =               175.50
Energy_SolvH    =               -176.19
Energy_vdwclash =               18.38
energy_torsion  =               9.09
backbone_vdwclash=              81.31
Entropy_sidec   =               70.58
Entropy_mainc   =               187.74
water bonds     =               0.00
helix dipole    =               -1.97
loop_entropy    =               0.00
cis_bond        =               0.00
disulfide       =               0.00
kn electrostatic=               0.00
partial covalent interactions = 0.00
Energy_Ionisation =             0.35
Entropy Complex =               0.00
-----------------------------------------------------------
Total          = 				  72.29

Residue ASPA104 has high Energy, we mutate it to itself
Repair Residue ID= ASPA104

BackHbond       =               -56.27
SideHbond       =               -23.07
Energy_VdW      =               -129.62
Electro         =               -2.65
Energy_SolvP    =               175.32
Energy_SolvH    =               -176.17
Energy_vdwclash =               18.53
energy_torsion  =               9.02
backbone_vdwclash=              81.30
Entropy_sidec   =               70.58
Entropy_mainc   =               187.75
water bonds     =               0.00
helix dipole    =               -1.96
loop_entropy    =               0.00
cis_bond        =               0.00
disulfide       =               0.00
kn electrostatic=               0.00
partial covalent interactions = 0.00
Energy_Ionisation =             0.35
Entropy Complex =               0.00
-----------------------------------------------------------
Total          = 				  71.80

Residue GLUA105 has high Energy, we mutate it to itself
Repair Residue ID= GLUA105

BackHbond       =               -56.27
SideHbond       =               -23.07
Energy_VdW      =               -129.69
Electro         =               -2.69
Energy_SolvP    =               175.32
Energy_SolvH    =               -176.28
Energy_vdwclash =               18.53
energy_torsion  =               9.01
backbone_vdwclash=              81.31
Entropy_sidec   =               70.62
Entropy_mainc   =               187.75
water bonds     =               0.00
helix dipole    =               -1.98
loop_entropy    =               0.00
cis_bond        =               0.00
disulfide       =               0.00
kn electrostatic=               0.00
partial covalent interactions = 0.00
Energy_Ionisation =             0.35
Entropy Complex =               0.00
-----------------------------------------------------------
Total          = 				  71.60

Residue ASPA106 has high Energy, we mutate it to itself
Repair Residue ID= ASPA106

BackHbond       =               -56.27
SideHbond       =               -23.14
Energy_VdW      =               -129.69
Electro         =               -2.75
Energy_SolvP    =               175.25
Energy_SolvH    =               -176.29
Energy_vdwclash =               18.52
energy_torsion  =               9.06
backbone_vdwclash=              81.31
Entropy_sidec   =               70.62
Entropy_mainc   =               187.74
water bonds     =               0.00
helix dipole    =               -1.98
loop_entropy    =               0.00
cis_bond        =               0.00
disulfide       =               0.00
kn electrostatic=               0.00
partial covalent interactions = 0.00
Energy_Ionisation =             0.35
Entropy Complex =               0.00
-----------------------------------------------------------
Total          = 				  71.42

Residue PHEA108 has high Energy, we mutate it to itself
Repair Residue ID= PHEA108

BackHbond       =               -56.27
SideHbond       =               -23.14
Energy_VdW      =               -129.69
Electro         =               -2.75
Energy_SolvP    =               175.25
Energy_SolvH    =               -176.29
Energy_vdwclash =               18.52
energy_torsion  =               9.06
backbone_vdwclash=              81.31
Entropy_sidec   =               70.62
Entropy_mainc   =               187.74
water bonds     =               0.00
helix dipole    =               -1.98
loop_entropy    =               0.00
cis_bond        =               0.00
disulfide       =               0.00
kn electrostatic=               0.00
partial covalent interactions = 0.00
Energy_Ionisation =             0.35
Entropy Complex =               0.00
-----------------------------------------------------------
Total          = 				  71.42

Residue TYRA110 has high Energy, we mutate it to itself
We optimize, instead of self-mutatingTYRA110
Repair Residue ID= TYRA110

BackHbond       =               -56.27
SideHbond       =               -23.26
Energy_VdW      =               -129.69
Electro         =               -2.75
Energy_SolvP    =               175.26
Energy_SolvH    =               -176.28
Energy_vdwclash =               18.55
energy_torsion  =               9.06
backbone_vdwclash=              81.31
Entropy_sidec   =               70.62
Entropy_mainc   =               187.74
water bonds     =               0.00
helix dipole    =               -1.98
loop_entropy    =               0.00
cis_bond        =               0.00
disulfide       =               0.00
kn electrostatic=               0.00
partial covalent interactions = 0.00
Energy_Ionisation =             0.35
Entropy Complex =               0.00
-----------------------------------------------------------
Total          = 				  71.34

Residue VALA112 has high Energy, we mutate it to itself
Repair Residue ID= VALA112

BackHbond       =               -56.27
SideHbond       =               -23.26
Energy_VdW      =               -129.69
Electro         =               -2.75
Energy_SolvP    =               175.26
Energy_SolvH    =               -176.29
Energy_vdwclash =               18.59
energy_torsion  =               9.02
backbone_vdwclash=              81.31
Entropy_sidec   =               70.62
Entropy_mainc   =               187.74
water bonds     =               0.00
helix dipole    =               -1.98
loop_entropy    =               0.00
cis_bond        =               0.00
disulfide       =               0.00
kn electrostatic=               0.00
partial covalent interactions = 0.00
Energy_Ionisation =             0.35
Entropy Complex =               0.00
-----------------------------------------------------------
Total          = 				  71.33

Residue TYRA113 has high Energy, we mutate it to itself
Repair Residue ID= TYRA113

BackHbond       =               -56.32
SideHbond       =               -23.30
Energy_VdW      =               -129.65
Electro         =               -2.75
Energy_SolvP    =               175.20
Energy_SolvH    =               -176.25
Energy_vdwclash =               18.57
energy_torsion  =               9.02
backbone_vdwclash=              81.31
Entropy_sidec   =               70.62
Entropy_mainc   =               187.74
water bonds     =               0.00
helix dipole    =               -1.98
loop_entropy    =               0.00
cis_bond        =               0.00
disulfide       =               0.00
kn electrostatic=               0.00
partial covalent interactions = 0.00
Energy_Ionisation =             0.35
Entropy Complex =               0.00
-----------------------------------------------------------
Total          = 				  71.24

Residue SERA115 has high Energy, we mutate it to itself
Repair Residue ID= SERA115

BackHbond       =               -56.32
SideHbond       =               -23.30
Energy_VdW      =               -129.65
Electro         =               -2.75
Energy_SolvP    =               175.19
Energy_SolvH    =               -176.26
Energy_vdwclash =               18.56
energy_torsion  =               9.02
backbone_vdwclash=              81.33
Entropy_sidec   =               70.63
Entropy_mainc   =               187.72
water bonds     =               0.00
helix dipole    =               -1.98
loop_entropy    =               0.00
cis_bond        =               0.00
disulfide       =               0.00
kn electrostatic=               0.00
partial covalent interactions = 0.00
Energy_Ionisation =             0.35
Entropy Complex =               0.00
-----------------------------------------------------------
Total          = 				  71.21

Residue GLNA116 has high Energy, we mutate it to itself
We optimize, instead of self-mutatingGLNA116
Repair Residue ID= GLNA116

BackHbond       =               -56.86
SideHbond       =               -23.84
Energy_VdW      =               -129.65
Electro         =               -2.70
Energy_SolvP    =               174.48
Energy_SolvH    =               -176.41
Energy_vdwclash =               18.62
energy_torsion  =               8.99
backbone_vdwclash=              81.31
Entropy_sidec   =               71.12
Entropy_mainc   =               187.86
water bonds     =               0.00
helix dipole    =               -1.98
loop_entropy    =               0.00
cis_bond        =               0.00
disulfide       =               0.00
kn electrostatic=               0.00
partial covalent interactions = 0.00
Energy_Ionisation =             0.35
Entropy Complex =               0.00
-----------------------------------------------------------
Total          = 				  69.98

Residue GLUA117 has high Energy, we mutate it to itself
Repair Residue ID= GLUA117

BackHbond       =               -56.86
SideHbond       =               -23.84
Energy_VdW      =               -129.65
Electro         =               -2.70
Energy_SolvP    =               174.48
Energy_SolvH    =               -176.41
Energy_vdwclash =               18.61
energy_torsion  =               8.99
backbone_vdwclash=              81.31
Entropy_sidec   =               71.12
Entropy_mainc   =               187.86
water bonds     =               0.00
helix dipole    =               -1.98
loop_entropy    =               0.00
cis_bond        =               0.00
disulfide       =               0.00
kn electrostatic=               0.00
partial covalent interactions = 0.00
Energy_Ionisation =             0.35
Entropy Complex =               0.00
-----------------------------------------------------------
Total          = 				  69.98

Residue THRA118 has high Energy, we mutate it to itself
We optimize, instead of self-mutatingTHRA118
Repair Residue ID= THRA118

BackHbond       =               -56.86
SideHbond       =               -23.84
Energy_VdW      =               -129.65
Electro         =               -2.70
Energy_SolvP    =               174.48
Energy_SolvH    =               -176.41
Energy_vdwclash =               18.61
energy_torsion  =               8.99
backbone_vdwclash=              81.31
Entropy_sidec   =               71.12
Entropy_mainc   =               187.86
water bonds     =               0.00
helix dipole    =               -1.98
loop_entropy    =               0.00
cis_bond        =               0.00
disulfide       =               0.00
kn electrostatic=               0.00
partial covalent interactions = 0.00
Energy_Ionisation =             0.35
Entropy Complex =               0.00
-----------------------------------------------------------
Total          = 				  69.98

Residue PHEA119 has high Energy, we mutate it to itself
Repair Residue ID= PHEA119

BackHbond       =               -56.86
SideHbond       =               -23.84
Energy_VdW      =               -129.61
Electro         =               -2.70
Energy_SolvP    =               174.37
Energy_SolvH    =               -176.40
Energy_vdwclash =               18.61
energy_torsion  =               8.99
backbone_vdwclash=              81.31
Entropy_sidec   =               71.13
Entropy_mainc   =               187.80
water bonds     =               0.00
helix dipole    =               -1.98
loop_entropy    =               0.00
cis_bond        =               0.00
disulfide       =               0.00
kn electrostatic=               0.00
partial covalent interactions = 0.00
Energy_Ionisation =             0.35
Entropy Complex =               0.00
-----------------------------------------------------------
Total          = 				  69.88

Repaired

BackHbond       =               -56.86
SideHbond       =               -23.84
Energy_VdW      =               -129.61
Electro         =               -2.70
Energy_SolvP    =               174.37
Energy_SolvH    =               -176.40
Energy_vdwclash =               18.61
energy_torsion  =               8.99
backbone_vdwclash=              81.31
Entropy_sidec   =               71.13
Entropy_mainc   =               187.80
water bonds     =               0.00
helix dipole    =               -1.98
loop_entropy    =               0.00
cis_bond        =               0.00
disulfide       =               0.00
kn electrostatic=               0.00
partial covalent interactions = 0.00
Energy_Ionisation =             0.35
Entropy Complex =               0.00
-----------------------------------------------------------
Total          = 				  69.88

End of Repair
Output PDB ./lc3b-format3_1V49_model0_checked_Repair.pdb
Your file run OK
End time of FoldX: Thu Jan 20 15:59:18 2022
Total time spend: 141.15 seconds.
Cleaning RepairPDB...DONE
