   ********************************************
   ***                                      ***
   ***             FoldX 5 (c)            ***
   ***                                      ***
   ***     code by the FoldX Consortium     ***
   ***                                      ***
   ***     Jesper Borg, Frederic Rousseau   ***
   ***    Joost Schymkowitz, Luis Serrano   ***
   ***    Peter Vanhee, Erik Verschueren    ***
   ***     Lies Baeten, Javier Delgado      ***
   ***       and Francois Stricher          ***
   *** and any other of the 9! permutations ***
   ***   based on an original concept by    ***
   ***   Raphael Guerois and Luis Serrano   ***
   ********************************************

Reading config file 'runfile.txt'
Start RepairPDB >>>

1 models read: P29033_trimmed_model0_checked.pdb
"P29033_trimmed_model0_checked_Repair.fxout"
Repair will take all residues into account
wild type

BackHbond       =               -163.08
SideHbond       =               -16.86
Energy_VdW      =               -218.61
Electro         =               -6.78
Energy_SolvP    =               294.45
Energy_SolvH    =               -279.83
Energy_vdwclash =               25.38
energy_torsion  =               2.87
backbone_vdwclash=              178.02
Entropy_sidec   =               102.61
Entropy_mainc   =               299.06
water bonds     =               0.00
helix dipole    =               0.93
loop_entropy    =               0.00
cis_bond        =               1.12
disulfide       =               -14.36
kn electrostatic=               0.00
partial covalent interactions = 0.00
Energy_Ionisation =             0.53
Entropy Complex =               0.00
-----------------------------------------------------------
Total          = 				  27.43

Flipping HNQ

BackHbond       =               -163.07
SideHbond       =               -16.86
Energy_VdW      =               -218.58
Electro         =               -6.78
Energy_SolvP    =               294.31
Energy_SolvH    =               -279.84
Energy_vdwclash =               25.38
energy_torsion  =               2.87
backbone_vdwclash=              177.98
Entropy_sidec   =               102.58
Entropy_mainc   =               299.06
water bonds     =               0.00
helix dipole    =               0.93
loop_entropy    =               0.00
cis_bond        =               1.12
disulfide       =               -14.36
kn electrostatic=               0.00
partial covalent interactions = 0.00
Energy_Ionisation =             0.53
Entropy Complex =               0.00
-----------------------------------------------------------
Total          = 				  27.29

Now Optimizing Residues
Now optimizing Residue THRA18
Optimize Residue ID= THRA18

BackHbond       =               -163.07
SideHbond       =               -16.86
Energy_VdW      =               -218.59
Electro         =               -6.78
Energy_SolvP    =               294.31
Energy_SolvH    =               -279.87
Energy_vdwclash =               25.38
energy_torsion  =               2.90
backbone_vdwclash=              177.98
Entropy_sidec   =               102.58
Entropy_mainc   =               299.06
water bonds     =               0.00
helix dipole    =               0.93
loop_entropy    =               0.00
cis_bond        =               1.12
disulfide       =               -14.36
kn electrostatic=               0.00
partial covalent interactions = 0.00
Energy_Ionisation =             0.53
Entropy Complex =               0.00
-----------------------------------------------------------
Total          = 				  27.28

Now optimizing Residue SERA19
Optimize Residue ID= SERA19

BackHbond       =               -163.07
SideHbond       =               -16.86
Energy_VdW      =               -218.59
Electro         =               -6.78
Energy_SolvP    =               294.31
Energy_SolvH    =               -279.87
Energy_vdwclash =               25.38
energy_torsion  =               2.90
backbone_vdwclash=              177.98
Entropy_sidec   =               102.58
Entropy_mainc   =               299.06
water bonds     =               0.00
helix dipole    =               0.93
loop_entropy    =               0.00
cis_bond        =               1.12
disulfide       =               -14.36
kn electrostatic=               0.00
partial covalent interactions = 0.00
Energy_Ionisation =             0.53
Entropy Complex =               0.00
-----------------------------------------------------------
Total          = 				  27.28

Now optimizing Residue ILEA20
Optimize Residue ID= ILEA20

BackHbond       =               -163.07
SideHbond       =               -16.86
Energy_VdW      =               -218.62
Electro         =               -6.78
Energy_SolvP    =               294.31
Energy_SolvH    =               -279.94
Energy_vdwclash =               25.38
energy_torsion  =               2.90
backbone_vdwclash=              177.98
Entropy_sidec   =               102.61
Entropy_mainc   =               299.06
water bonds     =               0.00
helix dipole    =               0.93
loop_entropy    =               0.00
cis_bond        =               1.12
disulfide       =               -14.36
kn electrostatic=               0.00
partial covalent interactions = 0.00
Energy_Ionisation =             0.53
Entropy Complex =               0.00
-----------------------------------------------------------
Total          = 				  27.21

Now optimizing Residue LYSA22
Optimize Residue ID= LYSA22

BackHbond       =               -163.07
SideHbond       =               -16.86
Energy_VdW      =               -218.62
Electro         =               -6.79
Energy_SolvP    =               294.30
Energy_SolvH    =               -279.93
Energy_vdwclash =               25.38
energy_torsion  =               2.90
backbone_vdwclash=              177.98
Entropy_sidec   =               102.61
Entropy_mainc   =               299.06
water bonds     =               0.00
helix dipole    =               0.93
loop_entropy    =               0.00
cis_bond        =               1.12
disulfide       =               -14.36
kn electrostatic=               0.00
partial covalent interactions = 0.00
Energy_Ionisation =             0.53
Entropy Complex =               0.00
-----------------------------------------------------------
Total          = 				  27.20

Now optimizing Residue ILEA23
Optimize Residue ID= ILEA23

BackHbond       =               -163.07
SideHbond       =               -16.86
Energy_VdW      =               -218.63
Electro         =               -6.79
Energy_SolvP    =               294.31
Energy_SolvH    =               -279.95
Energy_vdwclash =               25.38
energy_torsion  =               2.90
backbone_vdwclash=              177.99
Entropy_sidec   =               102.61
Entropy_mainc   =               299.06
water bonds     =               0.00
helix dipole    =               0.93
loop_entropy    =               0.00
cis_bond        =               1.12
disulfide       =               -14.36
kn electrostatic=               0.00
partial covalent interactions = 0.00
Energy_Ionisation =             0.53
Entropy Complex =               0.00
-----------------------------------------------------------
Total          = 				  27.18

Now optimizing Residue TRPA24
Optimize Residue ID= TRPA24

BackHbond       =               -163.06
SideHbond       =               -16.86
Energy_VdW      =               -218.61
Electro         =               -6.79
Energy_SolvP    =               294.32
Energy_SolvH    =               -279.90
Energy_vdwclash =               25.16
energy_torsion  =               2.90
backbone_vdwclash=              177.99
Entropy_sidec   =               102.61
Entropy_mainc   =               299.06
water bonds     =               0.00
helix dipole    =               0.93
loop_entropy    =               0.00
cis_bond        =               1.12
disulfide       =               -14.36
kn electrostatic=               0.00
partial covalent interactions = 0.00
Energy_Ionisation =             0.53
Entropy Complex =               0.00
-----------------------------------------------------------
Total          = 				  27.05

Now optimizing Residue LEUA25
Optimize Residue ID= LEUA25

BackHbond       =               -163.06
SideHbond       =               -16.86
Energy_VdW      =               -218.60
Electro         =               -6.78
Energy_SolvP    =               294.30
Energy_SolvH    =               -279.90
Energy_vdwclash =               25.16
energy_torsion  =               2.90
backbone_vdwclash=              177.99
Entropy_sidec   =               102.61
Entropy_mainc   =               299.06
water bonds     =               0.00
helix dipole    =               0.93
loop_entropy    =               0.00
cis_bond        =               1.12
disulfide       =               -14.36
kn electrostatic=               0.00
partial covalent interactions = 0.00
Energy_Ionisation =             0.53
Entropy Complex =               0.00
-----------------------------------------------------------
Total          = 				  27.04

Now optimizing Residue THRA26
Optimize Residue ID= THRA26

BackHbond       =               -163.07
SideHbond       =               -16.86
Energy_VdW      =               -218.60
Electro         =               -6.78
Energy_SolvP    =               294.29
Energy_SolvH    =               -279.90
Energy_vdwclash =               25.16
energy_torsion  =               2.80
backbone_vdwclash=              177.99
Entropy_sidec   =               102.61
Entropy_mainc   =               299.06
water bonds     =               0.00
helix dipole    =               0.93
loop_entropy    =               0.00
cis_bond        =               1.12
disulfide       =               -14.36
kn electrostatic=               0.00
partial covalent interactions = 0.00
Energy_Ionisation =             0.53
Entropy Complex =               0.00
-----------------------------------------------------------
Total          = 				  26.92

Now optimizing Residue VALA27
Optimize Residue ID= VALA27

BackHbond       =               -163.07
SideHbond       =               -16.86
Energy_VdW      =               -218.61
Electro         =               -6.78
Energy_SolvP    =               294.29
Energy_SolvH    =               -279.92
Energy_vdwclash =               25.16
energy_torsion  =               2.80
backbone_vdwclash=              177.99
Entropy_sidec   =               102.61
Entropy_mainc   =               299.06
water bonds     =               0.00
helix dipole    =               0.93
loop_entropy    =               0.00
cis_bond        =               1.12
disulfide       =               -14.36
kn electrostatic=               0.00
partial covalent interactions = 0.00
Energy_Ionisation =             0.53
Entropy Complex =               0.00
-----------------------------------------------------------
Total          = 				  26.90

Now optimizing Residue PHEA29
Optimize Residue ID= PHEA29

BackHbond       =               -163.06
SideHbond       =               -16.86
Energy_VdW      =               -218.59
Electro         =               -6.78
Energy_SolvP    =               294.29
Energy_SolvH    =               -279.89
Energy_vdwclash =               24.94
energy_torsion  =               2.80
backbone_vdwclash=              177.98
Entropy_sidec   =               102.60
Entropy_mainc   =               299.06
water bonds     =               0.00
helix dipole    =               0.93
loop_entropy    =               0.00
cis_bond        =               1.12
disulfide       =               -14.36
kn electrostatic=               0.00
partial covalent interactions = 0.00
Energy_Ionisation =             0.53
Entropy Complex =               0.00
-----------------------------------------------------------
Total          = 				  26.72

Now optimizing Residue ILEA30
Optimize Residue ID= ILEA30

BackHbond       =               -163.07
SideHbond       =               -16.86
Energy_VdW      =               -218.59
Electro         =               -6.78
Energy_SolvP    =               294.29
Energy_SolvH    =               -279.89
Energy_vdwclash =               24.94
energy_torsion  =               2.80
backbone_vdwclash=              177.99
Entropy_sidec   =               102.60
Entropy_mainc   =               299.06
water bonds     =               0.00
helix dipole    =               0.93
loop_entropy    =               0.00
cis_bond        =               1.12
disulfide       =               -14.36
kn electrostatic=               0.00
partial covalent interactions = 0.00
Energy_Ionisation =             0.53
Entropy Complex =               0.00
-----------------------------------------------------------
Total          = 				  26.72

Now optimizing Residue PHEA31
Optimize Residue ID= PHEA31

BackHbond       =               -163.07
SideHbond       =               -16.86
Energy_VdW      =               -218.60
Electro         =               -6.79
Energy_SolvP    =               294.30
Energy_SolvH    =               -279.91
Energy_vdwclash =               24.94
energy_torsion  =               2.80
backbone_vdwclash=              177.99
Entropy_sidec   =               102.60
Entropy_mainc   =               299.06
water bonds     =               0.00
helix dipole    =               0.93
loop_entropy    =               0.00
cis_bond        =               1.12
disulfide       =               -14.36
kn electrostatic=               0.00
partial covalent interactions = 0.00
Energy_Ionisation =             0.53
Entropy Complex =               0.00
-----------------------------------------------------------
Total          = 				  26.69

Now optimizing Residue ARGA32
Optimize Residue ID= ARGA32

BackHbond       =               -163.07
SideHbond       =               -16.85
Energy_VdW      =               -218.61
Electro         =               -6.77
Energy_SolvP    =               294.31
Energy_SolvH    =               -279.90
Energy_vdwclash =               23.92
energy_torsion  =               2.80
backbone_vdwclash=              177.99
Entropy_sidec   =               102.62
Entropy_mainc   =               299.06
water bonds     =               0.00
helix dipole    =               0.92
loop_entropy    =               0.00
cis_bond        =               1.12
disulfide       =               -14.36
kn electrostatic=               0.00
partial covalent interactions = 0.00
Energy_Ionisation =             0.53
Entropy Complex =               0.00
-----------------------------------------------------------
Total          = 				  25.71

Now optimizing Residue ILEA33
Optimize Residue ID= ILEA33

BackHbond       =               -163.07
SideHbond       =               -16.85
Energy_VdW      =               -218.63
Electro         =               -6.77
Energy_SolvP    =               294.31
Energy_SolvH    =               -279.95
Energy_vdwclash =               23.92
energy_torsion  =               2.80
backbone_vdwclash=              177.99
Entropy_sidec   =               102.64
Entropy_mainc   =               299.06
water bonds     =               0.00
helix dipole    =               0.92
loop_entropy    =               0.00
cis_bond        =               1.12
disulfide       =               -14.36
kn electrostatic=               0.00
partial covalent interactions = 0.00
Energy_Ionisation =             0.53
Entropy Complex =               0.00
-----------------------------------------------------------
Total          = 				  25.67

Now optimizing Residue META34
Optimize Residue ID= META34

BackHbond       =               -163.07
SideHbond       =               -16.85
Energy_VdW      =               -218.67
Electro         =               -6.77
Energy_SolvP    =               294.31
Energy_SolvH    =               -280.03
Energy_vdwclash =               23.93
energy_torsion  =               2.80
backbone_vdwclash=              178.00
Entropy_sidec   =               102.68
Entropy_mainc   =               299.06
water bonds     =               0.00
helix dipole    =               0.92
loop_entropy    =               0.00
cis_bond        =               1.12
disulfide       =               -14.36
kn electrostatic=               0.00
partial covalent interactions = 0.00
Energy_Ionisation =             0.53
Entropy Complex =               0.00
-----------------------------------------------------------
Total          = 				  25.59

Now optimizing Residue ILEA35
Optimize Residue ID= ILEA35

BackHbond       =               -163.09
SideHbond       =               -16.85
Energy_VdW      =               -218.70
Electro         =               -6.77
Energy_SolvP    =               294.35
Energy_SolvH    =               -280.08
Energy_vdwclash =               23.92
energy_torsion  =               2.83
backbone_vdwclash=              178.06
Entropy_sidec   =               102.68
Entropy_mainc   =               299.06
water bonds     =               0.00
helix dipole    =               0.92
loop_entropy    =               0.00
cis_bond        =               1.12
disulfide       =               -14.36
kn electrostatic=               0.00
partial covalent interactions = 0.00
Energy_Ionisation =             0.53
Entropy Complex =               0.00
-----------------------------------------------------------
Total          = 				  25.55

Now optimizing Residue VALA37
Optimize Residue ID= VALA37

BackHbond       =               -163.09
SideHbond       =               -16.85
Energy_VdW      =               -218.71
Electro         =               -6.77
Energy_SolvP    =               294.35
Energy_SolvH    =               -280.09
Energy_vdwclash =               23.92
energy_torsion  =               2.83
backbone_vdwclash=              178.06
Entropy_sidec   =               102.68
Entropy_mainc   =               299.06
water bonds     =               0.00
helix dipole    =               0.92
loop_entropy    =               0.00
cis_bond        =               1.12
disulfide       =               -14.36
kn electrostatic=               0.00
partial covalent interactions = 0.00
Energy_Ionisation =             0.53
Entropy Complex =               0.00
-----------------------------------------------------------
Total          = 				  25.55

Now optimizing Residue VALA38
Optimize Residue ID= VALA38

BackHbond       =               -163.09
SideHbond       =               -16.85
Energy_VdW      =               -218.71
Electro         =               -6.77
Energy_SolvP    =               294.35
Energy_SolvH    =               -280.09
Energy_vdwclash =               23.92
energy_torsion  =               2.83
backbone_vdwclash=              178.07
Entropy_sidec   =               102.69
Entropy_mainc   =               299.06
water bonds     =               0.00
helix dipole    =               0.92
loop_entropy    =               0.00
cis_bond        =               1.12
disulfide       =               -14.36
kn electrostatic=               0.00
partial covalent interactions = 0.00
Energy_Ionisation =             0.53
Entropy Complex =               0.00
-----------------------------------------------------------
Total          = 				  25.54

Now optimizing Residue LYSA41
Optimize Residue ID= LYSA41

BackHbond       =               -163.09
SideHbond       =               -16.85
Energy_VdW      =               -218.70
Electro         =               -6.78
Energy_SolvP    =               294.32
Energy_SolvH    =               -280.09
Energy_vdwclash =               23.92
energy_torsion  =               2.83
backbone_vdwclash=              178.06
Entropy_sidec   =               102.69
Entropy_mainc   =               299.06
water bonds     =               0.00
helix dipole    =               0.92
loop_entropy    =               0.00
cis_bond        =               1.12
disulfide       =               -14.36
kn electrostatic=               0.00
partial covalent interactions = 0.00
Energy_Ionisation =             0.53
Entropy Complex =               0.00
-----------------------------------------------------------
Total          = 				  25.52

Now optimizing Residue GLUA42
Optimize Residue ID= GLUA42

BackHbond       =               -163.09
SideHbond       =               -16.85
Energy_VdW      =               -218.72
Electro         =               -6.78
Energy_SolvP    =               294.33
Energy_SolvH    =               -280.12
Energy_vdwclash =               23.92
energy_torsion  =               2.83
backbone_vdwclash=              178.07
Entropy_sidec   =               102.69
Entropy_mainc   =               299.06
water bonds     =               0.00
helix dipole    =               0.93
loop_entropy    =               0.00
cis_bond        =               1.12
disulfide       =               -14.36
kn electrostatic=               0.00
partial covalent interactions = 0.00
Energy_Ionisation =             0.53
Entropy Complex =               0.00
-----------------------------------------------------------
Total          = 				  25.49

Now optimizing Residue TRPA44
Optimize Residue ID= TRPA44

BackHbond       =               -163.09
SideHbond       =               -16.85
Energy_VdW      =               -218.71
Electro         =               -6.78
Energy_SolvP    =               294.33
Energy_SolvH    =               -280.12
Energy_vdwclash =               23.90
energy_torsion  =               2.83
backbone_vdwclash=              178.06
Entropy_sidec   =               102.69
Entropy_mainc   =               299.07
water bonds     =               0.00
helix dipole    =               0.93
loop_entropy    =               0.00
cis_bond        =               1.12
disulfide       =               -14.36
kn electrostatic=               0.00
partial covalent interactions = 0.00
Energy_Ionisation =             0.53
Entropy Complex =               0.00
-----------------------------------------------------------
Total          = 				  25.48

Now optimizing Residue ASPA46
Optimize Residue ID= ASPA46

BackHbond       =               -163.09
SideHbond       =               -16.85
Energy_VdW      =               -218.71
Electro         =               -6.78
Energy_SolvP    =               294.31
Energy_SolvH    =               -280.12
Energy_vdwclash =               23.90
energy_torsion  =               2.83
backbone_vdwclash=              178.06
Entropy_sidec   =               102.69
Entropy_mainc   =               299.07
water bonds     =               0.00
helix dipole    =               0.93
loop_entropy    =               0.00
cis_bond        =               1.12
disulfide       =               -14.36
kn electrostatic=               0.00
partial covalent interactions = 0.00
Energy_Ionisation =             0.53
Entropy Complex =               0.00
-----------------------------------------------------------
Total          = 				  25.47

Now optimizing Residue GLUA47
Optimize Residue ID= GLUA47

BackHbond       =               -163.09
SideHbond       =               -16.87
Energy_VdW      =               -218.71
Electro         =               -6.77
Energy_SolvP    =               294.31
Energy_SolvH    =               -280.12
Energy_vdwclash =               23.89
energy_torsion  =               2.83
backbone_vdwclash=              178.06
Entropy_sidec   =               102.69
Entropy_mainc   =               299.07
water bonds     =               0.00
helix dipole    =               0.93
loop_entropy    =               0.00
cis_bond        =               1.12
disulfide       =               -14.36
kn electrostatic=               0.00
partial covalent interactions = 0.00
Energy_Ionisation =             0.53
Entropy Complex =               0.00
-----------------------------------------------------------
Total          = 				  25.44

Now optimizing Residue GLNA48
Optimize Residue ID= GLNA48

BackHbond       =               -163.09
SideHbond       =               -16.87
Energy_VdW      =               -218.70
Electro         =               -6.77
Energy_SolvP    =               294.29
Energy_SolvH    =               -280.12
Energy_vdwclash =               23.89
energy_torsion  =               2.83
backbone_vdwclash=              178.06
Entropy_sidec   =               102.68
Entropy_mainc   =               299.07
water bonds     =               0.00
helix dipole    =               0.93
loop_entropy    =               0.00
cis_bond        =               1.12
disulfide       =               -14.36
kn electrostatic=               0.00
partial covalent interactions = 0.00
Energy_Ionisation =             0.53
Entropy Complex =               0.00
-----------------------------------------------------------
Total          = 				  25.43

Now optimizing Residue ASPA50
Optimize Residue ID= ASPA50

BackHbond       =               -163.09
SideHbond       =               -16.87
Energy_VdW      =               -218.68
Electro         =               -6.78
Energy_SolvP    =               294.20
Energy_SolvH    =               -280.11
Energy_vdwclash =               23.89
energy_torsion  =               2.84
backbone_vdwclash=              178.06
Entropy_sidec   =               102.67
Entropy_mainc   =               299.06
water bonds     =               0.00
helix dipole    =               0.93
loop_entropy    =               0.00
cis_bond        =               1.12
disulfide       =               -14.36
kn electrostatic=               0.00
partial covalent interactions = 0.00
Energy_Ionisation =             0.53
Entropy Complex =               0.00
-----------------------------------------------------------
Total          = 				  25.35

Now optimizing Residue VALA52
Optimize Residue ID= VALA52

BackHbond       =               -163.09
SideHbond       =               -16.87
Energy_VdW      =               -218.70
Electro         =               -6.78
Energy_SolvP    =               294.20
Energy_SolvH    =               -280.15
Energy_vdwclash =               23.89
energy_torsion  =               2.84
backbone_vdwclash=              178.06
Entropy_sidec   =               102.68
Entropy_mainc   =               299.06
water bonds     =               0.00
helix dipole    =               0.93
loop_entropy    =               0.00
cis_bond        =               1.12
disulfide       =               -14.36
kn electrostatic=               0.00
partial covalent interactions = 0.00
Energy_Ionisation =             0.53
Entropy Complex =               0.00
-----------------------------------------------------------
Total          = 				  25.29

Now optimizing Residue ASNA54
Optimize Residue ID= ASNA54

BackHbond       =               -163.09
SideHbond       =               -16.87
Energy_VdW      =               -218.70
Electro         =               -6.78
Energy_SolvP    =               294.20
Energy_SolvH    =               -280.16
Energy_vdwclash =               23.89
energy_torsion  =               2.84
backbone_vdwclash=              178.06
Entropy_sidec   =               102.68
Entropy_mainc   =               299.06
water bonds     =               0.00
helix dipole    =               0.93
loop_entropy    =               0.00
cis_bond        =               1.12
disulfide       =               -14.36
kn electrostatic=               0.00
partial covalent interactions = 0.00
Energy_Ionisation =             0.53
Entropy Complex =               0.00
-----------------------------------------------------------
Total          = 				  25.28

Now optimizing Residue THRA55
Optimize Residue ID= THRA55

BackHbond       =               -163.14
SideHbond       =               -16.92
Energy_VdW      =               -218.69
Electro         =               -6.78
Energy_SolvP    =               294.18
Energy_SolvH    =               -280.14
Energy_vdwclash =               23.89
energy_torsion  =               2.84
backbone_vdwclash=              178.06
Entropy_sidec   =               102.68
Entropy_mainc   =               299.05
water bonds     =               0.00
helix dipole    =               0.93
loop_entropy    =               0.00
cis_bond        =               1.12
disulfide       =               -14.36
kn electrostatic=               0.00
partial covalent interactions = 0.00
Energy_Ionisation =             0.53
Entropy Complex =               0.00
-----------------------------------------------------------
Total          = 				  25.18

Now optimizing Residue LEUA56
Optimize Residue ID= LEUA56

BackHbond       =               -163.14
SideHbond       =               -16.92
Energy_VdW      =               -218.68
Electro         =               -6.78
Energy_SolvP    =               294.16
Energy_SolvH    =               -280.14
Energy_vdwclash =               23.89
energy_torsion  =               2.84
backbone_vdwclash=              178.06
Entropy_sidec   =               102.68
Entropy_mainc   =               299.05
water bonds     =               0.00
helix dipole    =               0.93
loop_entropy    =               0.00
cis_bond        =               1.12
disulfide       =               -14.36
kn electrostatic=               0.00
partial covalent interactions = 0.00
Energy_Ionisation =             0.53
Entropy Complex =               0.00
-----------------------------------------------------------
Total          = 				  25.17

Now optimizing Residue GLNA57
Optimize Residue ID= GLNA57

BackHbond       =               -163.14
SideHbond       =               -16.92
Energy_VdW      =               -218.65
Electro         =               -6.78
Energy_SolvP    =               294.11
Energy_SolvH    =               -280.12
Energy_vdwclash =               23.89
energy_torsion  =               2.84
backbone_vdwclash=              178.06
Entropy_sidec   =               102.66
Entropy_mainc   =               299.03
water bonds     =               0.00
helix dipole    =               0.93
loop_entropy    =               0.00
cis_bond        =               1.12
disulfide       =               -14.36
kn electrostatic=               0.00
partial covalent interactions = 0.00
Energy_Ionisation =             0.53
Entropy Complex =               0.00
-----------------------------------------------------------
Total          = 				  25.13

Now optimizing Residue PROA58
Optimize Residue ID= PROA58

BackHbond       =               -163.14
SideHbond       =               -16.92
Energy_VdW      =               -218.65
Electro         =               -6.78
Energy_SolvP    =               294.11
Energy_SolvH    =               -280.12
Energy_vdwclash =               23.89
energy_torsion  =               2.84
backbone_vdwclash=              178.06
Entropy_sidec   =               102.66
Entropy_mainc   =               299.03
water bonds     =               0.00
helix dipole    =               0.93
loop_entropy    =               0.00
cis_bond        =               1.12
disulfide       =               -14.36
kn electrostatic=               0.00
partial covalent interactions = 0.00
Energy_Ionisation =             0.53
Entropy Complex =               0.00
-----------------------------------------------------------
Total          = 				  25.13

Now optimizing Residue LYSA61
Optimize Residue ID= LYSA61

BackHbond       =               -163.13
SideHbond       =               -16.91
Energy_VdW      =               -218.64
Electro         =               -6.77
Energy_SolvP    =               294.04
Energy_SolvH    =               -280.10
Energy_vdwclash =               23.54
energy_torsion  =               2.84
backbone_vdwclash=              178.06
Entropy_sidec   =               102.67
Entropy_mainc   =               299.03
water bonds     =               0.00
helix dipole    =               0.93
loop_entropy    =               0.00
cis_bond        =               1.12
disulfide       =               -14.36
kn electrostatic=               0.00
partial covalent interactions = 0.00
Energy_Ionisation =             0.53
Entropy Complex =               0.00
-----------------------------------------------------------
Total          = 				  24.79

Now optimizing Residue ASNA62
Optimize Residue ID= ASNA62

BackHbond       =               -163.13
SideHbond       =               -16.91
Energy_VdW      =               -218.64
Electro         =               -6.77
Energy_SolvP    =               294.04
Energy_SolvH    =               -280.10
Energy_vdwclash =               23.54
energy_torsion  =               2.84
backbone_vdwclash=              178.06
Entropy_sidec   =               102.67
Entropy_mainc   =               299.03
water bonds     =               0.00
helix dipole    =               0.93
loop_entropy    =               0.00
cis_bond        =               1.12
disulfide       =               -14.36
kn electrostatic=               0.00
partial covalent interactions = 0.00
Energy_Ionisation =             0.53
Entropy Complex =               0.00
-----------------------------------------------------------
Total          = 				  24.79

Now optimizing Residue VALA63
Optimize Residue ID= VALA63

BackHbond       =               -163.13
SideHbond       =               -16.91
Energy_VdW      =               -218.63
Electro         =               -6.77
Energy_SolvP    =               294.00
Energy_SolvH    =               -280.09
Energy_vdwclash =               23.54
energy_torsion  =               2.84
backbone_vdwclash=              178.06
Entropy_sidec   =               102.67
Entropy_mainc   =               299.03
water bonds     =               0.00
helix dipole    =               0.93
loop_entropy    =               0.00
cis_bond        =               1.12
disulfide       =               -14.36
kn electrostatic=               0.00
partial covalent interactions = 0.00
Energy_Ionisation =             0.53
Entropy Complex =               0.00
-----------------------------------------------------------
Total          = 				  24.76

Now optimizing Residue CYSA64
Optimize Residue ID= CYSA64

BackHbond       =               -163.13
SideHbond       =               -16.91
Energy_VdW      =               -218.63
Electro         =               -6.77
Energy_SolvP    =               294.00
Energy_SolvH    =               -280.09
Energy_vdwclash =               23.54
energy_torsion  =               2.84
backbone_vdwclash=              178.06
Entropy_sidec   =               102.67
Entropy_mainc   =               299.03
water bonds     =               0.00
helix dipole    =               0.93
loop_entropy    =               0.00
cis_bond        =               1.12
disulfide       =               -14.36
kn electrostatic=               0.00
partial covalent interactions = 0.00
Energy_Ionisation =             0.53
Entropy Complex =               0.00
-----------------------------------------------------------
Total          = 				  24.76

Now optimizing Residue TYRA65
Optimize Residue ID= TYRA65

BackHbond       =               -163.13
SideHbond       =               -16.91
Energy_VdW      =               -218.63
Electro         =               -6.77
Energy_SolvP    =               294.00
Energy_SolvH    =               -280.09
Energy_vdwclash =               23.52
energy_torsion  =               2.83
backbone_vdwclash=              178.06
Entropy_sidec   =               102.67
Entropy_mainc   =               299.02
water bonds     =               0.00
helix dipole    =               0.93
loop_entropy    =               0.00
cis_bond        =               1.12
disulfide       =               -14.36
kn electrostatic=               0.00
partial covalent interactions = 0.00
Energy_Ionisation =             0.53
Entropy Complex =               0.00
-----------------------------------------------------------
Total          = 				  24.74

Now optimizing Residue ASPA66
Optimize Residue ID= ASPA66

BackHbond       =               -163.13
SideHbond       =               -16.91
Energy_VdW      =               -218.63
Electro         =               -6.78
Energy_SolvP    =               294.00
Energy_SolvH    =               -280.10
Energy_vdwclash =               23.52
energy_torsion  =               2.83
backbone_vdwclash=              178.06
Entropy_sidec   =               102.68
Entropy_mainc   =               299.02
water bonds     =               0.00
helix dipole    =               0.93
loop_entropy    =               0.00
cis_bond        =               1.12
disulfide       =               -14.36
kn electrostatic=               0.00
partial covalent interactions = 0.00
Energy_Ionisation =             0.53
Entropy Complex =               0.00
-----------------------------------------------------------
Total          = 				  24.73

Now optimizing Residue HISA67
Optimize Residue ID= HISA67

BackHbond       =               -163.13
SideHbond       =               -16.91
Energy_VdW      =               -218.65
Electro         =               -6.76
Energy_SolvP    =               294.02
Energy_SolvH    =               -280.13
Energy_vdwclash =               23.52
energy_torsion  =               2.83
backbone_vdwclash=              178.06
Entropy_sidec   =               102.68
Entropy_mainc   =               299.02
water bonds     =               0.00
helix dipole    =               0.92
loop_entropy    =               0.00
cis_bond        =               1.12
disulfide       =               -14.36
kn electrostatic=               0.00
partial covalent interactions = 0.00
Energy_Ionisation =             0.53
Entropy Complex =               0.00
-----------------------------------------------------------
Total          = 				  24.70

Now optimizing Residue TYRA68
Optimize Residue ID= TYRA68

BackHbond       =               -163.14
SideHbond       =               -16.91
Energy_VdW      =               -218.70
Electro         =               -6.76
Energy_SolvP    =               294.05
Energy_SolvH    =               -280.21
Energy_vdwclash =               23.52
energy_torsion  =               2.83
backbone_vdwclash=              178.07
Entropy_sidec   =               102.69
Entropy_mainc   =               299.04
water bonds     =               0.00
helix dipole    =               0.92
loop_entropy    =               0.00
cis_bond        =               1.12
disulfide       =               -14.36
kn electrostatic=               0.00
partial covalent interactions = 0.00
Energy_Ionisation =             0.53
Entropy Complex =               0.00
-----------------------------------------------------------
Total          = 				  24.62

Now optimizing Residue PHEA69
Optimize Residue ID= PHEA69

BackHbond       =               -163.14
SideHbond       =               -16.91
Energy_VdW      =               -218.77
Electro         =               -6.76
Energy_SolvP    =               294.04
Energy_SolvH    =               -280.33
Energy_vdwclash =               22.85
energy_torsion  =               2.83
backbone_vdwclash=              178.08
Entropy_sidec   =               102.68
Entropy_mainc   =               299.04
water bonds     =               0.00
helix dipole    =               0.92
loop_entropy    =               0.00
cis_bond        =               1.12
disulfide       =               -14.36
kn electrostatic=               0.00
partial covalent interactions = 0.00
Energy_Ionisation =             0.53
Entropy Complex =               0.00
-----------------------------------------------------------
Total          = 				  23.75

Now optimizing Residue PROA70
Optimize Residue ID= PROA70

BackHbond       =               -163.14
SideHbond       =               -16.91
Energy_VdW      =               -218.77
Electro         =               -6.76
Energy_SolvP    =               294.04
Energy_SolvH    =               -280.34
Energy_vdwclash =               22.85
energy_torsion  =               2.83
backbone_vdwclash=              178.07
Entropy_sidec   =               102.68
Entropy_mainc   =               299.04
water bonds     =               0.00
helix dipole    =               0.92
loop_entropy    =               0.00
cis_bond        =               1.12
disulfide       =               -14.36
kn electrostatic=               0.00
partial covalent interactions = 0.00
Energy_Ionisation =             0.53
Entropy Complex =               0.00
-----------------------------------------------------------
Total          = 				  23.75

Now optimizing Residue SERA72
Optimize Residue ID= SERA72

BackHbond       =               -163.14
SideHbond       =               -16.92
Energy_VdW      =               -218.77
Electro         =               -6.76
Energy_SolvP    =               294.04
Energy_SolvH    =               -280.34
Energy_vdwclash =               22.85
energy_torsion  =               2.83
backbone_vdwclash=              178.07
Entropy_sidec   =               102.68
Entropy_mainc   =               299.04
water bonds     =               0.00
helix dipole    =               0.92
loop_entropy    =               0.00
cis_bond        =               1.12
disulfide       =               -14.36
kn electrostatic=               0.00
partial covalent interactions = 0.00
Energy_Ionisation =             0.53
Entropy Complex =               0.00
-----------------------------------------------------------
Total          = 				  23.74

Now optimizing Residue H2SA73
Optimize Residue ID= H2SA73

BackHbond       =               -163.14
SideHbond       =               -16.92
Energy_VdW      =               -218.77
Electro         =               -6.76
Energy_SolvP    =               294.01
Energy_SolvH    =               -280.34
Energy_vdwclash =               22.85
energy_torsion  =               2.83
backbone_vdwclash=              178.07
Entropy_sidec   =               102.68
Entropy_mainc   =               299.04
water bonds     =               0.00
helix dipole    =               0.92
loop_entropy    =               0.00
cis_bond        =               1.12
disulfide       =               -14.36
kn electrostatic=               0.00
partial covalent interactions = 0.00
Energy_Ionisation =             0.52
Entropy Complex =               0.00
-----------------------------------------------------------
Total          = 				  23.71

Now optimizing Residue ILEA74
Optimize Residue ID= ILEA74

BackHbond       =               -163.14
SideHbond       =               -16.92
Energy_VdW      =               -218.76
Electro         =               -6.76
Energy_SolvP    =               294.00
Energy_SolvH    =               -280.34
Energy_vdwclash =               22.70
energy_torsion  =               2.84
backbone_vdwclash=              178.07
Entropy_sidec   =               102.68
Entropy_mainc   =               299.04
water bonds     =               0.00
helix dipole    =               0.92
loop_entropy    =               0.00
cis_bond        =               1.12
disulfide       =               -14.36
kn electrostatic=               0.00
partial covalent interactions = 0.00
Energy_Ionisation =             0.52
Entropy Complex =               0.00
-----------------------------------------------------------
Total          = 				  23.56

Now optimizing Residue ARGA75
Optimize Residue ID= ARGA75

BackHbond       =               -163.14
SideHbond       =               -16.92
Energy_VdW      =               -218.75
Electro         =               -6.74
Energy_SolvP    =               293.95
Energy_SolvH    =               -280.34
Energy_vdwclash =               22.70
energy_torsion  =               2.84
backbone_vdwclash=              178.07
Entropy_sidec   =               102.68
Entropy_mainc   =               299.04
water bonds     =               0.00
helix dipole    =               0.92
loop_entropy    =               0.00
cis_bond        =               1.12
disulfide       =               -14.36
kn electrostatic=               0.00
partial covalent interactions = 0.00
Energy_Ionisation =             0.52
Entropy Complex =               0.00
-----------------------------------------------------------
Total          = 				  23.53

Now optimizing Residue LEUA79
Optimize Residue ID= LEUA79

BackHbond       =               -163.14
SideHbond       =               -16.92
Energy_VdW      =               -218.75
Electro         =               -6.74
Energy_SolvP    =               293.95
Energy_SolvH    =               -280.34
Energy_vdwclash =               22.70
energy_torsion  =               2.84
backbone_vdwclash=              178.07
Entropy_sidec   =               102.68
Entropy_mainc   =               299.04
water bonds     =               0.00
helix dipole    =               0.92
loop_entropy    =               0.00
cis_bond        =               1.12
disulfide       =               -14.36
kn electrostatic=               0.00
partial covalent interactions = 0.00
Energy_Ionisation =             0.52
Entropy Complex =               0.00
-----------------------------------------------------------
Total          = 				  23.53

Now optimizing Residue GLNA80
Optimize Residue ID= GLNA80

BackHbond       =               -163.13
SideHbond       =               -18.07
Energy_VdW      =               -218.75
Electro         =               -6.73
Energy_SolvP    =               293.94
Energy_SolvH    =               -280.35
Energy_vdwclash =               22.56
energy_torsion  =               2.84
backbone_vdwclash=              178.10
Entropy_sidec   =               102.97
Entropy_mainc   =               299.04
water bonds     =               0.00
helix dipole    =               0.92
loop_entropy    =               0.00
cis_bond        =               1.12
disulfide       =               -14.36
kn electrostatic=               0.00
partial covalent interactions = 0.00
Energy_Ionisation =             0.52
Entropy Complex =               0.00
-----------------------------------------------------------
Total          = 				  22.52

Now optimizing Residue ILEA82
Optimize Residue ID= ILEA82

BackHbond       =               -163.14
SideHbond       =               -18.07
Energy_VdW      =               -218.78
Electro         =               -6.73
Energy_SolvP    =               293.94
Energy_SolvH    =               -280.41
Energy_vdwclash =               22.56
energy_torsion  =               2.84
backbone_vdwclash=              178.11
Entropy_sidec   =               103.00
Entropy_mainc   =               299.04
water bonds     =               0.00
helix dipole    =               0.92
loop_entropy    =               0.00
cis_bond        =               1.12
disulfide       =               -14.36
kn electrostatic=               0.00
partial covalent interactions = 0.00
Energy_Ionisation =             0.52
Entropy Complex =               0.00
-----------------------------------------------------------
Total          = 				  22.45

Now optimizing Residue PHEA83
Optimize Residue ID= PHEA83

BackHbond       =               -163.14
SideHbond       =               -18.07
Energy_VdW      =               -218.82
Electro         =               -6.73
Energy_SolvP    =               293.94
Energy_SolvH    =               -280.49
Energy_vdwclash =               22.58
energy_torsion  =               2.84
backbone_vdwclash=              178.11
Entropy_sidec   =               103.03
Entropy_mainc   =               299.04
water bonds     =               0.00
helix dipole    =               0.92
loop_entropy    =               0.00
cis_bond        =               1.12
disulfide       =               -14.36
kn electrostatic=               0.00
partial covalent interactions = 0.00
Energy_Ionisation =             0.52
Entropy Complex =               0.00
-----------------------------------------------------------
Total          = 				  22.39

Now optimizing Residue VALA84
Optimize Residue ID= VALA84

BackHbond       =               -163.14
SideHbond       =               -18.07
Energy_VdW      =               -218.86
Electro         =               -6.73
Energy_SolvP    =               293.96
Energy_SolvH    =               -280.57
Energy_vdwclash =               22.56
energy_torsion  =               2.84
backbone_vdwclash=              178.11
Entropy_sidec   =               103.03
Entropy_mainc   =               299.04
water bonds     =               0.00
helix dipole    =               0.92
loop_entropy    =               0.00
cis_bond        =               1.12
disulfide       =               -14.36
kn electrostatic=               0.00
partial covalent interactions = 0.00
Energy_Ionisation =             0.52
Entropy Complex =               0.00
-----------------------------------------------------------
Total          = 				  22.27

Now optimizing Residue SERA85
Optimize Residue ID= SERA85

BackHbond       =               -163.14
SideHbond       =               -18.07
Energy_VdW      =               -218.86
Electro         =               -6.73
Energy_SolvP    =               293.96
Energy_SolvH    =               -280.58
Energy_vdwclash =               22.56
energy_torsion  =               2.84
backbone_vdwclash=              178.11
Entropy_sidec   =               103.03
Entropy_mainc   =               299.04
water bonds     =               0.00
helix dipole    =               0.92
loop_entropy    =               0.00
cis_bond        =               1.12
disulfide       =               -14.36
kn electrostatic=               0.00
partial covalent interactions = 0.00
Energy_Ionisation =             0.52
Entropy Complex =               0.00
-----------------------------------------------------------
Total          = 				  22.26

Now optimizing Residue THRA86
Optimize Residue ID= THRA86

BackHbond       =               -163.11
SideHbond       =               -18.06
Energy_VdW      =               -218.85
Electro         =               -6.73
Energy_SolvP    =               293.92
Energy_SolvH    =               -280.58
Energy_vdwclash =               22.54
energy_torsion  =               2.82
backbone_vdwclash=              178.11
Entropy_sidec   =               103.02
Entropy_mainc   =               299.04
water bonds     =               0.00
helix dipole    =               0.92
loop_entropy    =               0.00
cis_bond        =               1.12
disulfide       =               -14.36
kn electrostatic=               0.00
partial covalent interactions = 0.00
Energy_Ionisation =             0.52
Entropy Complex =               0.00
-----------------------------------------------------------
Total          = 				  22.22

Now optimizing Residue LEUA89
Optimize Residue ID= LEUA89

BackHbond       =               -163.11
SideHbond       =               -18.06
Energy_VdW      =               -218.86
Electro         =               -6.73
Energy_SolvP    =               293.93
Energy_SolvH    =               -280.60
Energy_vdwclash =               22.54
energy_torsion  =               2.82
backbone_vdwclash=              178.11
Entropy_sidec   =               103.02
Entropy_mainc   =               299.04
water bonds     =               0.00
helix dipole    =               0.92
loop_entropy    =               0.00
cis_bond        =               1.12
disulfide       =               -14.36
kn electrostatic=               0.00
partial covalent interactions = 0.00
Energy_Ionisation =             0.52
Entropy Complex =               0.00
-----------------------------------------------------------
Total          = 				  22.20

Now optimizing Residue LEUA90
Optimize Residue ID= LEUA90

BackHbond       =               -163.13
SideHbond       =               -18.06
Energy_VdW      =               -218.90
Electro         =               -6.73
Energy_SolvP    =               293.96
Energy_SolvH    =               -280.67
Energy_vdwclash =               22.54
energy_torsion  =               2.82
backbone_vdwclash=              178.11
Entropy_sidec   =               103.04
Entropy_mainc   =               299.04
water bonds     =               0.00
helix dipole    =               0.92
loop_entropy    =               0.00
cis_bond        =               1.12
disulfide       =               -14.36
kn electrostatic=               0.00
partial covalent interactions = 0.00
Energy_Ionisation =             0.52
Entropy Complex =               0.00
-----------------------------------------------------------
Total          = 				  22.13

Now optimizing Residue VALA91
Optimize Residue ID= VALA91

BackHbond       =               -163.13
SideHbond       =               -18.06
Energy_VdW      =               -218.92
Electro         =               -6.73
Energy_SolvP    =               293.96
Energy_SolvH    =               -280.72
Energy_vdwclash =               22.54
energy_torsion  =               2.83
backbone_vdwclash=              178.11
Entropy_sidec   =               103.04
Entropy_mainc   =               299.04
water bonds     =               0.00
helix dipole    =               0.92
loop_entropy    =               0.00
cis_bond        =               1.12
disulfide       =               -14.36
kn electrostatic=               0.00
partial covalent interactions = 0.00
Energy_Ionisation =             0.52
Entropy Complex =               0.00
-----------------------------------------------------------
Total          = 				  22.06

Now optimizing Residue META93
Optimize Residue ID= META93

BackHbond       =               -163.13
SideHbond       =               -18.06
Energy_VdW      =               -218.92
Electro         =               -6.73
Energy_SolvP    =               293.96
Energy_SolvH    =               -280.72
Energy_vdwclash =               22.54
energy_torsion  =               2.83
backbone_vdwclash=              178.11
Entropy_sidec   =               103.04
Entropy_mainc   =               299.04
water bonds     =               0.00
helix dipole    =               0.92
loop_entropy    =               0.00
cis_bond        =               1.12
disulfide       =               -14.36
kn electrostatic=               0.00
partial covalent interactions = 0.00
Energy_Ionisation =             0.52
Entropy Complex =               0.00
-----------------------------------------------------------
Total          = 				  22.05

Now optimizing Residue H2SA94
Optimize Residue ID= H2SA94

BackHbond       =               -163.13
SideHbond       =               -18.10
Energy_VdW      =               -218.94
Electro         =               -6.73
Energy_SolvP    =               293.99
Energy_SolvH    =               -280.74
Energy_vdwclash =               22.56
energy_torsion  =               2.83
backbone_vdwclash=              178.12
Entropy_sidec   =               103.04
Entropy_mainc   =               299.04
water bonds     =               0.00
helix dipole    =               0.92
loop_entropy    =               0.00
cis_bond        =               1.12
disulfide       =               -14.36
kn electrostatic=               0.00
partial covalent interactions = 0.00
Energy_Ionisation =             0.53
Entropy Complex =               0.00
-----------------------------------------------------------
Total          = 				  22.02

Now optimizing Residue VALA95
Optimize Residue ID= VALA95

BackHbond       =               -163.13
SideHbond       =               -18.10
Energy_VdW      =               -218.96
Electro         =               -6.73
Energy_SolvP    =               294.03
Energy_SolvH    =               -280.76
Energy_vdwclash =               22.56
energy_torsion  =               2.82
backbone_vdwclash=              178.19
Entropy_sidec   =               103.04
Entropy_mainc   =               299.04
water bonds     =               0.00
helix dipole    =               0.92
loop_entropy    =               0.00
cis_bond        =               1.12
disulfide       =               -14.36
kn electrostatic=               0.00
partial covalent interactions = 0.00
Energy_Ionisation =             0.53
Entropy Complex =               0.00
-----------------------------------------------------------
Total          = 				  22.01

Now optimizing Residue TYRA97
Optimize Residue ID= TYRA97

BackHbond       =               -163.14
SideHbond       =               -18.10
Energy_VdW      =               -219.01
Electro         =               -6.73
Energy_SolvP    =               294.05
Energy_SolvH    =               -280.83
Energy_vdwclash =               22.56
energy_torsion  =               2.82
backbone_vdwclash=              178.20
Entropy_sidec   =               103.08
Entropy_mainc   =               299.04
water bonds     =               0.00
helix dipole    =               0.92
loop_entropy    =               0.00
cis_bond        =               1.12
disulfide       =               -14.36
kn electrostatic=               0.00
partial covalent interactions = 0.00
Energy_Ionisation =             0.53
Entropy Complex =               0.00
-----------------------------------------------------------
Total          = 				  21.94

Now optimizing Residue ARGA98
Optimize Residue ID= ARGA98

BackHbond       =               -163.14
SideHbond       =               -18.10
Energy_VdW      =               -218.82
Electro         =               -6.75
Energy_SolvP    =               293.71
Energy_SolvH    =               -280.70
Energy_vdwclash =               22.55
energy_torsion  =               2.81
backbone_vdwclash=              178.17
Entropy_sidec   =               102.99
Entropy_mainc   =               299.04
water bonds     =               0.00
helix dipole    =               0.89
loop_entropy    =               0.00
cis_bond        =               1.12
disulfide       =               -14.36
kn electrostatic=               0.00
partial covalent interactions = 0.00
Energy_Ionisation =             0.52
Entropy Complex =               0.00
-----------------------------------------------------------
Total          = 				  21.77

Now optimizing Residue ARGA99
Optimize Residue ID= ARGA99

BackHbond       =               -163.02
SideHbond       =               -17.98
Energy_VdW      =               -218.70
Electro         =               -6.75
Energy_SolvP    =               293.44
Energy_SolvH    =               -280.62
Energy_vdwclash =               22.57
energy_torsion  =               2.81
backbone_vdwclash=              178.06
Entropy_sidec   =               102.79
Entropy_mainc   =               298.88
water bonds     =               0.00
helix dipole    =               0.91
loop_entropy    =               0.00
cis_bond        =               1.12
disulfide       =               -14.36
kn electrostatic=               0.00
partial covalent interactions = 0.00
Energy_Ionisation =             0.52
Entropy Complex =               0.00
-----------------------------------------------------------
Total          = 				  21.60

Now optimizing Residue H1SA100
Optimize Residue ID= H1SA100

BackHbond       =               -163.04
SideHbond       =               -17.98
Energy_VdW      =               -218.74
Electro         =               -6.75
Energy_SolvP    =               293.48
Energy_SolvH    =               -280.66
Energy_vdwclash =               22.57
energy_torsion  =               2.81
backbone_vdwclash=              178.11
Entropy_sidec   =               102.81
Entropy_mainc   =               298.88
water bonds     =               0.00
helix dipole    =               0.91
loop_entropy    =               0.00
cis_bond        =               1.12
disulfide       =               -14.36
kn electrostatic=               0.00
partial covalent interactions = 0.00
Energy_Ionisation =             0.52
Entropy Complex =               0.00
-----------------------------------------------------------
Total          = 				  21.57

Now optimizing Residue GLUA101
Optimize Residue ID= GLUA101

BackHbond       =               -163.06
SideHbond       =               -18.01
Energy_VdW      =               -218.76
Electro         =               -6.74
Energy_SolvP    =               293.49
Energy_SolvH    =               -280.71
Energy_vdwclash =               22.57
energy_torsion  =               2.81
backbone_vdwclash=              178.14
Entropy_sidec   =               102.84
Entropy_mainc   =               298.88
water bonds     =               0.00
helix dipole    =               0.91
loop_entropy    =               0.00
cis_bond        =               1.12
disulfide       =               -14.36
kn electrostatic=               0.00
partial covalent interactions = 0.00
Energy_Ionisation =             0.52
Entropy Complex =               0.00
-----------------------------------------------------------
Total          = 				  21.50

Now optimizing Residue LYSA102
Optimize Residue ID= LYSA102

BackHbond       =               -163.06
SideHbond       =               -18.01
Energy_VdW      =               -218.73
Electro         =               -6.69
Energy_SolvP    =               293.26
Energy_SolvH    =               -280.67
Energy_vdwclash =               22.57
energy_torsion  =               2.81
backbone_vdwclash=              178.19
Entropy_sidec   =               102.76
Entropy_mainc   =               298.88
water bonds     =               0.00
helix dipole    =               0.91
loop_entropy    =               0.00
cis_bond        =               1.12
disulfide       =               -14.36
kn electrostatic=               0.00
partial covalent interactions = 0.00
Energy_Ionisation =             0.52
Entropy Complex =               0.00
-----------------------------------------------------------
Total          = 				  21.32

Now optimizing Residue LYSA103
Optimize Residue ID= LYSA103

BackHbond       =               -163.06
SideHbond       =               -18.01
Energy_VdW      =               -218.77
Electro         =               -6.69
Energy_SolvP    =               293.25
Energy_SolvH    =               -280.77
Energy_vdwclash =               22.57
energy_torsion  =               2.81
backbone_vdwclash=              178.19
Entropy_sidec   =               102.79
Entropy_mainc   =               298.89
water bonds     =               0.00
helix dipole    =               0.91
loop_entropy    =               0.00
cis_bond        =               1.12
disulfide       =               -14.36
kn electrostatic=               0.00
partial covalent interactions = 0.00
Energy_Ionisation =             0.52
Entropy Complex =               0.00
-----------------------------------------------------------
Total          = 				  21.20

Now optimizing Residue ARGA104
Optimize Residue ID= ARGA104

BackHbond       =               -163.06
SideHbond       =               -18.01
Energy_VdW      =               -218.77
Electro         =               -6.70
Energy_SolvP    =               293.23
Energy_SolvH    =               -280.77
Energy_vdwclash =               22.57
energy_torsion  =               2.81
backbone_vdwclash=              178.19
Entropy_sidec   =               102.78
Entropy_mainc   =               298.89
water bonds     =               0.00
helix dipole    =               0.91
loop_entropy    =               0.00
cis_bond        =               1.12
disulfide       =               -14.36
kn electrostatic=               0.00
partial covalent interactions = 0.00
Energy_Ionisation =             0.52
Entropy Complex =               0.00
-----------------------------------------------------------
Total          = 				  21.17

Now optimizing Residue LYSA105
Optimize Residue ID= LYSA105

BackHbond       =               -163.06
SideHbond       =               -18.01
Energy_VdW      =               -218.78
Electro         =               -6.70
Energy_SolvP    =               293.22
Energy_SolvH    =               -280.80
Energy_vdwclash =               22.57
energy_torsion  =               2.81
backbone_vdwclash=              178.20
Entropy_sidec   =               102.80
Entropy_mainc   =               298.89
water bonds     =               0.00
helix dipole    =               0.91
loop_entropy    =               0.00
cis_bond        =               1.12
disulfide       =               -14.36
kn electrostatic=               0.00
partial covalent interactions = 0.00
Energy_Ionisation =             0.52
Entropy Complex =               0.00
-----------------------------------------------------------
Total          = 				  21.13

Now optimizing Residue PHEA106
Optimize Residue ID= PHEA106

BackHbond       =               -163.06
SideHbond       =               -18.01
Energy_VdW      =               -218.82
Electro         =               -6.70
Energy_SolvP    =               293.25
Energy_SolvH    =               -280.85
Energy_vdwclash =               22.57
energy_torsion  =               2.81
backbone_vdwclash=              178.20
Entropy_sidec   =               102.80
Entropy_mainc   =               298.89
water bonds     =               0.00
helix dipole    =               0.91
loop_entropy    =               0.00
cis_bond        =               1.12
disulfide       =               -14.36
kn electrostatic=               0.00
partial covalent interactions = 0.00
Energy_Ionisation =             0.52
Entropy Complex =               0.00
-----------------------------------------------------------
Total          = 				  21.08

Now optimizing Residue ILEA107
Optimize Residue ID= ILEA107

BackHbond       =               -163.06
SideHbond       =               -18.01
Energy_VdW      =               -218.83
Electro         =               -6.70
Energy_SolvP    =               293.25
Energy_SolvH    =               -280.87
Energy_vdwclash =               22.57
energy_torsion  =               2.81
backbone_vdwclash=              178.20
Entropy_sidec   =               102.81
Entropy_mainc   =               298.89
water bonds     =               0.00
helix dipole    =               0.91
loop_entropy    =               0.00
cis_bond        =               1.12
disulfide       =               -14.36
kn electrostatic=               0.00
partial covalent interactions = 0.00
Energy_Ionisation =             0.52
Entropy Complex =               0.00
-----------------------------------------------------------
Total          = 				  21.06

Now optimizing Residue LYSA108
Optimize Residue ID= LYSA108

BackHbond       =               -163.04
SideHbond       =               -18.01
Energy_VdW      =               -218.76
Electro         =               -6.73
Energy_SolvP    =               293.10
Energy_SolvH    =               -280.81
Energy_vdwclash =               22.57
energy_torsion  =               2.81
backbone_vdwclash=              178.17
Entropy_sidec   =               102.75
Entropy_mainc   =               298.89
water bonds     =               0.00
helix dipole    =               0.91
loop_entropy    =               0.00
cis_bond        =               1.12
disulfide       =               -14.36
kn electrostatic=               0.00
partial covalent interactions = 0.00
Energy_Ionisation =             0.52
Entropy Complex =               0.00
-----------------------------------------------------------
Total          = 				  20.96

Now optimizing Residue GLUA110
Optimize Residue ID= GLUA110

BackHbond       =               -163.04
SideHbond       =               -18.01
Energy_VdW      =               -218.74
Electro         =               -6.71
Energy_SolvP    =               293.00
Energy_SolvH    =               -280.79
Energy_vdwclash =               22.57
energy_torsion  =               2.81
backbone_vdwclash=              178.17
Entropy_sidec   =               102.71
Entropy_mainc   =               298.89
water bonds     =               0.00
helix dipole    =               0.90
loop_entropy    =               0.00
cis_bond        =               1.12
disulfide       =               -14.36
kn electrostatic=               0.00
partial covalent interactions = 0.00
Energy_Ionisation =             0.52
Entropy Complex =               0.00
-----------------------------------------------------------
Total          = 				  20.88

Now optimizing Residue ILEA111
Optimize Residue ID= ILEA111

BackHbond       =               -163.04
SideHbond       =               -18.01
Energy_VdW      =               -218.74
Electro         =               -6.71
Energy_SolvP    =               293.00
Energy_SolvH    =               -280.80
Energy_vdwclash =               22.57
energy_torsion  =               2.69
backbone_vdwclash=              178.17
Entropy_sidec   =               102.71
Entropy_mainc   =               298.89
water bonds     =               0.00
helix dipole    =               0.90
loop_entropy    =               0.00
cis_bond        =               1.12
disulfide       =               -14.36
kn electrostatic=               0.00
partial covalent interactions = 0.00
Energy_Ionisation =             0.52
Entropy Complex =               0.00
-----------------------------------------------------------
Total          = 				  20.76

Now optimizing Residue LYSA112
Optimize Residue ID= LYSA112

BackHbond       =               -163.04
SideHbond       =               -18.01
Energy_VdW      =               -218.74
Electro         =               -6.71
Energy_SolvP    =               292.97
Energy_SolvH    =               -280.81
Energy_vdwclash =               22.57
energy_torsion  =               2.69
backbone_vdwclash=              178.17
Entropy_sidec   =               102.72
Entropy_mainc   =               298.89
water bonds     =               0.00
helix dipole    =               0.91
loop_entropy    =               0.00
cis_bond        =               1.12
disulfide       =               -14.36
kn electrostatic=               0.00
partial covalent interactions = 0.00
Energy_Ionisation =             0.52
Entropy Complex =               0.00
-----------------------------------------------------------
Total          = 				  20.72

Now optimizing Residue SERA113
Optimize Residue ID= SERA113

BackHbond       =               -163.04
SideHbond       =               -18.01
Energy_VdW      =               -218.74
Electro         =               -6.71
Energy_SolvP    =               292.97
Energy_SolvH    =               -280.81
Energy_vdwclash =               22.57
energy_torsion  =               2.69
backbone_vdwclash=              178.17
Entropy_sidec   =               102.72
Entropy_mainc   =               298.89
water bonds     =               0.00
helix dipole    =               0.91
loop_entropy    =               0.00
cis_bond        =               1.12
disulfide       =               -14.36
kn electrostatic=               0.00
partial covalent interactions = 0.00
Energy_Ionisation =             0.52
Entropy Complex =               0.00
-----------------------------------------------------------
Total          = 				  20.72

Now optimizing Residue GLUA114
Optimize Residue ID= GLUA114

BackHbond       =               -163.04
SideHbond       =               -18.01
Energy_VdW      =               -218.74
Electro         =               -6.71
Energy_SolvP    =               292.96
Energy_SolvH    =               -280.81
Energy_vdwclash =               22.57
energy_torsion  =               2.69
backbone_vdwclash=              178.17
Entropy_sidec   =               102.72
Entropy_mainc   =               298.88
water bonds     =               0.00
helix dipole    =               0.91
loop_entropy    =               0.00
cis_bond        =               1.12
disulfide       =               -14.36
kn electrostatic=               0.00
partial covalent interactions = 0.00
Energy_Ionisation =             0.52
Entropy Complex =               0.00
-----------------------------------------------------------
Total          = 				  20.70

Now optimizing Residue LYSA116
Optimize Residue ID= LYSA116

BackHbond       =               -163.04
SideHbond       =               -18.01
Energy_VdW      =               -218.73
Electro         =               -6.69
Energy_SolvP    =               292.91
Energy_SolvH    =               -280.81
Energy_vdwclash =               22.57
energy_torsion  =               2.69
backbone_vdwclash=              178.16
Entropy_sidec   =               102.69
Entropy_mainc   =               298.88
water bonds     =               0.00
helix dipole    =               0.91
loop_entropy    =               0.00
cis_bond        =               1.12
disulfide       =               -14.36
kn electrostatic=               0.00
partial covalent interactions = 0.00
Energy_Ionisation =             0.52
Entropy Complex =               0.00
-----------------------------------------------------------
Total          = 				  20.66

Now optimizing Residue ASPA117
Optimize Residue ID= ASPA117

BackHbond       =               -163.04
SideHbond       =               -18.01
Energy_VdW      =               -218.72
Electro         =               -6.69
Energy_SolvP    =               292.89
Energy_SolvH    =               -280.81
Energy_vdwclash =               22.49
energy_torsion  =               2.69
backbone_vdwclash=              178.17
Entropy_sidec   =               102.69
Entropy_mainc   =               298.88
water bonds     =               0.00
helix dipole    =               0.91
loop_entropy    =               0.00
cis_bond        =               1.12
disulfide       =               -14.36
kn electrostatic=               0.00
partial covalent interactions = 0.00
Energy_Ionisation =             0.52
Entropy Complex =               0.00
-----------------------------------------------------------
Total          = 				  20.56

Now optimizing Residue ILEA118
Optimize Residue ID= ILEA118

BackHbond       =               -163.04
SideHbond       =               -18.01
Energy_VdW      =               -218.74
Electro         =               -6.69
Energy_SolvP    =               292.90
Energy_SolvH    =               -280.84
Energy_vdwclash =               22.49
energy_torsion  =               2.70
backbone_vdwclash=              178.17
Entropy_sidec   =               102.70
Entropy_mainc   =               298.88
water bonds     =               0.00
helix dipole    =               0.91
loop_entropy    =               0.00
cis_bond        =               1.12
disulfide       =               -14.36
kn electrostatic=               0.00
partial covalent interactions = 0.00
Energy_Ionisation =             0.52
Entropy Complex =               0.00
-----------------------------------------------------------
Total          = 				  20.53

Now optimizing Residue GLUA119
Optimize Residue ID= GLUA119

BackHbond       =               -163.04
SideHbond       =               -18.01
Energy_VdW      =               -218.75
Electro         =               -6.68
Energy_SolvP    =               292.90
Energy_SolvH    =               -280.86
Energy_vdwclash =               22.49
energy_torsion  =               2.70
backbone_vdwclash=              178.17
Entropy_sidec   =               102.70
Entropy_mainc   =               298.88
water bonds     =               0.00
helix dipole    =               0.91
loop_entropy    =               0.00
cis_bond        =               1.12
disulfide       =               -14.36
kn electrostatic=               0.00
partial covalent interactions = 0.00
Energy_Ionisation =             0.52
Entropy Complex =               0.00
-----------------------------------------------------------
Total          = 				  20.51

Now optimizing Residue GLUA120
Optimize Residue ID= GLUA120

BackHbond       =               -163.07
SideHbond       =               -18.04
Energy_VdW      =               -218.78
Electro         =               -6.69
Energy_SolvP    =               292.93
Energy_SolvH    =               -280.91
Energy_vdwclash =               22.49
energy_torsion  =               2.69
backbone_vdwclash=              178.17
Entropy_sidec   =               102.74
Entropy_mainc   =               298.88
water bonds     =               0.00
helix dipole    =               0.91
loop_entropy    =               0.00
cis_bond        =               1.12
disulfide       =               -14.36
kn electrostatic=               0.00
partial covalent interactions = 0.00
Energy_Ionisation =             0.52
Entropy Complex =               0.00
-----------------------------------------------------------
Total          = 				  20.45

Now optimizing Residue LYSA122
Optimize Residue ID= LYSA122

BackHbond       =               -163.07
SideHbond       =               -18.04
Energy_VdW      =               -218.80
Electro         =               -6.70
Energy_SolvP    =               292.94
Energy_SolvH    =               -280.94
Energy_vdwclash =               22.49
energy_torsion  =               2.70
backbone_vdwclash=              178.18
Entropy_sidec   =               102.78
Entropy_mainc   =               298.89
water bonds     =               0.00
helix dipole    =               0.89
loop_entropy    =               0.00
cis_bond        =               1.12
disulfide       =               -14.36
kn electrostatic=               0.00
partial covalent interactions = 0.00
Energy_Ionisation =             0.52
Entropy Complex =               0.00
-----------------------------------------------------------
Total          = 				  20.42

Now optimizing Residue THRA123
Optimize Residue ID= THRA123

BackHbond       =               -163.13
SideHbond       =               -18.09
Energy_VdW      =               -218.80
Electro         =               -6.70
Energy_SolvP    =               292.94
Energy_SolvH    =               -280.94
Energy_vdwclash =               22.49
energy_torsion  =               2.73
backbone_vdwclash=              178.18
Entropy_sidec   =               102.82
Entropy_mainc   =               298.89
water bonds     =               0.00
helix dipole    =               0.89
loop_entropy    =               0.00
cis_bond        =               1.12
disulfide       =               -14.36
kn electrostatic=               0.00
partial covalent interactions = 0.00
Energy_Ionisation =             0.52
Entropy Complex =               0.00
-----------------------------------------------------------
Total          = 				  20.39

Now optimizing Residue GLNA124
Optimize Residue ID= GLNA124

BackHbond       =               -163.13
SideHbond       =               -18.09
Energy_VdW      =               -218.80
Electro         =               -6.70
Energy_SolvP    =               292.93
Energy_SolvH    =               -280.95
Energy_vdwclash =               22.49
energy_torsion  =               2.73
backbone_vdwclash=              178.18
Entropy_sidec   =               102.82
Entropy_mainc   =               298.89
water bonds     =               0.00
helix dipole    =               0.89
loop_entropy    =               0.00
cis_bond        =               1.12
disulfide       =               -14.36
kn electrostatic=               0.00
partial covalent interactions = 0.00
Energy_Ionisation =             0.52
Entropy Complex =               0.00
-----------------------------------------------------------
Total          = 				  20.37

Now optimizing Residue LYSA125
Optimize Residue ID= LYSA125

BackHbond       =               -163.13
SideHbond       =               -18.09
Energy_VdW      =               -218.80
Electro         =               -6.71
Energy_SolvP    =               292.94
Energy_SolvH    =               -280.95
Energy_vdwclash =               22.49
energy_torsion  =               2.73
backbone_vdwclash=              178.18
Entropy_sidec   =               102.82
Entropy_mainc   =               298.89
water bonds     =               0.00
helix dipole    =               0.89
loop_entropy    =               0.00
cis_bond        =               1.12
disulfide       =               -14.36
kn electrostatic=               0.00
partial covalent interactions = 0.00
Energy_Ionisation =             0.52
Entropy Complex =               0.00
-----------------------------------------------------------
Total          = 				  20.36

Now optimizing Residue VALA126
Optimize Residue ID= VALA126

BackHbond       =               -163.13
SideHbond       =               -18.09
Energy_VdW      =               -218.80
Electro         =               -6.71
Energy_SolvP    =               292.94
Energy_SolvH    =               -280.94
Energy_vdwclash =               22.39
energy_torsion  =               2.74
backbone_vdwclash=              178.18
Entropy_sidec   =               102.81
Entropy_mainc   =               298.89
water bonds     =               0.00
helix dipole    =               0.89
loop_entropy    =               0.00
cis_bond        =               1.12
disulfide       =               -14.36
kn electrostatic=               0.00
partial covalent interactions = 0.00
Energy_Ionisation =             0.52
Entropy Complex =               0.00
-----------------------------------------------------------
Total          = 				  20.28

Now optimizing Residue ARGA127
Optimize Residue ID= ARGA127

BackHbond       =               -163.13
SideHbond       =               -18.09
Energy_VdW      =               -218.80
Electro         =               -6.70
Energy_SolvP    =               292.92
Energy_SolvH    =               -280.94
Energy_vdwclash =               22.39
energy_torsion  =               2.74
backbone_vdwclash=              178.18
Entropy_sidec   =               102.81
Entropy_mainc   =               298.89
water bonds     =               0.00
helix dipole    =               0.89
loop_entropy    =               0.00
cis_bond        =               1.12
disulfide       =               -14.36
kn electrostatic=               0.00
partial covalent interactions = 0.00
Energy_Ionisation =             0.52
Entropy Complex =               0.00
-----------------------------------------------------------
Total          = 				  20.26

Now optimizing Residue ILEA128
Optimize Residue ID= ILEA128

BackHbond       =               -163.12
SideHbond       =               -18.09
Energy_VdW      =               -218.83
Electro         =               -6.70
Energy_SolvP    =               292.92
Energy_SolvH    =               -281.02
Energy_vdwclash =               22.39
energy_torsion  =               2.74
backbone_vdwclash=              178.16
Entropy_sidec   =               102.82
Entropy_mainc   =               298.89
water bonds     =               0.00
helix dipole    =               0.89
loop_entropy    =               0.00
cis_bond        =               1.12
disulfide       =               -14.36
kn electrostatic=               0.00
partial covalent interactions = 0.00
Energy_Ionisation =             0.52
Entropy Complex =               0.00
-----------------------------------------------------------
Total          = 				  20.18

Now optimizing Residue GLUA129
Optimize Residue ID= GLUA129

BackHbond       =               -163.12
SideHbond       =               -18.09
Energy_VdW      =               -218.81
Electro         =               -6.68
Energy_SolvP    =               292.87
Energy_SolvH    =               -281.01
Energy_vdwclash =               22.39
energy_torsion  =               2.74
backbone_vdwclash=              178.16
Entropy_sidec   =               102.79
Entropy_mainc   =               298.89
water bonds     =               0.00
helix dipole    =               0.89
loop_entropy    =               0.00
cis_bond        =               1.12
disulfide       =               -14.36
kn electrostatic=               0.00
partial covalent interactions = 0.00
Energy_Ionisation =             0.52
Entropy Complex =               0.00
-----------------------------------------------------------
Total          = 				  20.15

Now optimizing Residue SERA131
Optimize Residue ID= SERA131

BackHbond       =               -163.12
SideHbond       =               -18.09
Energy_VdW      =               -218.81
Electro         =               -6.68
Energy_SolvP    =               292.88
Energy_SolvH    =               -281.01
Energy_vdwclash =               22.39
energy_torsion  =               2.73
backbone_vdwclash=              178.16
Entropy_sidec   =               102.80
Entropy_mainc   =               298.89
water bonds     =               0.00
helix dipole    =               0.89
loop_entropy    =               0.00
cis_bond        =               1.12
disulfide       =               -14.36
kn electrostatic=               0.00
partial covalent interactions = 0.00
Energy_Ionisation =             0.52
Entropy Complex =               0.00
-----------------------------------------------------------
Total          = 				  20.14

Now optimizing Residue TRPA133
Optimize Residue ID= TRPA133

BackHbond       =               -163.12
SideHbond       =               -18.09
Energy_VdW      =               -218.84
Electro         =               -6.68
Energy_SolvP    =               292.85
Energy_SolvH    =               -281.06
Energy_vdwclash =               22.39
energy_torsion  =               2.73
backbone_vdwclash=              178.20
Entropy_sidec   =               102.80
Entropy_mainc   =               298.89
water bonds     =               0.00
helix dipole    =               0.89
loop_entropy    =               0.00
cis_bond        =               1.12
disulfide       =               -14.36
kn electrostatic=               0.00
partial covalent interactions = 0.00
Energy_Ionisation =             0.52
Entropy Complex =               0.00
-----------------------------------------------------------
Total          = 				  20.04

Now optimizing Residue TRPA134
Optimize Residue ID= TRPA134

BackHbond       =               -163.12
SideHbond       =               -18.09
Energy_VdW      =               -218.86
Electro         =               -6.68
Energy_SolvP    =               292.83
Energy_SolvH    =               -281.12
Energy_vdwclash =               22.39
energy_torsion  =               2.72
backbone_vdwclash=              178.17
Entropy_sidec   =               102.81
Entropy_mainc   =               298.89
water bonds     =               0.00
helix dipole    =               0.89
loop_entropy    =               0.00
cis_bond        =               1.12
disulfide       =               -14.36
kn electrostatic=               0.00
partial covalent interactions = 0.00
Energy_Ionisation =             0.52
Entropy Complex =               0.00
-----------------------------------------------------------
Total          = 				  19.96

Now optimizing Residue THRA135
Optimize Residue ID= THRA135

BackHbond       =               -163.12
SideHbond       =               -18.09
Energy_VdW      =               -218.87
Electro         =               -6.68
Energy_SolvP    =               292.84
Energy_SolvH    =               -281.13
Energy_vdwclash =               22.39
energy_torsion  =               2.73
backbone_vdwclash=              178.17
Entropy_sidec   =               102.81
Entropy_mainc   =               298.89
water bonds     =               0.00
helix dipole    =               0.89
loop_entropy    =               0.00
cis_bond        =               1.12
disulfide       =               -14.36
kn electrostatic=               0.00
partial covalent interactions = 0.00
Energy_Ionisation =             0.52
Entropy Complex =               0.00
-----------------------------------------------------------
Total          = 				  19.95

Now optimizing Residue THRA137
Optimize Residue ID= THRA137

BackHbond       =               -163.12
SideHbond       =               -18.09
Energy_VdW      =               -218.86
Electro         =               -6.68
Energy_SolvP    =               292.83
Energy_SolvH    =               -281.12
Energy_vdwclash =               22.16
energy_torsion  =               2.73
backbone_vdwclash=              178.17
Entropy_sidec   =               102.81
Entropy_mainc   =               298.89
water bonds     =               0.00
helix dipole    =               0.89
loop_entropy    =               0.00
cis_bond        =               1.12
disulfide       =               -14.36
kn electrostatic=               0.00
partial covalent interactions = 0.00
Energy_Ionisation =             0.52
Entropy Complex =               0.00
-----------------------------------------------------------
Total          = 				  19.72

Now optimizing Residue SERA138
Optimize Residue ID= SERA138

BackHbond       =               -163.12
SideHbond       =               -18.09
Energy_VdW      =               -218.86
Electro         =               -6.68
Energy_SolvP    =               292.82
Energy_SolvH    =               -281.12
Energy_vdwclash =               22.16
energy_torsion  =               2.73
backbone_vdwclash=              178.17
Entropy_sidec   =               102.81
Entropy_mainc   =               298.89
water bonds     =               0.00
helix dipole    =               0.89
loop_entropy    =               0.00
cis_bond        =               1.12
disulfide       =               -14.36
kn electrostatic=               0.00
partial covalent interactions = 0.00
Energy_Ionisation =             0.52
Entropy Complex =               0.00
-----------------------------------------------------------
Total          = 				  19.71

Now optimizing Residue SERA139
Optimize Residue ID= SERA139

BackHbond       =               -163.16
SideHbond       =               -18.12
Energy_VdW      =               -218.86
Electro         =               -6.68
Energy_SolvP    =               292.82
Energy_SolvH    =               -281.12
Energy_vdwclash =               22.16
energy_torsion  =               2.73
backbone_vdwclash=              178.17
Entropy_sidec   =               102.81
Entropy_mainc   =               298.89
water bonds     =               0.00
helix dipole    =               0.89
loop_entropy    =               0.00
cis_bond        =               1.12
disulfide       =               -14.36
kn electrostatic=               0.00
partial covalent interactions = 0.00
Energy_Ionisation =             0.52
Entropy Complex =               0.00
-----------------------------------------------------------
Total          = 				  19.63

Now optimizing Residue PHEA141
Optimize Residue ID= PHEA141

BackHbond       =               -163.16
SideHbond       =               -18.12
Energy_VdW      =               -218.90
Electro         =               -6.68
Energy_SolvP    =               292.82
Energy_SolvH    =               -281.19
Energy_vdwclash =               21.97
energy_torsion  =               2.73
backbone_vdwclash=              178.17
Entropy_sidec   =               102.85
Entropy_mainc   =               298.89
water bonds     =               0.00
helix dipole    =               0.89
loop_entropy    =               0.00
cis_bond        =               1.12
disulfide       =               -14.36
kn electrostatic=               0.00
partial covalent interactions = 0.00
Energy_Ionisation =             0.52
Entropy Complex =               0.00
-----------------------------------------------------------
Total          = 				  19.38

Now optimizing Residue PHEA142
Optimize Residue ID= PHEA142

BackHbond       =               -163.16
SideHbond       =               -18.12
Energy_VdW      =               -218.94
Electro         =               -6.68
Energy_SolvP    =               292.83
Energy_SolvH    =               -281.27
Energy_vdwclash =               21.97
energy_torsion  =               2.73
backbone_vdwclash=              178.17
Entropy_sidec   =               102.88
Entropy_mainc   =               298.89
water bonds     =               0.00
helix dipole    =               0.89
loop_entropy    =               0.00
cis_bond        =               1.12
disulfide       =               -14.36
kn electrostatic=               0.00
partial covalent interactions = 0.00
Energy_Ionisation =             0.52
Entropy Complex =               0.00
-----------------------------------------------------------
Total          = 				  19.29

Now optimizing Residue ARGA143
Optimize Residue ID= ARGA143

BackHbond       =               -163.17
SideHbond       =               -18.13
Energy_VdW      =               -218.96
Electro         =               -6.70
Energy_SolvP    =               292.89
Energy_SolvH    =               -281.28
Energy_vdwclash =               20.40
energy_torsion  =               2.72
backbone_vdwclash=              178.18
Entropy_sidec   =               102.87
Entropy_mainc   =               298.89
water bonds     =               0.00
helix dipole    =               0.91
loop_entropy    =               0.00
cis_bond        =               1.12
disulfide       =               -14.36
kn electrostatic=               0.00
partial covalent interactions = 0.00
Energy_Ionisation =             0.52
Entropy Complex =               0.00
-----------------------------------------------------------
Total          = 				  17.74

Now optimizing Residue VALA144
Optimize Residue ID= VALA144

BackHbond       =               -163.17
SideHbond       =               -18.13
Energy_VdW      =               -218.96
Electro         =               -6.70
Energy_SolvP    =               292.89
Energy_SolvH    =               -281.28
Energy_vdwclash =               20.40
energy_torsion  =               2.72
backbone_vdwclash=              178.18
Entropy_sidec   =               102.87
Entropy_mainc   =               298.89
water bonds     =               0.00
helix dipole    =               0.91
loop_entropy    =               0.00
cis_bond        =               1.12
disulfide       =               -14.36
kn electrostatic=               0.00
partial covalent interactions = 0.00
Energy_Ionisation =             0.52
Entropy Complex =               0.00
-----------------------------------------------------------
Total          = 				  17.74

Now optimizing Residue ILEA145
Optimize Residue ID= ILEA145

BackHbond       =               -163.16
SideHbond       =               -18.13
Energy_VdW      =               -218.93
Electro         =               -6.70
Energy_SolvP    =               292.89
Energy_SolvH    =               -281.22
Energy_vdwclash =               20.16
energy_torsion  =               2.75
backbone_vdwclash=              178.18
Entropy_sidec   =               102.84
Entropy_mainc   =               298.89
water bonds     =               0.00
helix dipole    =               0.91
loop_entropy    =               0.00
cis_bond        =               1.12
disulfide       =               -14.36
kn electrostatic=               0.00
partial covalent interactions = 0.00
Energy_Ionisation =             0.52
Entropy Complex =               0.00
-----------------------------------------------------------
Total          = 				  17.58

Now optimizing Residue PHEA146
Optimize Residue ID= PHEA146

BackHbond       =               -163.18
SideHbond       =               -18.13
Energy_VdW      =               -218.94
Electro         =               -6.70
Energy_SolvP    =               292.91
Energy_SolvH    =               -281.23
Energy_vdwclash =               20.16
energy_torsion  =               2.75
backbone_vdwclash=              178.21
Entropy_sidec   =               102.84
Entropy_mainc   =               298.89
water bonds     =               0.00
helix dipole    =               0.91
loop_entropy    =               0.00
cis_bond        =               1.12
disulfide       =               -14.36
kn electrostatic=               0.00
partial covalent interactions = 0.00
Energy_Ionisation =             0.52
Entropy Complex =               0.00
-----------------------------------------------------------
Total          = 				  17.56

Now optimizing Residue GLUA147
Optimize Residue ID= GLUA147

BackHbond       =               -163.18
SideHbond       =               -18.19
Energy_VdW      =               -218.94
Electro         =               -6.70
Energy_SolvP    =               292.88
Energy_SolvH    =               -281.22
Energy_vdwclash =               19.76
energy_torsion  =               2.75
backbone_vdwclash=              178.22
Entropy_sidec   =               102.84
Entropy_mainc   =               298.89
water bonds     =               0.00
helix dipole    =               0.91
loop_entropy    =               0.00
cis_bond        =               1.12
disulfide       =               -14.36
kn electrostatic=               0.00
partial covalent interactions = 0.00
Energy_Ionisation =             0.52
Entropy Complex =               0.00
-----------------------------------------------------------
Total          = 				  17.10

Now optimizing Residue META151
Optimize Residue ID= META151

BackHbond       =               -163.18
SideHbond       =               -18.19
Energy_VdW      =               -218.94
Electro         =               -6.70
Energy_SolvP    =               292.86
Energy_SolvH    =               -281.26
Energy_vdwclash =               19.76
energy_torsion  =               2.75
backbone_vdwclash=              178.22
Entropy_sidec   =               102.85
Entropy_mainc   =               298.89
water bonds     =               0.00
helix dipole    =               0.91
loop_entropy    =               0.00
cis_bond        =               1.12
disulfide       =               -14.36
kn electrostatic=               0.00
partial covalent interactions = 0.00
Energy_Ionisation =             0.52
Entropy Complex =               0.00
-----------------------------------------------------------
Total          = 				  17.04

Now optimizing Residue TYRA152
Optimize Residue ID= TYRA152

BackHbond       =               -163.19
SideHbond       =               -18.19
Energy_VdW      =               -218.95
Electro         =               -6.70
Energy_SolvP    =               292.87
Energy_SolvH    =               -281.27
Energy_vdwclash =               19.76
energy_torsion  =               2.75
backbone_vdwclash=              178.22
Entropy_sidec   =               102.86
Entropy_mainc   =               298.89
water bonds     =               0.00
helix dipole    =               0.91
loop_entropy    =               0.00
cis_bond        =               1.12
disulfide       =               -14.36
kn electrostatic=               0.00
partial covalent interactions = 0.00
Energy_Ionisation =             0.52
Entropy Complex =               0.00
-----------------------------------------------------------
Total          = 				  17.03

Now optimizing Residue VALA153
Optimize Residue ID= VALA153

BackHbond       =               -163.19
SideHbond       =               -18.19
Energy_VdW      =               -218.95
Electro         =               -6.70
Energy_SolvP    =               292.87
Energy_SolvH    =               -281.27
Energy_vdwclash =               19.76
energy_torsion  =               2.75
backbone_vdwclash=              178.23
Entropy_sidec   =               102.86
Entropy_mainc   =               298.89
water bonds     =               0.00
helix dipole    =               0.91
loop_entropy    =               0.00
cis_bond        =               1.12
disulfide       =               -14.36
kn electrostatic=               0.00
partial covalent interactions = 0.00
Energy_Ionisation =             0.52
Entropy Complex =               0.00
-----------------------------------------------------------
Total          = 				  17.03

Now optimizing Residue PHEA154
Optimize Residue ID= PHEA154

BackHbond       =               -163.19
SideHbond       =               -18.19
Energy_VdW      =               -218.95
Electro         =               -6.69
Energy_SolvP    =               292.89
Energy_SolvH    =               -281.25
Energy_vdwclash =               19.58
energy_torsion  =               2.60
backbone_vdwclash=              178.25
Entropy_sidec   =               102.84
Entropy_mainc   =               298.88
water bonds     =               0.00
helix dipole    =               0.91
loop_entropy    =               0.00
cis_bond        =               1.12
disulfide       =               -14.36
kn electrostatic=               0.00
partial covalent interactions = 0.00
Energy_Ionisation =             0.52
Entropy Complex =               0.00
-----------------------------------------------------------
Total          = 				  16.72

Now optimizing Residue TYRA155
Optimize Residue ID= TYRA155

BackHbond       =               -163.19
SideHbond       =               -18.19
Energy_VdW      =               -218.98
Electro         =               -6.69
Energy_SolvP    =               292.89
Energy_SolvH    =               -281.32
Energy_vdwclash =               19.58
energy_torsion  =               2.60
backbone_vdwclash=              178.24
Entropy_sidec   =               102.85
Entropy_mainc   =               298.90
water bonds     =               0.00
helix dipole    =               0.91
loop_entropy    =               0.00
cis_bond        =               1.12
disulfide       =               -14.36
kn electrostatic=               0.00
partial covalent interactions = 0.00
Energy_Ionisation =             0.52
Entropy Complex =               0.00
-----------------------------------------------------------
Total          = 				  16.66

Now optimizing Residue VALA156
Optimize Residue ID= VALA156

BackHbond       =               -163.19
SideHbond       =               -18.19
Energy_VdW      =               -218.99
Electro         =               -6.69
Energy_SolvP    =               292.89
Energy_SolvH    =               -281.33
Energy_vdwclash =               19.58
energy_torsion  =               2.60
backbone_vdwclash=              178.24
Entropy_sidec   =               102.86
Entropy_mainc   =               298.90
water bonds     =               0.00
helix dipole    =               0.91
loop_entropy    =               0.00
cis_bond        =               1.12
disulfide       =               -14.36
kn electrostatic=               0.00
partial covalent interactions = 0.00
Energy_Ionisation =             0.52
Entropy Complex =               0.00
-----------------------------------------------------------
Total          = 				  16.65

Now optimizing Residue TYRA158
Optimize Residue ID= TYRA158

BackHbond       =               -163.19
SideHbond       =               -18.19
Energy_VdW      =               -218.98
Electro         =               -6.69
Energy_SolvP    =               292.83
Energy_SolvH    =               -281.35
Energy_vdwclash =               19.56
energy_torsion  =               2.60
backbone_vdwclash=              178.25
Entropy_sidec   =               102.87
Entropy_mainc   =               298.89
water bonds     =               0.00
helix dipole    =               0.91
loop_entropy    =               0.00
cis_bond        =               1.12
disulfide       =               -14.36
kn electrostatic=               0.00
partial covalent interactions = 0.00
Energy_Ionisation =             0.52
Entropy Complex =               0.00
-----------------------------------------------------------
Total          = 				  16.54

Now optimizing Residue ASPA159
Optimize Residue ID= ASPA159

BackHbond       =               -163.19
SideHbond       =               -18.19
Energy_VdW      =               -218.98
Electro         =               -6.69
Energy_SolvP    =               292.81
Energy_SolvH    =               -281.35
Energy_vdwclash =               19.56
energy_torsion  =               2.60
backbone_vdwclash=              178.25
Entropy_sidec   =               102.87
Entropy_mainc   =               298.89
water bonds     =               0.00
helix dipole    =               0.91
loop_entropy    =               0.00
cis_bond        =               1.12
disulfide       =               -14.36
kn electrostatic=               0.00
partial covalent interactions = 0.00
Energy_Ionisation =             0.52
Entropy Complex =               0.00
-----------------------------------------------------------
Total          = 				  16.53

Now optimizing Residue PHEA161
Optimize Residue ID= PHEA161

BackHbond       =               -163.19
SideHbond       =               -18.19
Energy_VdW      =               -218.95
Electro         =               -6.68
Energy_SolvP    =               292.81
Energy_SolvH    =               -281.28
Energy_vdwclash =               19.25
energy_torsion  =               2.60
backbone_vdwclash=              178.25
Entropy_sidec   =               102.85
Entropy_mainc   =               298.89
water bonds     =               0.00
helix dipole    =               0.91
loop_entropy    =               0.00
cis_bond        =               1.12
disulfide       =               -14.36
kn electrostatic=               0.00
partial covalent interactions = 0.00
Energy_Ionisation =             0.52
Entropy Complex =               0.00
-----------------------------------------------------------
Total          = 				  16.31

Now optimizing Residue SERA162
Optimize Residue ID= SERA162

BackHbond       =               -163.19
SideHbond       =               -18.19
Energy_VdW      =               -218.95
Electro         =               -6.68
Energy_SolvP    =               292.81
Energy_SolvH    =               -281.28
Energy_vdwclash =               19.25
energy_torsion  =               2.60
backbone_vdwclash=              178.25
Entropy_sidec   =               102.85
Entropy_mainc   =               298.89
water bonds     =               0.00
helix dipole    =               0.91
loop_entropy    =               0.00
cis_bond        =               1.12
disulfide       =               -14.36
kn electrostatic=               0.00
partial covalent interactions = 0.00
Energy_Ionisation =             0.52
Entropy Complex =               0.00
-----------------------------------------------------------
Total          = 				  16.31

Now optimizing Residue META163
Optimize Residue ID= META163

BackHbond       =               -163.19
SideHbond       =               -18.19
Energy_VdW      =               -218.92
Electro         =               -6.67
Energy_SolvP    =               292.71
Energy_SolvH    =               -281.26
Energy_vdwclash =               18.66
energy_torsion  =               2.60
backbone_vdwclash=              178.25
Entropy_sidec   =               102.84
Entropy_mainc   =               298.89
water bonds     =               0.00
helix dipole    =               0.91
loop_entropy    =               0.00
cis_bond        =               1.12
disulfide       =               -14.36
kn electrostatic=               0.00
partial covalent interactions = 0.00
Energy_Ionisation =             0.52
Entropy Complex =               0.00
-----------------------------------------------------------
Total          = 				  15.66

Now optimizing Residue GLNA164
Optimize Residue ID= GLNA164

BackHbond       =               -163.19
SideHbond       =               -18.19
Energy_VdW      =               -218.92
Electro         =               -6.67
Energy_SolvP    =               292.69
Energy_SolvH    =               -281.25
Energy_vdwclash =               18.66
energy_torsion  =               2.60
backbone_vdwclash=              178.25
Entropy_sidec   =               102.83
Entropy_mainc   =               298.89
water bonds     =               0.00
helix dipole    =               0.91
loop_entropy    =               0.00
cis_bond        =               1.12
disulfide       =               -14.36
kn electrostatic=               0.00
partial covalent interactions = 0.00
Energy_Ionisation =             0.52
Entropy Complex =               0.00
-----------------------------------------------------------
Total          = 				  15.66

Now optimizing Residue ARGA165
Optimize Residue ID= ARGA165

BackHbond       =               -163.19
SideHbond       =               -18.19
Energy_VdW      =               -218.93
Electro         =               -6.67
Energy_SolvP    =               292.69
Energy_SolvH    =               -281.27
Energy_vdwclash =               18.66
energy_torsion  =               2.60
backbone_vdwclash=              178.25
Entropy_sidec   =               102.83
Entropy_mainc   =               298.90
water bonds     =               0.00
helix dipole    =               0.91
loop_entropy    =               0.00
cis_bond        =               1.12
disulfide       =               -14.36
kn electrostatic=               0.00
partial covalent interactions = 0.00
Energy_Ionisation =             0.52
Entropy Complex =               0.00
-----------------------------------------------------------
Total          = 				  15.64

Now optimizing Residue LEUA166
Optimize Residue ID= LEUA166

BackHbond       =               -163.19
SideHbond       =               -18.19
Energy_VdW      =               -218.92
Electro         =               -6.67
Energy_SolvP    =               292.65
Energy_SolvH    =               -281.28
Energy_vdwclash =               18.66
energy_torsion  =               2.60
backbone_vdwclash=              178.25
Entropy_sidec   =               102.84
Entropy_mainc   =               298.89
water bonds     =               0.00
helix dipole    =               0.91
loop_entropy    =               0.00
cis_bond        =               1.12
disulfide       =               -14.36
kn electrostatic=               0.00
partial covalent interactions = 0.00
Energy_Ionisation =             0.52
Entropy Complex =               0.00
-----------------------------------------------------------
Total          = 				  15.58

Now optimizing Residue LYSA168
Optimize Residue ID= LYSA168

BackHbond       =               -163.19
SideHbond       =               -18.19
Energy_VdW      =               -218.94
Electro         =               -6.69
Energy_SolvP    =               292.66
Energy_SolvH    =               -281.31
Energy_vdwclash =               18.66
energy_torsion  =               2.60
backbone_vdwclash=              178.25
Entropy_sidec   =               102.86
Entropy_mainc   =               298.89
water bonds     =               0.00
helix dipole    =               0.91
loop_entropy    =               0.00
cis_bond        =               1.12
disulfide       =               -14.36
kn electrostatic=               0.00
partial covalent interactions = 0.00
Energy_Ionisation =             0.52
Entropy Complex =               0.00
-----------------------------------------------------------
Total          = 				  15.55

Now optimizing Residue ASNA170
Optimize Residue ID= ASNA170

BackHbond       =               -163.19
SideHbond       =               -18.19
Energy_VdW      =               -218.93
Electro         =               -6.69
Energy_SolvP    =               292.62
Energy_SolvH    =               -281.31
Energy_vdwclash =               18.66
energy_torsion  =               2.60
backbone_vdwclash=              178.25
Entropy_sidec   =               102.85
Entropy_mainc   =               298.89
water bonds     =               0.00
helix dipole    =               0.91
loop_entropy    =               0.00
cis_bond        =               1.12
disulfide       =               -14.36
kn electrostatic=               0.00
partial covalent interactions = 0.00
Energy_Ionisation =             0.52
Entropy Complex =               0.00
-----------------------------------------------------------
Total          = 				  15.52

Now optimizing Residue TRPA172
Optimize Residue ID= TRPA172

BackHbond       =               -163.19
SideHbond       =               -18.19
Energy_VdW      =               -218.94
Electro         =               -6.69
Energy_SolvP    =               292.62
Energy_SolvH    =               -281.34
Energy_vdwclash =               18.66
energy_torsion  =               2.60
backbone_vdwclash=              178.25
Entropy_sidec   =               102.86
Entropy_mainc   =               298.89
water bonds     =               0.00
helix dipole    =               0.91
loop_entropy    =               0.00
cis_bond        =               1.12
disulfide       =               -14.36
kn electrostatic=               0.00
partial covalent interactions = 0.00
Energy_Ionisation =             0.52
Entropy Complex =               0.00
-----------------------------------------------------------
Total          = 				  15.49

Now optimizing Residue PROA173
Optimize Residue ID= PROA173

BackHbond       =               -163.19
SideHbond       =               -18.19
Energy_VdW      =               -218.94
Electro         =               -6.69
Energy_SolvP    =               292.62
Energy_SolvH    =               -281.34
Energy_vdwclash =               18.66
energy_torsion  =               2.60
backbone_vdwclash=              178.25
Entropy_sidec   =               102.86
Entropy_mainc   =               298.89
water bonds     =               0.00
helix dipole    =               0.91
loop_entropy    =               0.00
cis_bond        =               1.12
disulfide       =               -14.36
kn electrostatic=               0.00
partial covalent interactions = 0.00
Energy_Ionisation =             0.52
Entropy Complex =               0.00
-----------------------------------------------------------
Total          = 				  15.49

Now optimizing Residue CYSA174
Optimize Residue ID= CYSA174

BackHbond       =               -163.19
SideHbond       =               -18.19
Energy_VdW      =               -218.94
Electro         =               -6.69
Energy_SolvP    =               292.62
Energy_SolvH    =               -281.34
Energy_vdwclash =               18.66
energy_torsion  =               2.60
backbone_vdwclash=              178.25
Entropy_sidec   =               102.86
Entropy_mainc   =               298.89
water bonds     =               0.00
helix dipole    =               0.91
loop_entropy    =               0.00
cis_bond        =               1.12
disulfide       =               -14.36
kn electrostatic=               0.00
partial covalent interactions = 0.00
Energy_Ionisation =             0.52
Entropy Complex =               0.00
-----------------------------------------------------------
Total          = 				  15.49

Now optimizing Residue PROA175
Optimize Residue ID= PROA175

BackHbond       =               -163.19
SideHbond       =               -18.19
Energy_VdW      =               -218.94
Electro         =               -6.69
Energy_SolvP    =               292.62
Energy_SolvH    =               -281.35
Energy_vdwclash =               18.66
energy_torsion  =               2.60
backbone_vdwclash=              178.25
Entropy_sidec   =               102.86
Entropy_mainc   =               298.89
water bonds     =               0.00
helix dipole    =               0.91
loop_entropy    =               0.00
cis_bond        =               1.12
disulfide       =               -14.36
kn electrostatic=               0.00
partial covalent interactions = 0.00
Energy_Ionisation =             0.52
Entropy Complex =               0.00
-----------------------------------------------------------
Total          = 				  15.48

Now optimizing Residue ASNA176
Optimize Residue ID= ASNA176

BackHbond       =               -163.19
SideHbond       =               -18.19
Energy_VdW      =               -218.94
Electro         =               -6.69
Energy_SolvP    =               292.62
Energy_SolvH    =               -281.35
Energy_vdwclash =               18.66
energy_torsion  =               2.60
backbone_vdwclash=              178.25
Entropy_sidec   =               102.86
Entropy_mainc   =               298.89
water bonds     =               0.00
helix dipole    =               0.91
loop_entropy    =               0.00
cis_bond        =               1.12
disulfide       =               -14.36
kn electrostatic=               0.00
partial covalent interactions = 0.00
Energy_Ionisation =             0.52
Entropy Complex =               0.00
-----------------------------------------------------------
Total          = 				  15.48

Now optimizing Residue THRA177
Optimize Residue ID= THRA177

BackHbond       =               -163.19
SideHbond       =               -18.19
Energy_VdW      =               -218.95
Electro         =               -6.69
Energy_SolvP    =               292.63
Energy_SolvH    =               -281.36
Energy_vdwclash =               18.66
energy_torsion  =               2.60
backbone_vdwclash=              178.25
Entropy_sidec   =               102.86
Entropy_mainc   =               298.89
water bonds     =               0.00
helix dipole    =               0.91
loop_entropy    =               0.00
cis_bond        =               1.12
disulfide       =               -14.36
kn electrostatic=               0.00
partial covalent interactions = 0.00
Energy_Ionisation =             0.52
Entropy Complex =               0.00
-----------------------------------------------------------
Total          = 				  15.47

Now optimizing Residue ASPA179
Optimize Residue ID= ASPA179

BackHbond       =               -163.19
SideHbond       =               -18.19
Energy_VdW      =               -218.95
Electro         =               -6.69
Energy_SolvP    =               292.61
Energy_SolvH    =               -281.36
Energy_vdwclash =               18.66
energy_torsion  =               2.60
backbone_vdwclash=              178.25
Entropy_sidec   =               102.87
Entropy_mainc   =               298.89
water bonds     =               0.00
helix dipole    =               0.91
loop_entropy    =               0.00
cis_bond        =               1.12
disulfide       =               -14.36
kn electrostatic=               0.00
partial covalent interactions = 0.00
Energy_Ionisation =             0.52
Entropy Complex =               0.00
-----------------------------------------------------------
Total          = 				  15.45

Now optimizing Residue PHEA181
Optimize Residue ID= PHEA181

BackHbond       =               -163.19
SideHbond       =               -18.19
Energy_VdW      =               -219.00
Electro         =               -6.70
Energy_SolvP    =               292.66
Energy_SolvH    =               -281.43
Energy_vdwclash =               18.66
energy_torsion  =               2.60
backbone_vdwclash=              178.24
Entropy_sidec   =               102.90
Entropy_mainc   =               298.89
water bonds     =               0.00
helix dipole    =               0.91
loop_entropy    =               0.00
cis_bond        =               1.12
disulfide       =               -14.36
kn electrostatic=               0.00
partial covalent interactions = 0.00
Energy_Ionisation =             0.52
Entropy Complex =               0.00
-----------------------------------------------------------
Total          = 				  15.39

Now optimizing Residue VALA182
Optimize Residue ID= VALA182

BackHbond       =               -163.19
SideHbond       =               -18.19
Energy_VdW      =               -219.01
Electro         =               -6.70
Energy_SolvP    =               292.65
Energy_SolvH    =               -281.46
Energy_vdwclash =               18.59
energy_torsion  =               2.60
backbone_vdwclash=              178.24
Entropy_sidec   =               102.90
Entropy_mainc   =               298.89
water bonds     =               0.00
helix dipole    =               0.91
loop_entropy    =               0.00
cis_bond        =               1.12
disulfide       =               -14.36
kn electrostatic=               0.00
partial covalent interactions = 0.00
Energy_Ionisation =             0.52
Entropy Complex =               0.00
-----------------------------------------------------------
Total          = 				  15.28

Now optimizing Residue SERA183
Optimize Residue ID= SERA183

BackHbond       =               -163.19
SideHbond       =               -18.18
Energy_VdW      =               -219.00
Electro         =               -6.70
Energy_SolvP    =               292.62
Energy_SolvH    =               -281.46
Energy_vdwclash =               18.59
energy_torsion  =               2.58
backbone_vdwclash=              178.24
Entropy_sidec   =               102.90
Entropy_mainc   =               298.89
water bonds     =               0.00
helix dipole    =               0.91
loop_entropy    =               0.00
cis_bond        =               1.12
disulfide       =               -14.36
kn electrostatic=               0.00
partial covalent interactions = 0.00
Energy_Ionisation =             0.52
Entropy Complex =               0.00
-----------------------------------------------------------
Total          = 				  15.23

Now optimizing Residue ARGA184
Optimize Residue ID= ARGA184

BackHbond       =               -163.19
SideHbond       =               -18.18
Energy_VdW      =               -218.96
Electro         =               -6.69
Energy_SolvP    =               292.49
Energy_SolvH    =               -281.45
Energy_vdwclash =               18.59
energy_torsion  =               2.58
backbone_vdwclash=              178.18
Entropy_sidec   =               102.87
Entropy_mainc   =               298.88
water bonds     =               0.00
helix dipole    =               0.91
loop_entropy    =               0.00
cis_bond        =               1.12
disulfide       =               -14.36
kn electrostatic=               0.00
partial covalent interactions = 0.00
Energy_Ionisation =             0.52
Entropy Complex =               0.00
-----------------------------------------------------------
Total          = 				  15.15

Now optimizing Residue THRA186
Optimize Residue ID= THRA186

BackHbond       =               -163.19
SideHbond       =               -18.18
Energy_VdW      =               -218.96
Electro         =               -6.69
Energy_SolvP    =               292.49
Energy_SolvH    =               -281.46
Energy_vdwclash =               18.59
energy_torsion  =               2.58
backbone_vdwclash=              178.18
Entropy_sidec   =               102.87
Entropy_mainc   =               298.88
water bonds     =               0.00
helix dipole    =               0.91
loop_entropy    =               0.00
cis_bond        =               1.12
disulfide       =               -14.36
kn electrostatic=               0.00
partial covalent interactions = 0.00
Energy_Ionisation =             0.52
Entropy Complex =               0.00
-----------------------------------------------------------
Total          = 				  15.14

Now optimizing Residue GLUA187
Optimize Residue ID= GLUA187

BackHbond       =               -163.19
SideHbond       =               -18.20
Energy_VdW      =               -218.96
Electro         =               -6.68
Energy_SolvP    =               292.44
Energy_SolvH    =               -281.47
Energy_vdwclash =               18.59
energy_torsion  =               2.58
backbone_vdwclash=              178.18
Entropy_sidec   =               102.89
Entropy_mainc   =               298.88
water bonds     =               0.00
helix dipole    =               0.91
loop_entropy    =               0.00
cis_bond        =               1.12
disulfide       =               -14.36
kn electrostatic=               0.00
partial covalent interactions = 0.00
Energy_Ionisation =             0.52
Entropy Complex =               0.00
-----------------------------------------------------------
Total          = 				  15.08

Now optimizing Residue LYSA188
Optimize Residue ID= LYSA188

BackHbond       =               -163.19
SideHbond       =               -18.24
Energy_VdW      =               -218.91
Electro         =               -6.67
Energy_SolvP    =               292.27
Energy_SolvH    =               -281.43
Energy_vdwclash =               18.59
energy_torsion  =               2.58
backbone_vdwclash=              178.18
Entropy_sidec   =               102.89
Entropy_mainc   =               298.88
water bonds     =               0.00
helix dipole    =               0.91
loop_entropy    =               0.00
cis_bond        =               1.12
disulfide       =               -14.36
kn electrostatic=               0.00
partial covalent interactions = 0.00
Energy_Ionisation =             0.52
Entropy Complex =               0.00
-----------------------------------------------------------
Total          = 				  14.97

Now optimizing Residue THRA189
Optimize Residue ID= THRA189

BackHbond       =               -163.19
SideHbond       =               -18.24
Energy_VdW      =               -218.91
Electro         =               -6.67
Energy_SolvP    =               292.27
Energy_SolvH    =               -281.44
Energy_vdwclash =               18.44
energy_torsion  =               2.59
backbone_vdwclash=              178.18
Entropy_sidec   =               102.89
Entropy_mainc   =               298.88
water bonds     =               0.00
helix dipole    =               0.91
loop_entropy    =               0.00
cis_bond        =               1.12
disulfide       =               -14.36
kn electrostatic=               0.00
partial covalent interactions = 0.00
Energy_Ionisation =             0.52
Entropy Complex =               0.00
-----------------------------------------------------------
Total          = 				  14.83

Now optimizing Residue VALA190
Optimize Residue ID= VALA190

BackHbond       =               -163.19
SideHbond       =               -18.24
Energy_VdW      =               -218.91
Electro         =               -6.67
Energy_SolvP    =               292.27
Energy_SolvH    =               -281.44
Energy_vdwclash =               18.44
energy_torsion  =               2.59
backbone_vdwclash=              178.18
Entropy_sidec   =               102.89
Entropy_mainc   =               298.88
water bonds     =               0.00
helix dipole    =               0.91
loop_entropy    =               0.00
cis_bond        =               1.12
disulfide       =               -14.36
kn electrostatic=               0.00
partial covalent interactions = 0.00
Energy_Ionisation =             0.52
Entropy Complex =               0.00
-----------------------------------------------------------
Total          = 				  14.83

Now optimizing Residue PHEA191
Optimize Residue ID= PHEA191

BackHbond       =               -163.19
SideHbond       =               -18.24
Energy_VdW      =               -218.92
Electro         =               -6.66
Energy_SolvP    =               292.27
Energy_SolvH    =               -281.45
Energy_vdwclash =               18.45
energy_torsion  =               2.59
backbone_vdwclash=              178.18
Entropy_sidec   =               102.88
Entropy_mainc   =               298.88
water bonds     =               0.00
helix dipole    =               0.91
loop_entropy    =               0.00
cis_bond        =               1.12
disulfide       =               -14.36
kn electrostatic=               0.00
partial covalent interactions = 0.00
Energy_Ionisation =             0.52
Entropy Complex =               0.00
-----------------------------------------------------------
Total          = 				  14.81

Now optimizing Residue THRA192
Optimize Residue ID= THRA192

BackHbond       =               -163.18
SideHbond       =               -18.23
Energy_VdW      =               -218.97
Electro         =               -6.66
Energy_SolvP    =               292.29
Energy_SolvH    =               -281.54
Energy_vdwclash =               18.39
energy_torsion  =               2.60
backbone_vdwclash=              178.18
Entropy_sidec   =               102.88
Entropy_mainc   =               298.89
water bonds     =               0.00
helix dipole    =               0.91
loop_entropy    =               0.00
cis_bond        =               1.12
disulfide       =               -14.36
kn electrostatic=               0.00
partial covalent interactions = 0.00
Energy_Ionisation =             0.52
Entropy Complex =               0.00
-----------------------------------------------------------
Total          = 				  14.67

Now optimizing Residue VALA193
Optimize Residue ID= VALA193

BackHbond       =               -163.18
SideHbond       =               -18.23
Energy_VdW      =               -218.97
Electro         =               -6.66
Energy_SolvP    =               292.29
Energy_SolvH    =               -281.54
Energy_vdwclash =               18.39
energy_torsion  =               2.60
backbone_vdwclash=              178.18
Entropy_sidec   =               102.89
Entropy_mainc   =               298.89
water bonds     =               0.00
helix dipole    =               0.91
loop_entropy    =               0.00
cis_bond        =               1.12
disulfide       =               -14.36
kn electrostatic=               0.00
partial covalent interactions = 0.00
Energy_Ionisation =             0.52
Entropy Complex =               0.00
-----------------------------------------------------------
Total          = 				  14.67

Now optimizing Residue PHEA194
Optimize Residue ID= PHEA194

BackHbond       =               -163.18
SideHbond       =               -18.23
Energy_VdW      =               -218.91
Electro         =               -6.66
Energy_SolvP    =               292.29
Energy_SolvH    =               -281.42
Energy_vdwclash =               17.82
energy_torsion  =               2.58
backbone_vdwclash=              178.19
Entropy_sidec   =               102.85
Entropy_mainc   =               298.89
water bonds     =               0.00
helix dipole    =               0.91
loop_entropy    =               0.00
cis_bond        =               1.12
disulfide       =               -14.36
kn electrostatic=               0.00
partial covalent interactions = 0.00
Energy_Ionisation =             0.52
Entropy Complex =               0.00
-----------------------------------------------------------
Total          = 				  14.21

Now optimizing Residue ILEA196
Optimize Residue ID= ILEA196

BackHbond       =               -163.18
SideHbond       =               -18.23
Energy_VdW      =               -218.90
Electro         =               -6.66
Energy_SolvP    =               292.30
Energy_SolvH    =               -281.42
Energy_vdwclash =               17.39
energy_torsion  =               2.58
backbone_vdwclash=              178.20
Entropy_sidec   =               102.85
Entropy_mainc   =               298.89
water bonds     =               0.00
helix dipole    =               0.91
loop_entropy    =               0.00
cis_bond        =               1.12
disulfide       =               -14.36
kn electrostatic=               0.00
partial covalent interactions = 0.00
Energy_Ionisation =             0.52
Entropy Complex =               0.00
-----------------------------------------------------------
Total          = 				  13.80

Now optimizing Residue SERA199
Optimize Residue ID= SERA199

BackHbond       =               -163.19
SideHbond       =               -18.26
Energy_VdW      =               -218.90
Electro         =               -6.66
Energy_SolvP    =               292.30
Energy_SolvH    =               -281.42
Energy_vdwclash =               17.38
energy_torsion  =               2.58
backbone_vdwclash=              178.20
Entropy_sidec   =               102.86
Entropy_mainc   =               298.89
water bonds     =               0.00
helix dipole    =               0.91
loop_entropy    =               0.00
cis_bond        =               1.12
disulfide       =               -14.36
kn electrostatic=               0.00
partial covalent interactions = 0.00
Energy_Ionisation =             0.52
Entropy Complex =               0.00
-----------------------------------------------------------
Total          = 				  13.77

Now optimizing Residue ILEA201
Optimize Residue ID= ILEA201

BackHbond       =               -163.19
SideHbond       =               -18.26
Energy_VdW      =               -218.91
Electro         =               -6.66
Energy_SolvP    =               292.31
Energy_SolvH    =               -281.43
Energy_vdwclash =               17.38
energy_torsion  =               2.58
backbone_vdwclash=              178.21
Entropy_sidec   =               102.86
Entropy_mainc   =               298.89
water bonds     =               0.00
helix dipole    =               0.91
loop_entropy    =               0.00
cis_bond        =               1.12
disulfide       =               -14.36
kn electrostatic=               0.00
partial covalent interactions = 0.00
Energy_Ionisation =             0.52
Entropy Complex =               0.00
-----------------------------------------------------------
Total          = 				  13.76

Now optimizing Residue LEUA204
Optimize Residue ID= LEUA204

BackHbond       =               -163.19
SideHbond       =               -18.26
Energy_VdW      =               -218.94
Electro         =               -6.66
Energy_SolvP    =               292.27
Energy_SolvH    =               -281.52
Energy_vdwclash =               17.38
energy_torsion  =               2.58
backbone_vdwclash=              178.22
Entropy_sidec   =               102.88
Entropy_mainc   =               298.89
water bonds     =               0.00
helix dipole    =               0.91
loop_entropy    =               0.00
cis_bond        =               1.12
disulfide       =               -14.36
kn electrostatic=               0.00
partial covalent interactions = 0.00
Energy_Ionisation =             0.52
Entropy Complex =               0.00
-----------------------------------------------------------
Total          = 				  13.63

Now optimizing Residue ASNA206
Optimize Residue ID= ASNA206

BackHbond       =               -163.19
SideHbond       =               -18.26
Energy_VdW      =               -218.94
Electro         =               -6.66
Energy_SolvP    =               292.27
Energy_SolvH    =               -281.52
Energy_vdwclash =               17.38
energy_torsion  =               2.58
backbone_vdwclash=              178.22
Entropy_sidec   =               102.89
Entropy_mainc   =               298.89
water bonds     =               0.00
helix dipole    =               0.91
loop_entropy    =               0.00
cis_bond        =               1.12
disulfide       =               -14.36
kn electrostatic=               0.00
partial covalent interactions = 0.00
Energy_Ionisation =             0.52
Entropy Complex =               0.00
-----------------------------------------------------------
Total          = 				  13.62

Now optimizing Residue VALA207
Optimize Residue ID= VALA207

BackHbond       =               -163.19
SideHbond       =               -18.26
Energy_VdW      =               -218.94
Electro         =               -6.66
Energy_SolvP    =               292.27
Energy_SolvH    =               -281.52
Energy_vdwclash =               17.38
energy_torsion  =               2.58
backbone_vdwclash=              178.22
Entropy_sidec   =               102.89
Entropy_mainc   =               298.89
water bonds     =               0.00
helix dipole    =               0.91
loop_entropy    =               0.00
cis_bond        =               1.12
disulfide       =               -14.36
kn electrostatic=               0.00
partial covalent interactions = 0.00
Energy_Ionisation =             0.52
Entropy Complex =               0.00
-----------------------------------------------------------
Total          = 				  13.61

Now optimizing Residue THRA208
Optimize Residue ID= THRA208

BackHbond       =               -163.19
SideHbond       =               -18.26
Energy_VdW      =               -218.94
Electro         =               -6.66
Energy_SolvP    =               292.26
Energy_SolvH    =               -281.53
Energy_vdwclash =               17.28
energy_torsion  =               2.58
backbone_vdwclash=              178.22
Entropy_sidec   =               102.89
Entropy_mainc   =               298.89
water bonds     =               0.00
helix dipole    =               0.91
loop_entropy    =               0.00
cis_bond        =               1.12
disulfide       =               -14.36
kn electrostatic=               0.00
partial covalent interactions = 0.00
Energy_Ionisation =             0.52
Entropy Complex =               0.00
-----------------------------------------------------------
Total          = 				  13.50

Now optimizing Residue GLUA209
Optimize Residue ID= GLUA209

BackHbond       =               -163.19
SideHbond       =               -18.26
Energy_VdW      =               -218.93
Electro         =               -6.66
Energy_SolvP    =               292.11
Energy_SolvH    =               -281.55
Energy_vdwclash =               17.26
energy_torsion  =               2.58
backbone_vdwclash=              178.20
Entropy_sidec   =               102.90
Entropy_mainc   =               298.89
water bonds     =               0.00
helix dipole    =               0.94
loop_entropy    =               0.00
cis_bond        =               1.12
disulfide       =               -14.36
kn electrostatic=               0.00
partial covalent interactions = 0.00
Energy_Ionisation =             0.52
Entropy Complex =               0.00
-----------------------------------------------------------
Total          = 				  13.36

Now optimizing Residue CYSA211
Optimize Residue ID= CYSA211

BackHbond       =               -163.19
SideHbond       =               -18.26
Energy_VdW      =               -218.93
Electro         =               -6.66
Energy_SolvP    =               292.11
Energy_SolvH    =               -281.56
Energy_vdwclash =               17.26
energy_torsion  =               2.58
backbone_vdwclash=              178.21
Entropy_sidec   =               102.90
Entropy_mainc   =               298.89
water bonds     =               0.00
helix dipole    =               0.94
loop_entropy    =               0.00
cis_bond        =               1.12
disulfide       =               -14.36
kn electrostatic=               0.00
partial covalent interactions = 0.00
Energy_Ionisation =             0.52
Entropy Complex =               0.00
-----------------------------------------------------------
Total          = 				  13.36

Now optimizing Residue TYRA212
Optimize Residue ID= TYRA212

BackHbond       =               -163.19
SideHbond       =               -18.26
Energy_VdW      =               -218.94
Electro         =               -6.66
Energy_SolvP    =               292.12
Energy_SolvH    =               -281.57
Energy_vdwclash =               17.26
energy_torsion  =               2.58
backbone_vdwclash=              178.21
Entropy_sidec   =               102.90
Entropy_mainc   =               298.89
water bonds     =               0.00
helix dipole    =               0.94
loop_entropy    =               0.00
cis_bond        =               1.12
disulfide       =               -14.36
kn electrostatic=               0.00
partial covalent interactions = 0.00
Energy_Ionisation =             0.52
Entropy Complex =               0.00
-----------------------------------------------------------
Total          = 				  13.35

Now optimizing Residue LEUA214
Optimize Residue ID= LEUA214

BackHbond       =               -163.20
SideHbond       =               -18.26
Energy_VdW      =               -218.95
Electro         =               -6.66
Energy_SolvP    =               292.12
Energy_SolvH    =               -281.60
Energy_vdwclash =               17.26
energy_torsion  =               2.58
backbone_vdwclash=              178.21
Entropy_sidec   =               102.91
Entropy_mainc   =               298.89
water bonds     =               0.00
helix dipole    =               0.94
loop_entropy    =               0.00
cis_bond        =               1.12
disulfide       =               -14.36
kn electrostatic=               0.00
partial covalent interactions = 0.00
Energy_Ionisation =             0.52
Entropy Complex =               0.00
-----------------------------------------------------------
Total          = 				  13.32

Now optimizing Residue ILEA215
Optimize Residue ID= ILEA215

BackHbond       =               -163.20
SideHbond       =               -18.26
Energy_VdW      =               -218.96
Electro         =               -6.66
Energy_SolvP    =               292.13
Energy_SolvH    =               -281.61
Energy_vdwclash =               17.26
energy_torsion  =               2.58
backbone_vdwclash=              178.22
Entropy_sidec   =               102.92
Entropy_mainc   =               298.89
water bonds     =               0.00
helix dipole    =               0.94
loop_entropy    =               0.00
cis_bond        =               1.12
disulfide       =               -14.36
kn electrostatic=               0.00
partial covalent interactions = 0.00
Energy_Ionisation =             0.52
Entropy Complex =               0.00
-----------------------------------------------------------
Total          = 				  13.31

Now optimizing Residue ARGA216
Optimize Residue ID= ARGA216

BackHbond       =               -163.20
SideHbond       =               -18.26
Energy_VdW      =               -218.97
Electro         =               -6.67
Energy_SolvP    =               292.12
Energy_SolvH    =               -281.64
Energy_vdwclash =               17.26
energy_torsion  =               2.58
backbone_vdwclash=              178.22
Entropy_sidec   =               102.92
Entropy_mainc   =               298.89
water bonds     =               0.00
helix dipole    =               0.95
loop_entropy    =               0.00
cis_bond        =               1.12
disulfide       =               -14.36
kn electrostatic=               0.00
partial covalent interactions = 0.00
Energy_Ionisation =             0.52
Entropy Complex =               0.00
-----------------------------------------------------------
Total          = 				  13.26

Now optimizing Residue TYRA217
Optimize Residue ID= TYRA217

BackHbond       =               -163.20
SideHbond       =               -18.10
Energy_VdW      =               -218.97
Electro         =               -6.68
Energy_SolvP    =               292.09
Energy_SolvH    =               -281.64
Energy_vdwclash =               17.01
energy_torsion  =               2.58
backbone_vdwclash=              178.20
Entropy_sidec   =               102.83
Entropy_mainc   =               298.89
water bonds     =               0.00
helix dipole    =               0.95
loop_entropy    =               0.00
cis_bond        =               1.12
disulfide       =               -14.36
kn electrostatic=               0.00
partial covalent interactions = 0.00
Energy_Ionisation =             0.52
Entropy Complex =               0.00
-----------------------------------------------------------
Total          = 				  13.05

Now optimizing Residue CYSA218
Optimize Residue ID= CYSA218

BackHbond       =               -163.20
SideHbond       =               -18.10
Energy_VdW      =               -218.97
Electro         =               -6.68
Energy_SolvP    =               292.10
Energy_SolvH    =               -281.65
Energy_vdwclash =               17.01
energy_torsion  =               2.58
backbone_vdwclash=              178.21
Entropy_sidec   =               102.83
Entropy_mainc   =               298.89
water bonds     =               0.00
helix dipole    =               0.95
loop_entropy    =               0.00
cis_bond        =               1.12
disulfide       =               -14.36
kn electrostatic=               0.00
partial covalent interactions = 0.00
Energy_Ionisation =             0.52
Entropy Complex =               0.00
-----------------------------------------------------------
Total          = 				  13.05

Now optimizing Residue SERA219
Optimize Residue ID= SERA219

BackHbond       =               -163.20
SideHbond       =               -18.10
Energy_VdW      =               -218.97
Electro         =               -6.68
Energy_SolvP    =               292.09
Energy_SolvH    =               -281.65
Energy_vdwclash =               17.01
energy_torsion  =               2.58
backbone_vdwclash=              178.21
Entropy_sidec   =               102.83
Entropy_mainc   =               298.89
water bonds     =               0.00
helix dipole    =               0.95
loop_entropy    =               0.00
cis_bond        =               1.12
disulfide       =               -14.36
kn electrostatic=               0.00
partial covalent interactions = 0.00
Energy_Ionisation =             0.52
Entropy Complex =               0.00
-----------------------------------------------------------
Total          = 				  13.04

Now optimizing Residue LYSA221
Optimize Residue ID= LYSA221

BackHbond       =               -163.20
SideHbond       =               -18.02
Energy_VdW      =               -218.95
Electro         =               -6.70
Energy_SolvP    =               292.00
Energy_SolvH    =               -281.63
Energy_vdwclash =               16.87
energy_torsion  =               2.58
backbone_vdwclash=              178.20
Entropy_sidec   =               102.78
Entropy_mainc   =               298.89
water bonds     =               0.00
helix dipole    =               0.95
loop_entropy    =               0.00
cis_bond        =               1.12
disulfide       =               -14.36
kn electrostatic=               0.00
partial covalent interactions = 0.00
Energy_Ionisation =             0.52
Entropy Complex =               0.00
-----------------------------------------------------------
Total          = 				  12.86

Optimized

BackHbond       =               -163.20
SideHbond       =               -18.02
Energy_VdW      =               -218.95
Electro         =               -6.70
Energy_SolvP    =               292.00
Energy_SolvH    =               -281.63
Energy_vdwclash =               16.87
energy_torsion  =               2.58
backbone_vdwclash=              178.20
Entropy_sidec   =               102.78
Entropy_mainc   =               298.89
water bonds     =               0.00
helix dipole    =               0.95
loop_entropy    =               0.00
cis_bond        =               1.12
disulfide       =               -14.36
kn electrostatic=               0.00
partial covalent interactions = 0.00
Energy_Ionisation =             0.52
Entropy Complex =               0.00
-----------------------------------------------------------
Total          = 				  12.86

Now moving residues with bad energies 
Residue THRA18 has high Energy, we mutate it to itself
We optimize, instead of self-mutatingTHRA18
Repair Residue ID= THRA18

BackHbond       =               -163.20
SideHbond       =               -18.02
Energy_VdW      =               -218.95
Electro         =               -6.70
Energy_SolvP    =               292.00
Energy_SolvH    =               -281.63
Energy_vdwclash =               16.87
energy_torsion  =               2.58
backbone_vdwclash=              178.20
Entropy_sidec   =               102.78
Entropy_mainc   =               298.89
water bonds     =               0.00
helix dipole    =               0.95
loop_entropy    =               0.00
cis_bond        =               1.12
disulfide       =               -14.36
kn electrostatic=               0.00
partial covalent interactions = 0.00
Energy_Ionisation =             0.52
Entropy Complex =               0.00
-----------------------------------------------------------
Total          = 				  12.86

Residue SERA19 has high Energy, we mutate it to itself
Repair Residue ID= SERA19

BackHbond       =               -163.20
SideHbond       =               -18.02
Energy_VdW      =               -218.98
Electro         =               -6.70
Energy_SolvP    =               292.01
Energy_SolvH    =               -281.70
Energy_vdwclash =               16.87
energy_torsion  =               2.58
backbone_vdwclash=              178.22
Entropy_sidec   =               102.83
Entropy_mainc   =               298.89
water bonds     =               0.00
helix dipole    =               0.95
loop_entropy    =               0.00
cis_bond        =               1.12
disulfide       =               -14.36
kn electrostatic=               0.00
partial covalent interactions = 0.00
Energy_Ionisation =             0.52
Entropy Complex =               0.00
-----------------------------------------------------------
Total          = 				  12.82

Residue ILEA20 has high Energy, we mutate it to itself
Residue LYSA22 has high Energy, we mutate it to itself
We optimize, instead of self-mutatingLYSA22
Repair Residue ID= LYSA22

BackHbond       =               -163.18
SideHbond       =               -19.64
Energy_VdW      =               -219.15
Electro         =               -6.81
Energy_SolvP    =               292.13
Energy_SolvH    =               -281.91
Energy_vdwclash =               16.89
energy_torsion  =               2.53
backbone_vdwclash=              178.38
Entropy_sidec   =               103.82
Entropy_mainc   =               298.89
water bonds     =               0.00
helix dipole    =               0.91
loop_entropy    =               0.00
cis_bond        =               1.12
disulfide       =               -14.36
kn electrostatic=               0.00
partial covalent interactions = 0.00
Energy_Ionisation =             0.52
Entropy Complex =               0.00
-----------------------------------------------------------
Total          = 				  11.76

Residue ILEA23 has high Energy, we mutate it to itself
Repair Residue ID= ILEA23

BackHbond       =               -163.20
SideHbond       =               -19.64
Energy_VdW      =               -219.30
Electro         =               -6.81
Energy_SolvP    =               292.26
Energy_SolvH    =               -282.17
Energy_vdwclash =               16.89
energy_torsion  =               2.53
backbone_vdwclash=              178.59
Entropy_sidec   =               103.91
Entropy_mainc   =               298.89
water bonds     =               0.00
helix dipole    =               0.91
loop_entropy    =               0.00
cis_bond        =               1.12
disulfide       =               -14.36
kn electrostatic=               0.00
partial covalent interactions = 0.00
Energy_Ionisation =             0.52
Entropy Complex =               0.00
-----------------------------------------------------------
Total          = 				  11.55

Residue TRPA24 has high Energy, we mutate it to itself
Repair Residue ID= TRPA24

BackHbond       =               -163.20
SideHbond       =               -19.64
Energy_VdW      =               -219.30
Electro         =               -6.81
Energy_SolvP    =               292.27
Energy_SolvH    =               -282.15
Energy_vdwclash =               16.86
energy_torsion  =               2.51
backbone_vdwclash=              178.59
Entropy_sidec   =               103.91
Entropy_mainc   =               298.89
water bonds     =               0.00
helix dipole    =               0.91
loop_entropy    =               0.00
cis_bond        =               1.12
disulfide       =               -14.36
kn electrostatic=               0.00
partial covalent interactions = 0.00
Energy_Ionisation =             0.52
Entropy Complex =               0.00
-----------------------------------------------------------
Total          = 				  11.53

Residue LEUA25 has high Energy, we mutate it to itself
Repair Residue ID= LEUA25

BackHbond       =               -163.19
SideHbond       =               -19.64
Energy_VdW      =               -219.31
Electro         =               -6.81
Energy_SolvP    =               292.26
Energy_SolvH    =               -282.17
Energy_vdwclash =               16.85
energy_torsion  =               2.51
backbone_vdwclash=              178.58
Entropy_sidec   =               103.92
Entropy_mainc   =               298.89
water bonds     =               0.00
helix dipole    =               0.91
loop_entropy    =               0.00
cis_bond        =               1.12
disulfide       =               -14.36
kn electrostatic=               0.00
partial covalent interactions = 0.00
Energy_Ionisation =             0.52
Entropy Complex =               0.00
-----------------------------------------------------------
Total          = 				  11.50

Residue THRA26 has high Energy, we mutate it to itself
We optimize, instead of self-mutatingTHRA26
Repair Residue ID= THRA26

BackHbond       =               -163.19
SideHbond       =               -19.64
Energy_VdW      =               -219.31
Electro         =               -6.81
Energy_SolvP    =               292.26
Energy_SolvH    =               -282.17
Energy_vdwclash =               16.85
energy_torsion  =               2.51
backbone_vdwclash=              178.58
Entropy_sidec   =               103.92
Entropy_mainc   =               298.89
water bonds     =               0.00
helix dipole    =               0.91
loop_entropy    =               0.00
cis_bond        =               1.12
disulfide       =               -14.36
kn electrostatic=               0.00
partial covalent interactions = 0.00
Energy_Ionisation =             0.52
Entropy Complex =               0.00
-----------------------------------------------------------
Total          = 				  11.50

Residue VALA27 has high Energy, we mutate it to itself
Repair Residue ID= VALA27

BackHbond       =               -163.20
SideHbond       =               -19.64
Energy_VdW      =               -219.33
Electro         =               -6.81
Energy_SolvP    =               292.26
Energy_SolvH    =               -282.23
Energy_vdwclash =               16.85
energy_torsion  =               2.51
backbone_vdwclash=              178.58
Entropy_sidec   =               103.92
Entropy_mainc   =               298.89
water bonds     =               0.00
helix dipole    =               0.91
loop_entropy    =               0.00
cis_bond        =               1.12
disulfide       =               -14.36
kn electrostatic=               0.00
partial covalent interactions = 0.00
Energy_Ionisation =             0.52
Entropy Complex =               0.00
-----------------------------------------------------------
Total          = 				  11.42

Residue PHEA29 has high Energy, we mutate it to itself
Repair Residue ID= PHEA29

BackHbond       =               -163.20
SideHbond       =               -19.64
Energy_VdW      =               -219.33
Electro         =               -6.81
Energy_SolvP    =               292.26
Energy_SolvH    =               -282.22
Energy_vdwclash =               16.84
energy_torsion  =               2.51
backbone_vdwclash=              178.58
Entropy_sidec   =               103.92
Entropy_mainc   =               298.89
water bonds     =               0.00
helix dipole    =               0.91
loop_entropy    =               0.00
cis_bond        =               1.12
disulfide       =               -14.36
kn electrostatic=               0.00
partial covalent interactions = 0.00
Energy_Ionisation =             0.52
Entropy Complex =               0.00
-----------------------------------------------------------
Total          = 				  11.41

Residue ILEA30 has high Energy, we mutate it to itself
Repair Residue ID= ILEA30

BackHbond       =               -163.20
SideHbond       =               -19.64
Energy_VdW      =               -219.33
Electro         =               -6.81
Energy_SolvP    =               292.26
Energy_SolvH    =               -282.22
Energy_vdwclash =               16.84
energy_torsion  =               2.51
backbone_vdwclash=              178.58
Entropy_sidec   =               103.92
Entropy_mainc   =               298.89
water bonds     =               0.00
helix dipole    =               0.91
loop_entropy    =               0.00
cis_bond        =               1.12
disulfide       =               -14.36
kn electrostatic=               0.00
partial covalent interactions = 0.00
Energy_Ionisation =             0.52
Entropy Complex =               0.00
-----------------------------------------------------------
Total          = 				  11.41

Residue PHEA31 has high Energy, we mutate it to itself
Repair Residue ID= PHEA31

BackHbond       =               -163.21
SideHbond       =               -19.64
Energy_VdW      =               -219.51
Electro         =               -6.82
Energy_SolvP    =               292.32
Energy_SolvH    =               -282.57
Energy_vdwclash =               16.88
energy_torsion  =               2.51
backbone_vdwclash=              178.68
Entropy_sidec   =               103.93
Entropy_mainc   =               298.89
water bonds     =               0.00
helix dipole    =               0.91
loop_entropy    =               0.00
cis_bond        =               1.12
disulfide       =               -14.36
kn electrostatic=               0.00
partial covalent interactions = 0.00
Energy_Ionisation =             0.52
Entropy Complex =               0.00
-----------------------------------------------------------
Total          = 				  10.96

Residue ARGA32 has high Energy, we mutate it to itself
We optimize, instead of self-mutatingARGA32
We optimize, instead of self-mutatingARGA32
Repair Residue ID= ARGA32

BackHbond       =               -163.24
SideHbond       =               -19.64
Energy_VdW      =               -219.60
Electro         =               -6.82
Energy_SolvP    =               292.30
Energy_SolvH    =               -282.68
Energy_vdwclash =               16.79
energy_torsion  =               2.51
backbone_vdwclash=              178.68
Entropy_sidec   =               103.94
Entropy_mainc   =               298.89
water bonds     =               0.00
helix dipole    =               0.91
loop_entropy    =               0.00
cis_bond        =               1.12
disulfide       =               -14.36
kn electrostatic=               0.00
partial covalent interactions = 0.00
Energy_Ionisation =             0.52
Entropy Complex =               0.00
-----------------------------------------------------------
Total          = 				  10.64

Residue ILEA33 has high Energy, we mutate it to itself
Repair Residue ID= ILEA33

BackHbond       =               -163.27
SideHbond       =               -19.64
Energy_VdW      =               -219.65
Electro         =               -6.82
Energy_SolvP    =               292.35
Energy_SolvH    =               -282.77
Energy_vdwclash =               16.79
energy_torsion  =               2.52
backbone_vdwclash=              178.76
Entropy_sidec   =               103.98
Entropy_mainc   =               298.89
water bonds     =               0.00
helix dipole    =               0.91
loop_entropy    =               0.00
cis_bond        =               1.12
disulfide       =               -14.36
kn electrostatic=               0.00
partial covalent interactions = 0.00
Energy_Ionisation =             0.52
Entropy Complex =               0.00
-----------------------------------------------------------
Total          = 				  10.56

Residue META34 has high Energy, we mutate it to itself
Repair Residue ID= META34

BackHbond       =               -163.30
SideHbond       =               -19.64
Energy_VdW      =               -220.22
Electro         =               -6.82
Energy_SolvP    =               292.46
Energy_SolvH    =               -283.73
Energy_vdwclash =               16.61
energy_torsion  =               2.64
backbone_vdwclash=              178.83
Entropy_sidec   =               104.37
Entropy_mainc   =               298.89
water bonds     =               0.00
helix dipole    =               0.91
loop_entropy    =               0.00
cis_bond        =               1.12
disulfide       =               -14.36
kn electrostatic=               0.00
partial covalent interactions = 0.00
Energy_Ionisation =             0.52
Entropy Complex =               0.00
-----------------------------------------------------------
Total          = 				  9.44

Residue ILEA35 has high Energy, we mutate it to itself
Repair Residue ID= ILEA35

BackHbond       =               -163.26
SideHbond       =               -19.64
Energy_VdW      =               -220.23
Electro         =               -6.85
Energy_SolvP    =               292.46
Energy_SolvH    =               -283.75
Energy_vdwclash =               15.61
energy_torsion  =               2.54
backbone_vdwclash=              178.80
Entropy_sidec   =               104.39
Entropy_mainc   =               298.89
water bonds     =               0.00
helix dipole    =               0.91
loop_entropy    =               0.00
cis_bond        =               1.12
disulfide       =               -14.36
kn electrostatic=               0.00
partial covalent interactions = 0.00
Energy_Ionisation =             0.52
Entropy Complex =               0.00
-----------------------------------------------------------
Total          = 				  8.36

Residue VALA37 has high Energy, we mutate it to itself
Repair Residue ID= VALA37

BackHbond       =               -163.26
SideHbond       =               -19.64
Energy_VdW      =               -220.25
Electro         =               -6.85
Energy_SolvP    =               292.46
Energy_SolvH    =               -283.78
Energy_vdwclash =               15.61
energy_torsion  =               2.54
backbone_vdwclash=              178.80
Entropy_sidec   =               104.41
Entropy_mainc   =               298.89
water bonds     =               0.00
helix dipole    =               0.91
loop_entropy    =               0.00
cis_bond        =               1.12
disulfide       =               -14.36
kn electrostatic=               0.00
partial covalent interactions = 0.00
Energy_Ionisation =             0.52
Entropy Complex =               0.00
-----------------------------------------------------------
Total          = 				  8.33

Residue VALA38 has high Energy, we mutate it to itself
Repair Residue ID= VALA38

BackHbond       =               -163.29
SideHbond       =               -19.64
Energy_VdW      =               -220.64
Electro         =               -6.85
Energy_SolvP    =               292.55
Energy_SolvH    =               -284.58
Energy_vdwclash =               16.21
energy_torsion  =               2.54
backbone_vdwclash=              178.95
Entropy_sidec   =               104.65
Entropy_mainc   =               298.89
water bonds     =               0.00
helix dipole    =               0.91
loop_entropy    =               0.00
cis_bond        =               1.12
disulfide       =               -14.36
kn electrostatic=               0.00
partial covalent interactions = 0.00
Energy_Ionisation =             0.52
Entropy Complex =               0.00
-----------------------------------------------------------
Total          = 				  8.04

Residue LYSA41 has high Energy, we mutate it to itself
Repair Residue ID= LYSA41

BackHbond       =               -164.04
SideHbond       =               -20.39
Energy_VdW      =               -220.93
Electro         =               -6.91
Energy_SolvP    =               293.34
Energy_SolvH    =               -284.87
Energy_vdwclash =               16.21
energy_torsion  =               2.56
backbone_vdwclash=              179.18
Entropy_sidec   =               105.56
Entropy_mainc   =               298.96
water bonds     =               0.00
helix dipole    =               0.48
loop_entropy    =               0.00
cis_bond        =               1.12
disulfide       =               -14.36
kn electrostatic=               0.00
partial covalent interactions = 0.00
Energy_Ionisation =             0.52
Entropy Complex =               0.00
-----------------------------------------------------------
Total          = 				  7.26

Residue GLUA42 has high Energy, we mutate it to itself
Repair Residue ID= GLUA42

BackHbond       =               -164.04
SideHbond       =               -20.39
Energy_VdW      =               -220.96
Electro         =               -6.90
Energy_SolvP    =               293.25
Energy_SolvH    =               -285.00
Energy_vdwclash =               16.22
energy_torsion  =               2.57
backbone_vdwclash=              179.13
Entropy_sidec   =               105.51
Entropy_mainc   =               298.87
water bonds     =               0.00
helix dipole    =               0.54
loop_entropy    =               0.00
cis_bond        =               1.12
disulfide       =               -14.36
kn electrostatic=               0.00
partial covalent interactions = 0.00
Energy_Ionisation =             0.52
Entropy Complex =               0.00
-----------------------------------------------------------
Total          = 				  6.97

Residue TRPA44 has high Energy, we mutate it to itself
Repair Residue ID= TRPA44

BackHbond       =               -164.04
SideHbond       =               -20.39
Energy_VdW      =               -220.96
Electro         =               -6.90
Energy_SolvP    =               293.25
Energy_SolvH    =               -285.00
Energy_vdwclash =               16.22
energy_torsion  =               2.57
backbone_vdwclash=              179.13
Entropy_sidec   =               105.51
Entropy_mainc   =               298.87
water bonds     =               0.00
helix dipole    =               0.54
loop_entropy    =               0.00
cis_bond        =               1.12
disulfide       =               -14.36
kn electrostatic=               0.00
partial covalent interactions = 0.00
Energy_Ionisation =             0.52
Entropy Complex =               0.00
-----------------------------------------------------------
Total          = 				  6.97

Residue ASPA46 has high Energy, we mutate it to itself
Repair Residue ID= ASPA46

BackHbond       =               -164.04
SideHbond       =               -20.39
Energy_VdW      =               -220.96
Electro         =               -6.87
Energy_SolvP    =               293.25
Energy_SolvH    =               -285.03
Energy_vdwclash =               16.22
energy_torsion  =               2.57
backbone_vdwclash=              179.15
Entropy_sidec   =               105.49
Entropy_mainc   =               298.85
water bonds     =               0.00
helix dipole    =               0.54
loop_entropy    =               0.00
cis_bond        =               1.12
disulfide       =               -14.36
kn electrostatic=               0.00
partial covalent interactions = 0.00
Energy_Ionisation =             0.52
Entropy Complex =               0.00
-----------------------------------------------------------
Total          = 				  6.93

Residue GLUA47 has high Energy, we mutate it to itself
We optimize, instead of self-mutatingGLUA47
Repair Residue ID= GLUA47

BackHbond       =               -164.04
SideHbond       =               -20.44
Energy_VdW      =               -220.94
Electro         =               -6.86
Energy_SolvP    =               293.20
Energy_SolvH    =               -284.98
Energy_vdwclash =               16.23
energy_torsion  =               2.57
backbone_vdwclash=              179.15
Entropy_sidec   =               105.48
Entropy_mainc   =               298.85
water bonds     =               0.00
helix dipole    =               0.54
loop_entropy    =               0.00
cis_bond        =               1.12
disulfide       =               -14.36
kn electrostatic=               0.00
partial covalent interactions = 0.00
Energy_Ionisation =             0.52
Entropy Complex =               0.00
-----------------------------------------------------------
Total          = 				  6.89

Residue GLNA48 has high Energy, we mutate it to itself
Repair Residue ID= GLNA48

BackHbond       =               -164.05
SideHbond       =               -20.44
Energy_VdW      =               -221.00
Electro         =               -6.86
Energy_SolvP    =               293.20
Energy_SolvH    =               -285.10
Energy_vdwclash =               16.20
energy_torsion  =               2.57
backbone_vdwclash=              179.11
Entropy_sidec   =               105.53
Entropy_mainc   =               298.85
water bonds     =               0.00
helix dipole    =               0.54
loop_entropy    =               0.00
cis_bond        =               1.12
disulfide       =               -14.36
kn electrostatic=               0.00
partial covalent interactions = 0.00
Energy_Ionisation =             0.52
Entropy Complex =               0.00
-----------------------------------------------------------
Total          = 				  6.73

Residue ASPA50 has high Energy, we mutate it to itself
Repair Residue ID= ASPA50

BackHbond       =               -164.05
SideHbond       =               -20.44
Energy_VdW      =               -220.87
Electro         =               -6.97
Energy_SolvP    =               292.64
Energy_SolvH    =               -285.01
Energy_vdwclash =               16.23
energy_torsion  =               2.57
backbone_vdwclash=              179.03
Entropy_sidec   =               105.47
Entropy_mainc   =               298.82
water bonds     =               0.00
helix dipole    =               0.54
loop_entropy    =               0.00
cis_bond        =               1.12
disulfide       =               -14.36
kn electrostatic=               0.00
partial covalent interactions = 0.00
Energy_Ionisation =             0.52
Entropy Complex =               0.00
-----------------------------------------------------------
Total          = 				  6.22

Residue VALA52 has high Energy, we mutate it to itself
Repair Residue ID= VALA52

BackHbond       =               -164.07
SideHbond       =               -20.44
Energy_VdW      =               -221.02
Electro         =               -6.97
Energy_SolvP    =               292.54
Energy_SolvH    =               -285.33
Energy_vdwclash =               16.18
energy_torsion  =               2.62
backbone_vdwclash=              178.95
Entropy_sidec   =               105.60
Entropy_mainc   =               298.82
water bonds     =               0.00
helix dipole    =               0.54
loop_entropy    =               0.00
cis_bond        =               1.12
disulfide       =               -14.36
kn electrostatic=               0.00
partial covalent interactions = 0.00
Energy_Ionisation =             0.52
Entropy Complex =               0.00
-----------------------------------------------------------
Total          = 				  5.77

Residue ASNA54 has high Energy, we mutate it to itself
Repair Residue ID= ASNA54

BackHbond       =               -164.07
SideHbond       =               -20.44
Energy_VdW      =               -221.12
Electro         =               -6.96
Energy_SolvP    =               292.46
Energy_SolvH    =               -285.56
Energy_vdwclash =               16.18
energy_torsion  =               2.62
backbone_vdwclash=              178.96
Entropy_sidec   =               105.65
Entropy_mainc   =               298.82
water bonds     =               0.00
helix dipole    =               0.54
loop_entropy    =               0.00
cis_bond        =               1.12
disulfide       =               -14.36
kn electrostatic=               0.00
partial covalent interactions = 0.00
Energy_Ionisation =             0.52
Entropy Complex =               0.00
-----------------------------------------------------------
Total          = 				  5.40

Residue THRA55 has high Energy, we mutate it to itself
We optimize, instead of self-mutatingTHRA55
Repair Residue ID= THRA55

BackHbond       =               -164.15
SideHbond       =               -20.52
Energy_VdW      =               -221.14
Electro         =               -6.96
Energy_SolvP    =               292.49
Energy_SolvH    =               -285.56
Energy_vdwclash =               16.18
energy_torsion  =               2.62
backbone_vdwclash=              178.96
Entropy_sidec   =               105.64
Entropy_mainc   =               298.62
water bonds     =               0.00
helix dipole    =               0.54
loop_entropy    =               0.00
cis_bond        =               1.12
disulfide       =               -14.36
kn electrostatic=               0.00
partial covalent interactions = 0.00
Energy_Ionisation =             0.52
Entropy Complex =               0.00
-----------------------------------------------------------
Total          = 				  5.05

Residue LEUA56 has high Energy, we mutate it to itself
Repair Residue ID= LEUA56

BackHbond       =               -164.15
SideHbond       =               -20.52
Energy_VdW      =               -221.12
Electro         =               -6.96
Energy_SolvP    =               292.43
Energy_SolvH    =               -285.57
Energy_vdwclash =               16.18
energy_torsion  =               2.62
backbone_vdwclash=              178.96
Entropy_sidec   =               105.64
Entropy_mainc   =               298.63
water bonds     =               0.00
helix dipole    =               0.54
loop_entropy    =               0.00
cis_bond        =               1.12
disulfide       =               -14.36
kn electrostatic=               0.00
partial covalent interactions = 0.00
Energy_Ionisation =             0.52
Entropy Complex =               0.00
-----------------------------------------------------------
Total          = 				  5.01

Residue GLNA57 has high Energy, we mutate it to itself
Repair Residue ID= GLNA57

BackHbond       =               -164.79
SideHbond       =               -21.16
Energy_VdW      =               -221.21
Electro         =               -6.96
Energy_SolvP    =               292.41
Energy_SolvH    =               -285.66
Energy_vdwclash =               16.18
energy_torsion  =               2.62
backbone_vdwclash=              178.96
Entropy_sidec   =               106.14
Entropy_mainc   =               299.09
water bonds     =               0.00
helix dipole    =               0.54
loop_entropy    =               0.00
cis_bond        =               1.12
disulfide       =               -14.36
kn electrostatic=               0.00
partial covalent interactions = 0.00
Energy_Ionisation =             0.52
Entropy Complex =               0.00
-----------------------------------------------------------
Total          = 				  4.50

Residue PROA58 has high Energy, we mutate it to itself
Repair Residue ID= PROA58

BackHbond       =               -164.79
SideHbond       =               -21.16
Energy_VdW      =               -221.27
Electro         =               -6.96
Energy_SolvP    =               292.47
Energy_SolvH    =               -285.74
Energy_vdwclash =               16.18
energy_torsion  =               2.62
backbone_vdwclash=              179.00
Entropy_sidec   =               106.18
Entropy_mainc   =               299.08
water bonds     =               0.00
helix dipole    =               0.54
loop_entropy    =               0.00
cis_bond        =               1.12
disulfide       =               -14.36
kn electrostatic=               0.00
partial covalent interactions = 0.00
Energy_Ionisation =             0.52
Entropy Complex =               0.00
-----------------------------------------------------------
Total          = 				  4.46

Residue LYSA61 has high Energy, we mutate it to itself
We optimize, instead of self-mutatingLYSA61
Repair Residue ID= LYSA61

BackHbond       =               -164.79
SideHbond       =               -21.15
Energy_VdW      =               -221.26
Electro         =               -6.96
Energy_SolvP    =               292.46
Energy_SolvH    =               -285.73
Energy_vdwclash =               16.14
energy_torsion  =               2.62
backbone_vdwclash=              179.00
Entropy_sidec   =               106.18
Entropy_mainc   =               299.08
water bonds     =               0.00
helix dipole    =               0.54
loop_entropy    =               0.00
cis_bond        =               1.12
disulfide       =               -14.36
kn electrostatic=               0.00
partial covalent interactions = 0.00
Energy_Ionisation =             0.52
Entropy Complex =               0.00
-----------------------------------------------------------
Total          = 				  4.43

Residue ASNA62 has high Energy, we mutate it to itself
Repair Residue ID= ASNA62

BackHbond       =               -164.80
SideHbond       =               -21.16
Energy_VdW      =               -221.26
Electro         =               -6.96
Energy_SolvP    =               292.33
Energy_SolvH    =               -285.82
Energy_vdwclash =               16.12
energy_torsion  =               2.62
backbone_vdwclash=              179.00
Entropy_sidec   =               106.15
Entropy_mainc   =               299.08
water bonds     =               0.00
helix dipole    =               0.54
loop_entropy    =               0.00
cis_bond        =               1.12
disulfide       =               -14.36
kn electrostatic=               0.00
partial covalent interactions = 0.00
Energy_Ionisation =             0.52
Entropy Complex =               0.00
-----------------------------------------------------------
Total          = 				  4.15

Residue CYSA64 has high Energy, we mutate it to itself
Repair Residue ID= CYSA64

BackHbond       =               -164.80
SideHbond       =               -21.16
Energy_VdW      =               -221.26
Electro         =               -6.96
Energy_SolvP    =               292.33
Energy_SolvH    =               -285.82
Energy_vdwclash =               16.12
energy_torsion  =               2.62
backbone_vdwclash=              179.00
Entropy_sidec   =               106.15
Entropy_mainc   =               299.08
water bonds     =               0.00
helix dipole    =               0.54
loop_entropy    =               0.00
cis_bond        =               1.12
disulfide       =               -14.36
kn electrostatic=               0.00
partial covalent interactions = 0.00
Energy_Ionisation =             0.52
Entropy Complex =               0.00
-----------------------------------------------------------
Total          = 				  4.15

Residue TYRA65 has high Energy, we mutate it to itself
Repair Residue ID= TYRA65

BackHbond       =               -164.80
SideHbond       =               -21.16
Energy_VdW      =               -221.26
Electro         =               -6.96
Energy_SolvP    =               292.33
Energy_SolvH    =               -285.82
Energy_vdwclash =               16.12
energy_torsion  =               2.62
backbone_vdwclash=              179.00
Entropy_sidec   =               106.15
Entropy_mainc   =               299.08
water bonds     =               0.00
helix dipole    =               0.54
loop_entropy    =               0.00
cis_bond        =               1.12
disulfide       =               -14.36
kn electrostatic=               0.00
partial covalent interactions = 0.00
Energy_Ionisation =             0.52
Entropy Complex =               0.00
-----------------------------------------------------------
Total          = 				  4.15

Residue ASPA66 has high Energy, we mutate it to itself
Repair Residue ID= ASPA66

BackHbond       =               -164.80
SideHbond       =               -21.16
Energy_VdW      =               -221.26
Electro         =               -6.96
Energy_SolvP    =               292.33
Energy_SolvH    =               -285.81
Energy_vdwclash =               16.12
energy_torsion  =               2.62
backbone_vdwclash=              179.00
Entropy_sidec   =               106.15
Entropy_mainc   =               299.08
water bonds     =               0.00
helix dipole    =               0.54
loop_entropy    =               0.00
cis_bond        =               1.12
disulfide       =               -14.36
kn electrostatic=               0.00
partial covalent interactions = 0.00
Energy_Ionisation =             0.52
Entropy Complex =               0.00
-----------------------------------------------------------
Total          = 				  4.15

Residue HISA67 has high Energy, we mutate it to itself
We optimize, instead of self-mutatingH1SA67
Repair Residue ID= H1SA67

BackHbond       =               -164.81
SideHbond       =               -22.43
Energy_VdW      =               -221.49
Electro         =               -6.91
Energy_SolvP    =               292.60
Energy_SolvH    =               -286.02
Energy_vdwclash =               16.14
energy_torsion  =               2.63
backbone_vdwclash=              179.04
Entropy_sidec   =               106.56
Entropy_mainc   =               299.09
water bonds     =               0.00
helix dipole    =               0.93
loop_entropy    =               0.00
cis_bond        =               1.12
disulfide       =               -14.36
kn electrostatic=               0.00
partial covalent interactions = 0.00
Energy_Ionisation =             0.34
Entropy Complex =               0.00
-----------------------------------------------------------
Total          = 				  3.39

Residue TYRA68 has high Energy, we mutate it to itself
We optimize, instead of self-mutatingTYRA68
Repair Residue ID= TYRA68

BackHbond       =               -164.80
SideHbond       =               -22.43
Energy_VdW      =               -221.51
Electro         =               -6.91
Energy_SolvP    =               292.59
Energy_SolvH    =               -286.06
Energy_vdwclash =               16.14
energy_torsion  =               2.63
backbone_vdwclash=              179.04
Entropy_sidec   =               106.56
Entropy_mainc   =               299.09
water bonds     =               0.00
helix dipole    =               0.93
loop_entropy    =               0.00
cis_bond        =               1.12
disulfide       =               -14.36
kn electrostatic=               0.00
partial covalent interactions = 0.00
Energy_Ionisation =             0.34
Entropy Complex =               0.00
-----------------------------------------------------------
Total          = 				  3.34

Residue PHEA69 has high Energy, we mutate it to itself
Residue PROA70 has high Energy, we mutate it to itself
Repair Residue ID= PROA70

BackHbond       =               -164.85
SideHbond       =               -22.43
Energy_VdW      =               -221.65
Electro         =               -6.90
Energy_SolvP    =               292.62
Energy_SolvH    =               -286.29
Energy_vdwclash =               15.27
energy_torsion  =               2.63
backbone_vdwclash=              179.19
Entropy_sidec   =               106.51
Entropy_mainc   =               299.09
water bonds     =               0.00
helix dipole    =               0.93
loop_entropy    =               0.00
cis_bond        =               1.12
disulfide       =               -14.36
kn electrostatic=               0.00
partial covalent interactions = 0.00
Energy_Ionisation =             0.34
Entropy Complex =               0.00
-----------------------------------------------------------
Total          = 				  2.04

Residue SERA72 has high Energy, we mutate it to itself
We optimize, instead of self-mutatingSERA72
Repair Residue ID= SERA72

BackHbond       =               -164.85
SideHbond       =               -22.42
Energy_VdW      =               -221.65
Electro         =               -6.90
Energy_SolvP    =               292.62
Energy_SolvH    =               -286.30
Energy_vdwclash =               15.26
energy_torsion  =               2.63
backbone_vdwclash=              179.19
Entropy_sidec   =               106.51
Entropy_mainc   =               299.09
water bonds     =               0.00
helix dipole    =               0.93
loop_entropy    =               0.00
cis_bond        =               1.12
disulfide       =               -14.36
kn electrostatic=               0.00
partial covalent interactions = 0.00
Energy_Ionisation =             0.34
Entropy Complex =               0.00
-----------------------------------------------------------
Total          = 				  2.04

Residue H2SA73 has high Energy, we mutate it to itself
We optimize, instead of self-mutatingH2SA73
We optimize, instead of self-mutatingH2SA73
Repair Residue ID= H2SA73

BackHbond       =               -165.29
SideHbond       =               -25.26
Energy_VdW      =               -221.65
Electro         =               -6.86
Energy_SolvP    =               291.76
Energy_SolvH    =               -286.42
Energy_vdwclash =               13.97
energy_torsion  =               2.63
backbone_vdwclash=              179.23
Entropy_sidec   =               106.58
Entropy_mainc   =               299.60
water bonds     =               0.00
helix dipole    =               0.93
loop_entropy    =               0.00
cis_bond        =               1.12
disulfide       =               -14.36
kn electrostatic=               0.00
partial covalent interactions = 0.00
Energy_Ionisation =             0.31
Entropy Complex =               0.00
-----------------------------------------------------------
Total          = 				  -2.91

Residue ILEA74 has high Energy, we mutate it to itself
Repair Residue ID= ILEA74

BackHbond       =               -165.33
SideHbond       =               -25.24
Energy_VdW      =               -221.57
Electro         =               -6.88
Energy_SolvP    =               291.61
Energy_SolvH    =               -286.39
Energy_vdwclash =               12.63
energy_torsion  =               2.63
backbone_vdwclash=              178.99
Entropy_sidec   =               106.67
Entropy_mainc   =               299.55
water bonds     =               0.00
helix dipole    =               0.93
loop_entropy    =               0.00
cis_bond        =               1.12
disulfide       =               -14.36
kn electrostatic=               0.00
partial covalent interactions = 0.00
Energy_Ionisation =             0.31
Entropy Complex =               0.00
-----------------------------------------------------------
Total          = 				  -4.30

Residue ARGA75 has high Energy, we mutate it to itself
Repair Residue ID= ARGA75

BackHbond       =               -165.39
SideHbond       =               -25.24
Energy_VdW      =               -221.77
Electro         =               -6.65
Energy_SolvP    =               291.26
Energy_SolvH    =               -286.92
Energy_vdwclash =               12.62
energy_torsion  =               2.63
backbone_vdwclash=              178.93
Entropy_sidec   =               106.85
Entropy_mainc   =               299.55
water bonds     =               0.00
helix dipole    =               0.90
loop_entropy    =               0.00
cis_bond        =               1.12
disulfide       =               -14.36
kn electrostatic=               0.00
partial covalent interactions = 0.00
Energy_Ionisation =             0.31
Entropy Complex =               0.00
-----------------------------------------------------------
Total          = 				  -5.09

Residue GLNA80 has high Energy, we mutate it to itself
We optimize, instead of self-mutatingGLNA80
Repair Residue ID= GLNA80

BackHbond       =               -165.38
SideHbond       =               -25.30
Energy_VdW      =               -221.78
Electro         =               -6.65
Energy_SolvP    =               291.22
Energy_SolvH    =               -286.96
Energy_vdwclash =               12.62
energy_torsion  =               2.62
backbone_vdwclash=              178.92
Entropy_sidec   =               106.85
Entropy_mainc   =               299.55
water bonds     =               0.00
helix dipole    =               0.90
loop_entropy    =               0.00
cis_bond        =               1.12
disulfide       =               -14.36
kn electrostatic=               0.00
partial covalent interactions = 0.00
Energy_Ionisation =             0.31
Entropy Complex =               0.00
-----------------------------------------------------------
Total          = 				  -5.24

Residue ILEA82 has high Energy, we mutate it to itself
Repair Residue ID= ILEA82

BackHbond       =               -165.40
SideHbond       =               -25.30
Energy_VdW      =               -221.82
Electro         =               -6.65
Energy_SolvP    =               291.24
Energy_SolvH    =               -287.05
Energy_vdwclash =               12.62
energy_torsion  =               2.62
backbone_vdwclash=              178.95
Entropy_sidec   =               106.89
Entropy_mainc   =               299.55
water bonds     =               0.00
helix dipole    =               0.90
loop_entropy    =               0.00
cis_bond        =               1.12
disulfide       =               -14.36
kn electrostatic=               0.00
partial covalent interactions = 0.00
Energy_Ionisation =             0.31
Entropy Complex =               0.00
-----------------------------------------------------------
Total          = 				  -5.34

Residue PHEA83 has high Energy, we mutate it to itself
Repair Residue ID= PHEA83

BackHbond       =               -165.44
SideHbond       =               -25.30
Energy_VdW      =               -221.90
Electro         =               -6.67
Energy_SolvP    =               291.25
Energy_SolvH    =               -287.19
Energy_vdwclash =               12.61
energy_torsion  =               2.62
backbone_vdwclash=              179.05
Entropy_sidec   =               106.96
Entropy_mainc   =               299.55
water bonds     =               0.00
helix dipole    =               0.90
loop_entropy    =               0.00
cis_bond        =               1.12
disulfide       =               -14.36
kn electrostatic=               0.00
partial covalent interactions = 0.00
Energy_Ionisation =             0.31
Entropy Complex =               0.00
-----------------------------------------------------------
Total          = 				  -5.53

Residue VALA84 has high Energy, we mutate it to itself
Repair Residue ID= VALA84

BackHbond       =               -165.44
SideHbond       =               -25.30
Energy_VdW      =               -221.90
Electro         =               -6.67
Energy_SolvP    =               291.25
Energy_SolvH    =               -287.19
Energy_vdwclash =               12.61
energy_torsion  =               2.62
backbone_vdwclash=              179.05
Entropy_sidec   =               106.96
Entropy_mainc   =               299.55
water bonds     =               0.00
helix dipole    =               0.90
loop_entropy    =               0.00
cis_bond        =               1.12
disulfide       =               -14.36
kn electrostatic=               0.00
partial covalent interactions = 0.00
Energy_Ionisation =             0.31
Entropy Complex =               0.00
-----------------------------------------------------------
Total          = 				  -5.53

Residue SERA85 has high Energy, we mutate it to itself
We optimize, instead of self-mutatingSERA85
We optimize, instead of self-mutatingSERA85
Repair Residue ID= SERA85

BackHbond       =               -165.95
SideHbond       =               -25.92
Energy_VdW      =               -221.89
Electro         =               -6.67
Energy_SolvP    =               290.93
Energy_SolvH    =               -287.35
Energy_vdwclash =               11.60
energy_torsion  =               2.63
backbone_vdwclash=              179.05
Entropy_sidec   =               107.33
Entropy_mainc   =               299.55
water bonds     =               0.00
helix dipole    =               0.90
loop_entropy    =               0.00
cis_bond        =               1.12
disulfide       =               -14.36
kn electrostatic=               0.00
partial covalent interactions = 0.00
Energy_Ionisation =             0.31
Entropy Complex =               0.00
-----------------------------------------------------------
Total          = 				  -7.77

Residue THRA86 has high Energy, we mutate it to itself
Repair Residue ID= THRA86

BackHbond       =               -166.06
SideHbond       =               -25.65
Energy_VdW      =               -221.80
Electro         =               -6.67
Energy_SolvP    =               290.76
Energy_SolvH    =               -287.27
Energy_vdwclash =               11.60
energy_torsion  =               2.78
backbone_vdwclash=              179.04
Entropy_sidec   =               106.95
Entropy_mainc   =               299.55
water bonds     =               0.00
helix dipole    =               0.90
loop_entropy    =               0.00
cis_bond        =               1.12
disulfide       =               -14.36
kn electrostatic=               0.00
partial covalent interactions = 0.00
Energy_Ionisation =             0.31
Entropy Complex =               0.00
-----------------------------------------------------------
Total          = 				  -7.83

Residue LEUA89 has high Energy, we mutate it to itself
Repair Residue ID= LEUA89

BackHbond       =               -166.08
SideHbond       =               -25.65
Energy_VdW      =               -221.95
Electro         =               -6.67
Energy_SolvP    =               290.78
Energy_SolvH    =               -287.58
Energy_vdwclash =               11.60
energy_torsion  =               2.79
backbone_vdwclash=              178.97
Entropy_sidec   =               107.09
Entropy_mainc   =               299.55
water bonds     =               0.00
helix dipole    =               0.90
loop_entropy    =               0.00
cis_bond        =               1.12
disulfide       =               -14.36
kn electrostatic=               0.00
partial covalent interactions = 0.00
Energy_Ionisation =             0.31
Entropy Complex =               0.00
-----------------------------------------------------------
Total          = 				  -8.13

Residue LEUA90 has high Energy, we mutate it to itself
Repair Residue ID= LEUA90

BackHbond       =               -166.08
SideHbond       =               -25.65
Energy_VdW      =               -222.01
Electro         =               -6.67
Energy_SolvP    =               290.81
Energy_SolvH    =               -287.70
Energy_vdwclash =               11.62
energy_torsion  =               2.79
backbone_vdwclash=              178.97
Entropy_sidec   =               107.14
Entropy_mainc   =               299.55
water bonds     =               0.00
helix dipole    =               0.90
loop_entropy    =               0.00
cis_bond        =               1.12
disulfide       =               -14.36
kn electrostatic=               0.00
partial covalent interactions = 0.00
Energy_Ionisation =             0.31
Entropy Complex =               0.00
-----------------------------------------------------------
Total          = 				  -8.23

Residue VALA91 has high Energy, we mutate it to itself
Repair Residue ID= VALA91

BackHbond       =               -166.09
SideHbond       =               -25.65
Energy_VdW      =               -222.08
Electro         =               -6.67
Energy_SolvP    =               290.87
Energy_SolvH    =               -287.81
Energy_vdwclash =               11.67
energy_torsion  =               2.77
backbone_vdwclash=              179.05
Entropy_sidec   =               107.14
Entropy_mainc   =               299.55
water bonds     =               0.00
helix dipole    =               0.90
loop_entropy    =               0.00
cis_bond        =               1.12
disulfide       =               -14.36
kn electrostatic=               0.00
partial covalent interactions = 0.00
Energy_Ionisation =             0.31
Entropy Complex =               0.00
-----------------------------------------------------------
Total          = 				  -8.32

Residue META93 has high Energy, we mutate it to itself
Repair Residue ID= META93

BackHbond       =               -166.15
SideHbond       =               -25.65
Energy_VdW      =               -222.84
Electro         =               -6.67
Energy_SolvP    =               291.11
Energy_SolvH    =               -289.25
Energy_vdwclash =               11.74
energy_torsion  =               2.79
backbone_vdwclash=              179.28
Entropy_sidec   =               107.77
Entropy_mainc   =               299.55
water bonds     =               0.00
helix dipole    =               0.90
loop_entropy    =               0.00
cis_bond        =               1.12
disulfide       =               -14.36
kn electrostatic=               0.00
partial covalent interactions = 0.00
Energy_Ionisation =             0.31
Entropy Complex =               0.00
-----------------------------------------------------------
Total          = 				  -9.64

Residue H2SA94 has high Energy, we mutate it to itself
We optimize, instead of self-mutatingH2SA94
Repair Residue ID= H2SA94

BackHbond       =               -166.15
SideHbond       =               -25.66
Energy_VdW      =               -222.85
Electro         =               -6.67
Energy_SolvP    =               291.11
Energy_SolvH    =               -289.26
Energy_vdwclash =               11.75
energy_torsion  =               2.79
backbone_vdwclash=              179.28
Entropy_sidec   =               107.77
Entropy_mainc   =               299.55
water bonds     =               0.00
helix dipole    =               0.90
loop_entropy    =               0.00
cis_bond        =               1.12
disulfide       =               -14.36
kn electrostatic=               0.00
partial covalent interactions = 0.00
Energy_Ionisation =             0.31
Entropy Complex =               0.00
-----------------------------------------------------------
Total          = 				  -9.65

Residue VALA95 has high Energy, we mutate it to itself
Repair Residue ID= VALA95

BackHbond       =               -166.15
SideHbond       =               -25.66
Energy_VdW      =               -222.90
Electro         =               -6.67
Energy_SolvP    =               291.12
Energy_SolvH    =               -289.38
Energy_vdwclash =               11.77
energy_torsion  =               2.79
backbone_vdwclash=              179.29
Entropy_sidec   =               107.78
Entropy_mainc   =               299.55
water bonds     =               0.00
helix dipole    =               0.90
loop_entropy    =               0.00
cis_bond        =               1.12
disulfide       =               -14.36
kn electrostatic=               0.00
partial covalent interactions = 0.00
Energy_Ionisation =             0.31
Entropy Complex =               0.00
-----------------------------------------------------------
Total          = 				  -9.79

Residue TYRA97 has high Energy, we mutate it to itself
Repair Residue ID= TYRA97

BackHbond       =               -166.21
SideHbond       =               -25.87
Energy_VdW      =               -223.22
Electro         =               -6.58
Energy_SolvP    =               290.96
Energy_SolvH    =               -290.02
Energy_vdwclash =               11.84
energy_torsion  =               2.82
backbone_vdwclash=              179.57
Entropy_sidec   =               108.09
Entropy_mainc   =               299.55
water bonds     =               0.00
helix dipole    =               0.87
loop_entropy    =               0.00
cis_bond        =               1.12
disulfide       =               -14.36
kn electrostatic=               0.00
partial covalent interactions = 0.00
Energy_Ionisation =             0.31
Entropy Complex =               0.00
-----------------------------------------------------------
Total          = 				  -10.71

Residue ARGA98 has high Energy, we mutate it to itself
Repair Residue ID= ARGA98

BackHbond       =               -166.22
SideHbond       =               -25.91
Energy_VdW      =               -222.88
Electro         =               -6.58
Energy_SolvP    =               289.95
Energy_SolvH    =               -290.00
Energy_vdwclash =               11.15
energy_torsion  =               2.82
backbone_vdwclash=              179.36
Entropy_sidec   =               107.96
Entropy_mainc   =               299.49
water bonds     =               0.00
helix dipole    =               0.74
loop_entropy    =               0.00
cis_bond        =               1.12
disulfide       =               -14.36
kn electrostatic=               0.00
partial covalent interactions = 0.00
Energy_Ionisation =             0.30
Entropy Complex =               0.00
-----------------------------------------------------------
Total          = 				  -12.42

Residue ARGA99 has high Energy, we mutate it to itself
We optimize, instead of self-mutatingARGA99
Repair Residue ID= ARGA99

BackHbond       =               -166.21
SideHbond       =               -25.89
Energy_VdW      =               -222.86
Electro         =               -6.58
Energy_SolvP    =               289.89
Energy_SolvH    =               -290.00
Energy_vdwclash =               11.13
energy_torsion  =               2.82
backbone_vdwclash=              179.31
Entropy_sidec   =               107.94
Entropy_mainc   =               299.46
water bonds     =               0.00
helix dipole    =               0.74
loop_entropy    =               0.00
cis_bond        =               1.12
disulfide       =               -14.36
kn electrostatic=               0.00
partial covalent interactions = 0.00
Energy_Ionisation =             0.30
Entropy Complex =               0.00
-----------------------------------------------------------
Total          = 				  -12.49

Residue H2SA100 has high Energy, we mutate it to itself
We optimize, instead of self-mutatingH1SA100
We optimize, instead of self-mutatingH1SA100
Repair Residue ID= H1SA100

BackHbond       =               -166.90
SideHbond       =               -26.46
Energy_VdW      =               -223.27
Electro         =               -6.64
Energy_SolvP    =               290.39
Energy_SolvH    =               -290.49
Energy_vdwclash =               11.13
energy_torsion  =               2.84
backbone_vdwclash=              179.74
Entropy_sidec   =               108.80
Entropy_mainc   =               299.45
water bonds     =               0.00
helix dipole    =               0.68
loop_entropy    =               0.00
cis_bond        =               1.12
disulfide       =               -14.36
kn electrostatic=               0.00
partial covalent interactions = 0.00
Energy_Ionisation =             0.30
Entropy Complex =               0.00
-----------------------------------------------------------
Total          = 				  -13.40

Residue GLUA101 has high Energy, we mutate it to itself
Repair Residue ID= GLUA101

BackHbond       =               -166.90
SideHbond       =               -25.77
Energy_VdW      =               -223.27
Electro         =               -6.36
Energy_SolvP    =               290.18
Energy_SolvH    =               -290.49
Energy_vdwclash =               11.13
energy_torsion  =               2.84
backbone_vdwclash=              180.06
Entropy_sidec   =               107.74
Entropy_mainc   =               299.45
water bonds     =               0.00
helix dipole    =               0.66
loop_entropy    =               0.00
cis_bond        =               1.12
disulfide       =               -14.36
kn electrostatic=               0.00
partial covalent interactions = 0.00
Energy_Ionisation =             0.30
Entropy Complex =               0.00
-----------------------------------------------------------
Total          = 				  -13.74

Residue LYSA102 has high Energy, we mutate it to itself
Repair Residue ID= LYSA102

BackHbond       =               -166.85
SideHbond       =               -25.77
Energy_VdW      =               -223.73
Electro         =               -6.67
Energy_SolvP    =               290.41
Energy_SolvH    =               -291.49
Energy_vdwclash =               11.13
energy_torsion  =               2.85
backbone_vdwclash=              179.83
Entropy_sidec   =               108.38
Entropy_mainc   =               299.45
water bonds     =               0.00
helix dipole    =               0.64
loop_entropy    =               0.00
cis_bond        =               1.12
disulfide       =               -14.36
kn electrostatic=               0.00
partial covalent interactions = 0.00
Energy_Ionisation =             0.30
Entropy Complex =               0.00
-----------------------------------------------------------
Total          = 				  -14.59

Residue LYSA103 has high Energy, we mutate it to itself
Repair Residue ID= LYSA103

BackHbond       =               -166.86
SideHbond       =               -25.77
Energy_VdW      =               -223.64
Electro         =               -6.68
Energy_SolvP    =               290.09
Energy_SolvH    =               -291.40
Energy_vdwclash =               11.12
energy_torsion  =               2.85
backbone_vdwclash=              179.84
Entropy_sidec   =               108.30
Entropy_mainc   =               299.42
water bonds     =               0.00
helix dipole    =               0.64
loop_entropy    =               0.00
cis_bond        =               1.12
disulfide       =               -14.36
kn electrostatic=               0.00
partial covalent interactions = 0.00
Energy_Ionisation =             0.30
Entropy Complex =               0.00
-----------------------------------------------------------
Total          = 				  -14.88

Residue ARGA104 has high Energy, we mutate it to itself
Repair Residue ID= ARGA104

BackHbond       =               -166.86
SideHbond       =               -25.77
Energy_VdW      =               -223.63
Electro         =               -6.68
Energy_SolvP    =               290.08
Energy_SolvH    =               -291.40
Energy_vdwclash =               11.12
energy_torsion  =               2.84
backbone_vdwclash=              179.84
Entropy_sidec   =               108.29
Entropy_mainc   =               299.42
water bonds     =               0.00
helix dipole    =               0.64
loop_entropy    =               0.00
cis_bond        =               1.12
disulfide       =               -14.36
kn electrostatic=               0.00
partial covalent interactions = 0.00
Energy_Ionisation =             0.30
Entropy Complex =               0.00
-----------------------------------------------------------
Total          = 				  -14.89

Residue LYSA105 has high Energy, we mutate it to itself
Repair Residue ID= LYSA105

BackHbond       =               -166.90
SideHbond       =               -25.77
Energy_VdW      =               -223.76
Electro         =               -6.77
Energy_SolvP    =               290.16
Energy_SolvH    =               -291.61
Energy_vdwclash =               11.13
energy_torsion  =               2.84
backbone_vdwclash=              179.90
Entropy_sidec   =               108.48
Entropy_mainc   =               299.42
water bonds     =               0.00
helix dipole    =               0.63
loop_entropy    =               0.00
cis_bond        =               1.12
disulfide       =               -14.36
kn electrostatic=               0.00
partial covalent interactions = 0.00
Energy_Ionisation =             0.30
Entropy Complex =               0.00
-----------------------------------------------------------
Total          = 				  -15.10

Residue ILEA107 has high Energy, we mutate it to itself
Repair Residue ID= ILEA107

BackHbond       =               -166.91
SideHbond       =               -25.77
Energy_VdW      =               -223.82
Electro         =               -6.77
Energy_SolvP    =               290.17
Energy_SolvH    =               -291.73
Energy_vdwclash =               11.15
energy_torsion  =               2.84
backbone_vdwclash=              179.91
Entropy_sidec   =               108.52
Entropy_mainc   =               299.42
water bonds     =               0.00
helix dipole    =               0.63
loop_entropy    =               0.00
cis_bond        =               1.12
disulfide       =               -14.36
kn electrostatic=               0.00
partial covalent interactions = 0.00
Energy_Ionisation =             0.30
Entropy Complex =               0.00
-----------------------------------------------------------
Total          = 				  -15.21

Residue LYSA108 has high Energy, we mutate it to itself
Repair Residue ID= LYSA108

BackHbond       =               -166.94
SideHbond       =               -25.77
Energy_VdW      =               -224.04
Electro         =               -6.63
Energy_SolvP    =               290.05
Energy_SolvH    =               -292.12
Energy_vdwclash =               11.16
energy_torsion  =               2.83
backbone_vdwclash=              179.90
Entropy_sidec   =               108.67
Entropy_mainc   =               299.42
water bonds     =               0.00
helix dipole    =               0.58
loop_entropy    =               0.00
cis_bond        =               1.12
disulfide       =               -14.36
kn electrostatic=               0.00
partial covalent interactions = 0.00
Energy_Ionisation =             0.30
Entropy Complex =               0.00
-----------------------------------------------------------
Total          = 				  -15.72

Residue GLUA110 has high Energy, we mutate it to itself
Repair Residue ID= GLUA110

BackHbond       =               -166.94
SideHbond       =               -25.77
Energy_VdW      =               -224.04
Electro         =               -6.51
Energy_SolvP    =               289.55
Energy_SolvH    =               -292.21
Energy_vdwclash =               11.17
energy_torsion  =               2.85
backbone_vdwclash=              179.97
Entropy_sidec   =               108.58
Entropy_mainc   =               299.43
water bonds     =               0.00
helix dipole    =               0.56
loop_entropy    =               0.00
cis_bond        =               1.12
disulfide       =               -14.36
kn electrostatic=               0.00
partial covalent interactions = 0.00
Energy_Ionisation =             0.30
Entropy Complex =               0.00
-----------------------------------------------------------
Total          = 				  -16.26

Residue LYSA112 has high Energy, we mutate it to itself
Repair Residue ID= LYSA112

BackHbond       =               -166.94
SideHbond       =               -25.77
Energy_VdW      =               -224.15
Electro         =               -6.51
Energy_SolvP    =               289.51
Energy_SolvH    =               -292.42
Energy_vdwclash =               11.17
energy_torsion  =               2.85
backbone_vdwclash=              179.87
Entropy_sidec   =               108.62
Entropy_mainc   =               299.43
water bonds     =               0.00
helix dipole    =               0.58
loop_entropy    =               0.00
cis_bond        =               1.12
disulfide       =               -14.36
kn electrostatic=               0.00
partial covalent interactions = 0.00
Energy_Ionisation =             0.30
Entropy Complex =               0.00
-----------------------------------------------------------
Total          = 				  -16.58

Residue SERA113 has high Energy, we mutate it to itself
Repair Residue ID= SERA113

BackHbond       =               -166.94
SideHbond       =               -25.77
Energy_VdW      =               -224.06
Electro         =               -6.51
Energy_SolvP    =               289.36
Energy_SolvH    =               -292.32
Energy_vdwclash =               11.17
energy_torsion  =               2.85
backbone_vdwclash=              179.85
Entropy_sidec   =               108.57
Entropy_mainc   =               299.37
water bonds     =               0.00
helix dipole    =               0.58
loop_entropy    =               0.00
cis_bond        =               1.12
disulfide       =               -14.36
kn electrostatic=               0.00
partial covalent interactions = 0.00
Energy_Ionisation =             0.30
Entropy Complex =               0.00
-----------------------------------------------------------
Total          = 				  -16.65

Residue GLUA114 has high Energy, we mutate it to itself
Repair Residue ID= GLUA114

BackHbond       =               -166.94
SideHbond       =               -25.77
Energy_VdW      =               -223.81
Electro         =               -6.21
Energy_SolvP    =               288.45
Energy_SolvH    =               -292.05
Energy_vdwclash =               11.17
energy_torsion  =               2.84
backbone_vdwclash=              179.84
Entropy_sidec   =               108.19
Entropy_mainc   =               299.33
water bonds     =               0.00
helix dipole    =               0.56
loop_entropy    =               0.00
cis_bond        =               1.12
disulfide       =               -14.36
kn electrostatic=               0.00
partial covalent interactions = 0.00
Energy_Ionisation =             0.30
Entropy Complex =               0.00
-----------------------------------------------------------
Total          = 				  -17.17

Residue LYSA116 has high Energy, we mutate it to itself
Repair Residue ID= LYSA116

BackHbond       =               -166.97
SideHbond       =               -26.48
Energy_VdW      =               -224.07
Electro         =               -6.86
Energy_SolvP    =               289.15
Energy_SolvH    =               -292.36
Energy_vdwclash =               11.16
energy_torsion  =               2.87
backbone_vdwclash=              179.87
Entropy_sidec   =               108.89
Entropy_mainc   =               299.38
water bonds     =               0.00
helix dipole    =               0.56
loop_entropy    =               0.00
cis_bond        =               1.12
disulfide       =               -14.36
kn electrostatic=               0.00
partial covalent interactions = 0.00
Energy_Ionisation =             0.30
Entropy Complex =               0.00
-----------------------------------------------------------
Total          = 				  -17.65

Residue ASPA117 has high Energy, we mutate it to itself
We optimize, instead of self-mutatingASPA117
We optimize, instead of self-mutatingASPA117
Repair Residue ID= ASPA117

BackHbond       =               -167.85
SideHbond       =               -27.39
Energy_VdW      =               -224.72
Electro         =               -6.73
Energy_SolvP    =               289.93
Energy_SolvH    =               -293.44
Energy_vdwclash =               11.39
energy_torsion  =               2.87
backbone_vdwclash=              180.26
Entropy_sidec   =               109.64
Entropy_mainc   =               299.47
water bonds     =               0.00
helix dipole    =               0.57
loop_entropy    =               0.00
cis_bond        =               1.12
disulfide       =               -14.36
kn electrostatic=               0.00
partial covalent interactions = 0.00
Energy_Ionisation =             0.30
Entropy Complex =               0.00
-----------------------------------------------------------
Total          = 				  -19.20

Residue ILEA118 has high Energy, we mutate it to itself
Repair Residue ID= ILEA118

BackHbond       =               -167.85
SideHbond       =               -27.39
Energy_VdW      =               -224.72
Electro         =               -6.73
Energy_SolvP    =               289.93
Energy_SolvH    =               -293.43
Energy_vdwclash =               11.35
energy_torsion  =               2.86
backbone_vdwclash=              180.26
Entropy_sidec   =               109.63
Entropy_mainc   =               299.46
water bonds     =               0.00
helix dipole    =               0.57
loop_entropy    =               0.00
cis_bond        =               1.12
disulfide       =               -14.36
kn electrostatic=               0.00
partial covalent interactions = 0.00
Energy_Ionisation =             0.30
Entropy Complex =               0.00
-----------------------------------------------------------
Total          = 				  -19.24

Residue GLUA119 has high Energy, we mutate it to itself
Repair Residue ID= GLUA119

BackHbond       =               -167.85
SideHbond       =               -27.39
Energy_VdW      =               -224.82
Electro         =               -6.91
Energy_SolvP    =               289.92
Energy_SolvH    =               -293.59
Energy_vdwclash =               11.35
energy_torsion  =               2.86
backbone_vdwclash=              180.34
Entropy_sidec   =               109.75
Entropy_mainc   =               299.45
water bonds     =               0.00
helix dipole    =               0.57
loop_entropy    =               0.00
cis_bond        =               1.12
disulfide       =               -14.36
kn electrostatic=               0.00
partial covalent interactions = 0.00
Energy_Ionisation =             0.30
Entropy Complex =               0.00
-----------------------------------------------------------
Total          = 				  -19.60

Residue GLUA120 has high Energy, we mutate it to itself
We optimize, instead of self-mutatingGLUA120
Repair Residue ID= GLUA120

BackHbond       =               -167.85
SideHbond       =               -27.42
Energy_VdW      =               -224.82
Electro         =               -6.90
Energy_SolvP    =               289.92
Energy_SolvH    =               -293.59
Energy_vdwclash =               11.35
energy_torsion  =               2.85
backbone_vdwclash=              180.34
Entropy_sidec   =               109.76
Entropy_mainc   =               299.45
water bonds     =               0.00
helix dipole    =               0.57
loop_entropy    =               0.00
cis_bond        =               1.12
disulfide       =               -14.36
kn electrostatic=               0.00
partial covalent interactions = 0.00
Energy_Ionisation =             0.30
Entropy Complex =               0.00
-----------------------------------------------------------
Total          = 				  -19.62

Residue LYSA122 has high Energy, we mutate it to itself
Repair Residue ID= LYSA122

BackHbond       =               -167.86
SideHbond       =               -27.42
Energy_VdW      =               -225.04
Electro         =               -6.88
Energy_SolvP    =               290.06
Energy_SolvH    =               -293.97
Energy_vdwclash =               11.41
energy_torsion  =               2.86
backbone_vdwclash=              180.43
Entropy_sidec   =               109.93
Entropy_mainc   =               299.49
water bonds     =               0.00
helix dipole    =               0.57
loop_entropy    =               0.00
cis_bond        =               1.12
disulfide       =               -14.36
kn electrostatic=               0.00
partial covalent interactions = 0.00
Energy_Ionisation =             0.30
Entropy Complex =               0.00
-----------------------------------------------------------
Total          = 				  -19.79

Residue THRA123 has high Energy, we mutate it to itself
We optimize, instead of self-mutatingTHRA123
Repair Residue ID= THRA123

BackHbond       =               -167.94
SideHbond       =               -27.53
Energy_VdW      =               -224.79
Electro         =               -6.86
Energy_SolvP    =               289.67
Energy_SolvH    =               -293.66
Energy_vdwclash =               11.41
energy_torsion  =               2.81
backbone_vdwclash=              180.18
Entropy_sidec   =               109.86
Entropy_mainc   =               299.46
water bonds     =               0.00
helix dipole    =               0.57
loop_entropy    =               0.00
cis_bond        =               1.12
disulfide       =               -14.36
kn electrostatic=               0.00
partial covalent interactions = 0.00
Energy_Ionisation =             0.30
Entropy Complex =               0.00
-----------------------------------------------------------
Total          = 				  -19.93

Residue GLNA124 has high Energy, we mutate it to itself
Repair Residue ID= GLNA124

BackHbond       =               -167.95
SideHbond       =               -27.53
Energy_VdW      =               -224.73
Electro         =               -6.86
Energy_SolvP    =               289.53
Energy_SolvH    =               -293.59
Energy_vdwclash =               11.41
energy_torsion  =               2.81
backbone_vdwclash=              180.18
Entropy_sidec   =               109.76
Entropy_mainc   =               299.50
water bonds     =               0.00
helix dipole    =               0.57
loop_entropy    =               0.00
cis_bond        =               1.12
disulfide       =               -14.36
kn electrostatic=               0.00
partial covalent interactions = 0.00
Energy_Ionisation =             0.30
Entropy Complex =               0.00
-----------------------------------------------------------
Total          = 				  -20.02

Residue LYSA125 has high Energy, we mutate it to itself
Repair Residue ID= LYSA125

BackHbond       =               -167.95
SideHbond       =               -27.53
Energy_VdW      =               -224.75
Electro         =               -6.84
Energy_SolvP    =               289.53
Energy_SolvH    =               -293.64
Energy_vdwclash =               11.41
energy_torsion  =               2.81
backbone_vdwclash=              180.18
Entropy_sidec   =               109.75
Entropy_mainc   =               299.51
water bonds     =               0.00
helix dipole    =               0.56
loop_entropy    =               0.00
cis_bond        =               1.12
disulfide       =               -14.36
kn electrostatic=               0.00
partial covalent interactions = 0.00
Energy_Ionisation =             0.30
Entropy Complex =               0.00
-----------------------------------------------------------
Total          = 				  -20.06

Residue VALA126 has high Energy, we mutate it to itself
Repair Residue ID= VALA126

BackHbond       =               -167.95
SideHbond       =               -27.53
Energy_VdW      =               -224.76
Electro         =               -6.84
Energy_SolvP    =               289.54
Energy_SolvH    =               -293.66
Energy_vdwclash =               11.29
energy_torsion  =               2.84
backbone_vdwclash=              180.18
Entropy_sidec   =               109.76
Entropy_mainc   =               299.51
water bonds     =               0.00
helix dipole    =               0.56
loop_entropy    =               0.00
cis_bond        =               1.12
disulfide       =               -14.36
kn electrostatic=               0.00
partial covalent interactions = 0.00
Energy_Ionisation =             0.30
Entropy Complex =               0.00
-----------------------------------------------------------
Total          = 				  -20.16

Residue ARGA127 has high Energy, we mutate it to itself
Repair Residue ID= ARGA127

BackHbond       =               -167.95
SideHbond       =               -27.53
Energy_VdW      =               -224.77
Electro         =               -6.67
Energy_SolvP    =               289.40
Energy_SolvH    =               -293.74
Energy_vdwclash =               11.29
energy_torsion  =               2.85
backbone_vdwclash=              180.18
Entropy_sidec   =               109.63
Entropy_mainc   =               299.51
water bonds     =               0.00
helix dipole    =               0.56
loop_entropy    =               0.00
cis_bond        =               1.12
disulfide       =               -14.36
kn electrostatic=               0.00
partial covalent interactions = 0.00
Energy_Ionisation =             0.30
Entropy Complex =               0.00
-----------------------------------------------------------
Total          = 				  -20.35

Residue ILEA128 has high Energy, we mutate it to itself
Residue GLUA129 has high Energy, we mutate it to itself
Repair Residue ID= GLUA129

BackHbond       =               -167.95
SideHbond       =               -27.53
Energy_VdW      =               -224.99
Electro         =               -6.66
Energy_SolvP    =               289.39
Energy_SolvH    =               -294.21
Energy_vdwclash =               11.29
energy_torsion  =               2.84
backbone_vdwclash=              180.19
Entropy_sidec   =               109.79
Entropy_mainc   =               299.61
water bonds     =               0.00
helix dipole    =               0.56
loop_entropy    =               0.00
cis_bond        =               1.12
disulfide       =               -14.36
kn electrostatic=               0.00
partial covalent interactions = 0.00
Energy_Ionisation =             0.30
Entropy Complex =               0.00
-----------------------------------------------------------
Total          = 				  -20.77

Residue SERA131 has high Energy, we mutate it to itself
Repair Residue ID= SERA131

BackHbond       =               -167.95
SideHbond       =               -27.53
Energy_VdW      =               -224.90
Electro         =               -6.66
Energy_SolvP    =               289.19
Energy_SolvH    =               -294.17
Energy_vdwclash =               11.27
energy_torsion  =               2.72
backbone_vdwclash=              180.18
Entropy_sidec   =               109.76
Entropy_mainc   =               299.61
water bonds     =               0.00
helix dipole    =               0.56
loop_entropy    =               0.00
cis_bond        =               1.12
disulfide       =               -14.36
kn electrostatic=               0.00
partial covalent interactions = 0.00
Energy_Ionisation =             0.30
Entropy Complex =               0.00
-----------------------------------------------------------
Total          = 				  -21.03

Residue TRPA133 has high Energy, we mutate it to itself
Repair Residue ID= TRPA133

BackHbond       =               -167.95
SideHbond       =               -27.53
Energy_VdW      =               -224.91
Electro         =               -6.66
Energy_SolvP    =               289.16
Energy_SolvH    =               -294.18
Energy_vdwclash =               11.27
energy_torsion  =               2.72
backbone_vdwclash=              180.15
Entropy_sidec   =               109.76
Entropy_mainc   =               299.61
water bonds     =               0.00
helix dipole    =               0.56
loop_entropy    =               0.00
cis_bond        =               1.12
disulfide       =               -14.36
kn electrostatic=               0.00
partial covalent interactions = 0.00
Energy_Ionisation =             0.30
Entropy Complex =               0.00
-----------------------------------------------------------
Total          = 				  -21.07

Residue TRPA134 has high Energy, we mutate it to itself
Repair Residue ID= TRPA134

BackHbond       =               -167.95
SideHbond       =               -27.61
Energy_VdW      =               -225.69
Electro         =               -6.65
Energy_SolvP    =               289.49
Energy_SolvH    =               -295.48
Energy_vdwclash =               11.13
energy_torsion  =               2.72
backbone_vdwclash=              180.10
Entropy_sidec   =               110.16
Entropy_mainc   =               299.73
water bonds     =               0.00
helix dipole    =               0.56
loop_entropy    =               0.00
cis_bond        =               1.12
disulfide       =               -14.36
kn electrostatic=               0.00
partial covalent interactions = 0.00
Energy_Ionisation =             0.30
Entropy Complex =               0.00
-----------------------------------------------------------
Total          = 				  -22.51

Residue THRA135 has high Energy, we mutate it to itself
We optimize, instead of self-mutatingTHRA135
Repair Residue ID= THRA135

BackHbond       =               -167.95
SideHbond       =               -27.61
Energy_VdW      =               -225.69
Electro         =               -6.65
Energy_SolvP    =               289.49
Energy_SolvH    =               -295.48
Energy_vdwclash =               11.13
energy_torsion  =               2.72
backbone_vdwclash=              180.10
Entropy_sidec   =               110.16
Entropy_mainc   =               299.73
water bonds     =               0.00
helix dipole    =               0.56
loop_entropy    =               0.00
cis_bond        =               1.12
disulfide       =               -14.36
kn electrostatic=               0.00
partial covalent interactions = 0.00
Energy_Ionisation =             0.30
Entropy Complex =               0.00
-----------------------------------------------------------
Total          = 				  -22.51

Residue THRA137 has high Energy, we mutate it to itself
Repair Residue ID= THRA137

BackHbond       =               -168.56
SideHbond       =               -28.21
Energy_VdW      =               -225.73
Electro         =               -6.65
Energy_SolvP    =               289.33
Energy_SolvH    =               -295.55
Energy_vdwclash =               11.13
energy_torsion  =               3.98
backbone_vdwclash=              180.15
Entropy_sidec   =               110.16
Entropy_mainc   =               299.73
water bonds     =               0.00
helix dipole    =               0.56
loop_entropy    =               0.00
cis_bond        =               1.12
disulfide       =               -14.36
kn electrostatic=               0.00
partial covalent interactions = 0.00
Energy_Ionisation =             0.30
Entropy Complex =               0.00
-----------------------------------------------------------
Total          = 				  -22.75

Residue SERA138 has high Energy, we mutate it to itself
We optimize, instead of self-mutatingSERA138
Repair Residue ID= SERA138

BackHbond       =               -169.15
SideHbond       =               -28.83
Energy_VdW      =               -225.82
Electro         =               -6.62
Energy_SolvP    =               289.51
Energy_SolvH    =               -295.63
Energy_vdwclash =               11.15
energy_torsion  =               3.99
backbone_vdwclash=              180.24
Entropy_sidec   =               110.45
Entropy_mainc   =               299.73
water bonds     =               0.00
helix dipole    =               0.56
loop_entropy    =               0.00
cis_bond        =               1.12
disulfide       =               -14.36
kn electrostatic=               0.00
partial covalent interactions = 0.00
Energy_Ionisation =             0.30
Entropy Complex =               0.00
-----------------------------------------------------------
Total          = 				  -23.58

Residue SERA139 has high Energy, we mutate it to itself
We optimize, instead of self-mutatingSERA139
Repair Residue ID= SERA139

BackHbond       =               -169.19
SideHbond       =               -28.86
Energy_VdW      =               -225.82
Electro         =               -6.62
Energy_SolvP    =               289.51
Energy_SolvH    =               -295.63
Energy_vdwclash =               11.16
energy_torsion  =               3.99
backbone_vdwclash=              180.24
Entropy_sidec   =               110.45
Entropy_mainc   =               299.73
water bonds     =               0.00
helix dipole    =               0.56
loop_entropy    =               0.00
cis_bond        =               1.12
disulfide       =               -14.36
kn electrostatic=               0.00
partial covalent interactions = 0.00
Energy_Ionisation =             0.30
Entropy Complex =               0.00
-----------------------------------------------------------
Total          = 				  -23.64

Residue PHEA141 has high Energy, we mutate it to itself
Repair Residue ID= PHEA141

BackHbond       =               -169.13
SideHbond       =               -28.86
Energy_VdW      =               -226.09
Electro         =               -6.61
Energy_SolvP    =               289.42
Energy_SolvH    =               -296.30
Energy_vdwclash =               11.04
energy_torsion  =               3.94
backbone_vdwclash=              180.27
Entropy_sidec   =               110.54
Entropy_mainc   =               299.73
water bonds     =               0.00
helix dipole    =               0.56
loop_entropy    =               0.00
cis_bond        =               1.12
disulfide       =               -14.36
kn electrostatic=               0.00
partial covalent interactions = 0.00
Energy_Ionisation =             0.30
Entropy Complex =               0.00
-----------------------------------------------------------
Total          = 				  -24.69

Residue PHEA142 has high Energy, we mutate it to itself
Repair Residue ID= PHEA142

BackHbond       =               -169.13
SideHbond       =               -28.86
Energy_VdW      =               -226.11
Electro         =               -6.61
Energy_SolvP    =               289.42
Energy_SolvH    =               -296.32
Energy_vdwclash =               11.06
energy_torsion  =               3.94
backbone_vdwclash=              180.27
Entropy_sidec   =               110.55
Entropy_mainc   =               299.73
water bonds     =               0.00
helix dipole    =               0.56
loop_entropy    =               0.00
cis_bond        =               1.12
disulfide       =               -14.36
kn electrostatic=               0.00
partial covalent interactions = 0.00
Energy_Ionisation =             0.30
Entropy Complex =               0.00
-----------------------------------------------------------
Total          = 				  -24.70

Residue ARGA143 has high Energy, we mutate it to itself
We optimize, instead of self-mutatingARGA143
We optimize, instead of self-mutatingARGA143
We optimize, instead of self-mutatingARGA143
Repair Residue ID= ARGA143

BackHbond       =               -169.17
SideHbond       =               -31.85
Energy_VdW      =               -226.15
Electro         =               -6.90
Energy_SolvP    =               289.49
Energy_SolvH    =               -296.26
Energy_vdwclash =               8.60
energy_torsion  =               3.92
backbone_vdwclash=              180.37
Entropy_sidec   =               110.53
Entropy_mainc   =               299.73
water bonds     =               0.00
helix dipole    =               0.58
loop_entropy    =               0.00
cis_bond        =               1.12
disulfide       =               -14.36
kn electrostatic=               0.00
partial covalent interactions = 0.00
Energy_Ionisation =             0.30
Entropy Complex =               0.00
-----------------------------------------------------------
Total          = 				  -30.41

Residue VALA144 has high Energy, we mutate it to itself
Residue ILEA145 has high Energy, we mutate it to itself
Repair Residue ID= ILEA145

BackHbond       =               -169.22
SideHbond       =               -31.85
Energy_VdW      =               -226.28
Electro         =               -6.90
Energy_SolvP    =               289.54
Energy_SolvH    =               -296.52
Energy_vdwclash =               8.61
energy_torsion  =               3.90
backbone_vdwclash=              180.46
Entropy_sidec   =               110.63
Entropy_mainc   =               299.73
water bonds     =               0.00
helix dipole    =               0.58
loop_entropy    =               0.00
cis_bond        =               1.12
disulfide       =               -14.36
kn electrostatic=               0.00
partial covalent interactions = 0.00
Energy_Ionisation =             0.30
Entropy Complex =               0.00
-----------------------------------------------------------
Total          = 				  -30.71

Residue PHEA146 has high Energy, we mutate it to itself
Repair Residue ID= PHEA146

BackHbond       =               -169.22
SideHbond       =               -31.85
Energy_VdW      =               -226.28
Electro         =               -6.90
Energy_SolvP    =               289.54
Energy_SolvH    =               -296.52
Energy_vdwclash =               8.61
energy_torsion  =               3.90
backbone_vdwclash=              180.46
Entropy_sidec   =               110.63
Entropy_mainc   =               299.73
water bonds     =               0.00
helix dipole    =               0.58
loop_entropy    =               0.00
cis_bond        =               1.12
disulfide       =               -14.36
kn electrostatic=               0.00
partial covalent interactions = 0.00
Energy_Ionisation =             0.30
Entropy Complex =               0.00
-----------------------------------------------------------
Total          = 				  -30.71

Residue GLUA147 has high Energy, we mutate it to itself
We optimize, instead of self-mutatingGLUA147
Repair Residue ID= GLUA147

BackHbond       =               -169.22
SideHbond       =               -31.88
Energy_VdW      =               -226.27
Electro         =               -6.91
Energy_SolvP    =               289.56
Energy_SolvH    =               -296.50
Energy_vdwclash =               8.59
energy_torsion  =               3.90
backbone_vdwclash=              180.46
Entropy_sidec   =               110.63
Entropy_mainc   =               299.73
water bonds     =               0.00
helix dipole    =               0.58
loop_entropy    =               0.00
cis_bond        =               1.12
disulfide       =               -14.36
kn electrostatic=               0.00
partial covalent interactions = 0.00
Energy_Ionisation =             0.30
Entropy Complex =               0.00
-----------------------------------------------------------
Total          = 				  -30.73

Residue META151 has high Energy, we mutate it to itself
Residue TYRA152 has high Energy, we mutate it to itself
Repair Residue ID= TYRA152

BackHbond       =               -169.39
SideHbond       =               -31.88
Energy_VdW      =               -227.44
Electro         =               -6.91
Energy_SolvP    =               289.94
Energy_SolvH    =               -298.53
Energy_vdwclash =               8.66
energy_torsion  =               4.14
backbone_vdwclash=              180.83
Entropy_sidec   =               111.35
Entropy_mainc   =               299.73
water bonds     =               0.00
helix dipole    =               0.58
loop_entropy    =               0.00
cis_bond        =               1.12
disulfide       =               -14.36
kn electrostatic=               0.00
partial covalent interactions = 0.00
Energy_Ionisation =             0.30
Entropy Complex =               0.00
-----------------------------------------------------------
Total          = 				  -32.69

Residue VALA153 has high Energy, we mutate it to itself
Repair Residue ID= VALA153

BackHbond       =               -169.40
SideHbond       =               -31.88
Energy_VdW      =               -227.46
Electro         =               -6.91
Energy_SolvP    =               289.98
Energy_SolvH    =               -298.55
Energy_vdwclash =               8.66
energy_torsion  =               4.14
backbone_vdwclash=              180.90
Entropy_sidec   =               111.36
Entropy_mainc   =               299.73
water bonds     =               0.00
helix dipole    =               0.58
loop_entropy    =               0.00
cis_bond        =               1.12
disulfide       =               -14.36
kn electrostatic=               0.00
partial covalent interactions = 0.00
Energy_Ionisation =             0.30
Entropy Complex =               0.00
-----------------------------------------------------------
Total          = 				  -32.69

Residue TYRA155 has high Energy, we mutate it to itself
Repair Residue ID= TYRA155

BackHbond       =               -169.37
SideHbond       =               -31.88
Energy_VdW      =               -227.44
Electro         =               -6.90
Energy_SolvP    =               289.93
Energy_SolvH    =               -298.54
Energy_vdwclash =               8.65
energy_torsion  =               4.14
backbone_vdwclash=              180.89
Entropy_sidec   =               111.34
Entropy_mainc   =               299.72
water bonds     =               0.00
helix dipole    =               0.58
loop_entropy    =               0.00
cis_bond        =               1.12
disulfide       =               -14.36
kn electrostatic=               0.00
partial covalent interactions = 0.00
Energy_Ionisation =             0.30
Entropy Complex =               0.00
-----------------------------------------------------------
Total          = 				  -32.70

Residue VALA156 has high Energy, we mutate it to itself
Repair Residue ID= VALA156

BackHbond       =               -169.40
SideHbond       =               -31.88
Energy_VdW      =               -227.97
Electro         =               -6.90
Energy_SolvP    =               290.06
Energy_SolvH    =               -299.63
Energy_vdwclash =               9.27
energy_torsion  =               4.13
backbone_vdwclash=              181.09
Entropy_sidec   =               111.75
Entropy_mainc   =               299.72
water bonds     =               0.00
helix dipole    =               0.58
loop_entropy    =               0.00
cis_bond        =               1.12
disulfide       =               -14.36
kn electrostatic=               0.00
partial covalent interactions = 0.00
Energy_Ionisation =             0.30
Entropy Complex =               0.00
-----------------------------------------------------------
Total          = 				  -33.22

Residue ASPA159 has high Energy, we mutate it to itself
Repair Residue ID= ASPA159

BackHbond       =               -169.40
SideHbond       =               -31.88
Energy_VdW      =               -227.98
Electro         =               -6.91
Energy_SolvP    =               290.06
Energy_SolvH    =               -299.66
Energy_vdwclash =               9.27
energy_torsion  =               4.13
backbone_vdwclash=              181.10
Entropy_sidec   =               111.77
Entropy_mainc   =               299.73
water bonds     =               0.00
helix dipole    =               0.54
loop_entropy    =               0.00
cis_bond        =               1.12
disulfide       =               -14.36
kn electrostatic=               0.00
partial covalent interactions = 0.00
Energy_Ionisation =             0.30
Entropy Complex =               0.00
-----------------------------------------------------------
Total          = 				  -33.25

Residue PHEA161 has high Energy, we mutate it to itself
Repair Residue ID= PHEA161

BackHbond       =               -169.43
SideHbond       =               -31.88
Energy_VdW      =               -228.11
Electro         =               -6.92
Energy_SolvP    =               290.13
Energy_SolvH    =               -299.86
Energy_vdwclash =               9.02
energy_torsion  =               4.14
backbone_vdwclash=              181.11
Entropy_sidec   =               111.78
Entropy_mainc   =               299.73
water bonds     =               0.00
helix dipole    =               0.54
loop_entropy    =               0.00
cis_bond        =               1.12
disulfide       =               -14.36
kn electrostatic=               0.00
partial covalent interactions = 0.00
Energy_Ionisation =             0.30
Entropy Complex =               0.00
-----------------------------------------------------------
Total          = 				  -33.78

Residue SERA162 has high Energy, we mutate it to itself
Repair Residue ID= SERA162

BackHbond       =               -169.43
SideHbond       =               -31.88
Energy_VdW      =               -228.06
Electro         =               -6.92
Energy_SolvP    =               289.99
Energy_SolvH    =               -299.86
Energy_vdwclash =               9.02
energy_torsion  =               3.46
backbone_vdwclash=              181.11
Entropy_sidec   =               111.77
Entropy_mainc   =               299.69
water bonds     =               0.00
helix dipole    =               0.54
loop_entropy    =               0.00
cis_bond        =               1.12
disulfide       =               -14.36
kn electrostatic=               0.00
partial covalent interactions = 0.00
Energy_Ionisation =             0.30
Entropy Complex =               0.00
-----------------------------------------------------------
Total          = 				  -34.62

Residue GLNA164 has high Energy, we mutate it to itself
Repair Residue ID= GLNA164

BackHbond       =               -169.96
SideHbond       =               -32.41
Energy_VdW      =               -228.22
Electro         =               -6.92
Energy_SolvP    =               290.23
Energy_SolvH    =               -299.91
Energy_vdwclash =               9.02
energy_torsion  =               3.46
backbone_vdwclash=              181.13
Entropy_sidec   =               112.34
Entropy_mainc   =               299.82
water bonds     =               0.00
helix dipole    =               0.54
loop_entropy    =               0.00
cis_bond        =               1.12
disulfide       =               -14.36
kn electrostatic=               0.00
partial covalent interactions = 0.00
Energy_Ionisation =             0.30
Entropy Complex =               0.00
-----------------------------------------------------------
Total          = 				  -34.94

Residue ARGA165 has high Energy, we mutate it to itself
Repair Residue ID= ARGA165

BackHbond       =               -170.54
SideHbond       =               -32.92
Energy_VdW      =               -229.00
Electro         =               -6.87
Energy_SolvP    =               291.16
Energy_SolvH    =               -300.68
Energy_vdwclash =               9.05
energy_torsion  =               3.60
backbone_vdwclash=              181.13
Entropy_sidec   =               113.17
Entropy_mainc   =               299.89
water bonds     =               0.00
helix dipole    =               0.60
loop_entropy    =               0.00
cis_bond        =               1.12
disulfide       =               -14.36
kn electrostatic=               0.00
partial covalent interactions = 0.00
Energy_Ionisation =             0.30
Entropy Complex =               0.00
-----------------------------------------------------------
Total          = 				  -35.47

Residue LEUA166 has high Energy, we mutate it to itself
Repair Residue ID= LEUA166

BackHbond       =               -170.57
SideHbond       =               -32.92
Energy_VdW      =               -229.11
Electro         =               -6.89
Energy_SolvP    =               291.20
Energy_SolvH    =               -300.91
Energy_vdwclash =               9.05
energy_torsion  =               3.60
backbone_vdwclash=              181.12
Entropy_sidec   =               113.22
Entropy_mainc   =               299.89
water bonds     =               0.00
helix dipole    =               0.60
loop_entropy    =               0.00
cis_bond        =               1.12
disulfide       =               -14.36
kn electrostatic=               0.00
partial covalent interactions = 0.00
Energy_Ionisation =             0.30
Entropy Complex =               0.00
-----------------------------------------------------------
Total          = 				  -35.79

Residue LYSA168 has high Energy, we mutate it to itself
Repair Residue ID= LYSA168

BackHbond       =               -170.59
SideHbond       =               -33.25
Energy_VdW      =               -229.37
Electro         =               -7.21
Energy_SolvP    =               291.37
Energy_SolvH    =               -301.32
Energy_vdwclash =               9.05
energy_torsion  =               3.60
backbone_vdwclash=              181.12
Entropy_sidec   =               113.66
Entropy_mainc   =               299.90
water bonds     =               0.00
helix dipole    =               0.60
loop_entropy    =               0.00
cis_bond        =               1.12
disulfide       =               -14.36
kn electrostatic=               0.00
partial covalent interactions = 0.00
Energy_Ionisation =             0.30
Entropy Complex =               0.00
-----------------------------------------------------------
Total          = 				  -36.48

Residue ASNA170 has high Energy, we mutate it to itself
Repair Residue ID= ASNA170

BackHbond       =               -170.58
SideHbond       =               -33.25
Energy_VdW      =               -229.34
Electro         =               -7.21
Energy_SolvP    =               291.21
Energy_SolvH    =               -301.36
Energy_vdwclash =               9.05
energy_torsion  =               3.60
backbone_vdwclash=              181.12
Entropy_sidec   =               113.63
Entropy_mainc   =               299.91
water bonds     =               0.00
helix dipole    =               0.60
loop_entropy    =               0.00
cis_bond        =               1.12
disulfide       =               -14.36
kn electrostatic=               0.00
partial covalent interactions = 0.00
Energy_Ionisation =             0.30
Entropy Complex =               0.00
-----------------------------------------------------------
Total          = 				  -36.67

Residue TRPA172 has high Energy, we mutate it to itself
Repair Residue ID= TRPA172

BackHbond       =               -170.58
SideHbond       =               -33.25
Energy_VdW      =               -229.41
Electro         =               -7.21
Energy_SolvP    =               291.24
Energy_SolvH    =               -301.48
Energy_vdwclash =               9.08
energy_torsion  =               3.60
backbone_vdwclash=              181.12
Entropy_sidec   =               113.67
Entropy_mainc   =               299.92
water bonds     =               0.00
helix dipole    =               0.60
loop_entropy    =               0.00
cis_bond        =               1.12
disulfide       =               -14.36
kn electrostatic=               0.00
partial covalent interactions = 0.00
Energy_Ionisation =             0.30
Entropy Complex =               0.00
-----------------------------------------------------------
Total          = 				  -36.75

Residue PROA173 has high Energy, we mutate it to itself
Repair Residue ID= PROA173

BackHbond       =               -170.58
SideHbond       =               -33.25
Energy_VdW      =               -229.42
Electro         =               -7.21
Energy_SolvP    =               291.25
Energy_SolvH    =               -301.48
Energy_vdwclash =               9.08
energy_torsion  =               3.60
backbone_vdwclash=              181.12
Entropy_sidec   =               113.66
Entropy_mainc   =               299.92
water bonds     =               0.00
helix dipole    =               0.60
loop_entropy    =               0.00
cis_bond        =               1.12
disulfide       =               -14.36
kn electrostatic=               0.00
partial covalent interactions = 0.00
Energy_Ionisation =             0.30
Entropy Complex =               0.00
-----------------------------------------------------------
Total          = 				  -36.76

Residue CYSA174 has high Energy, we mutate it to itself
Repair Residue ID= CYSA174

BackHbond       =               -170.58
SideHbond       =               -33.25
Energy_VdW      =               -229.42
Electro         =               -7.21
Energy_SolvP    =               291.25
Energy_SolvH    =               -301.48
Energy_vdwclash =               9.08
energy_torsion  =               3.60
backbone_vdwclash=              181.12
Entropy_sidec   =               113.66
Entropy_mainc   =               299.92
water bonds     =               0.00
helix dipole    =               0.60
loop_entropy    =               0.00
cis_bond        =               1.12
disulfide       =               -14.36
kn electrostatic=               0.00
partial covalent interactions = 0.00
Energy_Ionisation =             0.30
Entropy Complex =               0.00
-----------------------------------------------------------
Total          = 				  -36.76

Residue PROA175 has high Energy, we mutate it to itself
Repair Residue ID= PROA175

BackHbond       =               -170.58
SideHbond       =               -33.25
Energy_VdW      =               -229.42
Electro         =               -7.21
Energy_SolvP    =               291.24
Energy_SolvH    =               -301.50
Energy_vdwclash =               9.08
energy_torsion  =               3.60
backbone_vdwclash=              181.12
Entropy_sidec   =               113.66
Entropy_mainc   =               299.94
water bonds     =               0.00
helix dipole    =               0.60
loop_entropy    =               0.00
cis_bond        =               1.12
disulfide       =               -14.36
kn electrostatic=               0.00
partial covalent interactions = 0.00
Energy_Ionisation =             0.30
Entropy Complex =               0.00
-----------------------------------------------------------
Total          = 				  -36.76

Residue ASNA176 has high Energy, we mutate it to itself
Repair Residue ID= ASNA176

BackHbond       =               -170.58
SideHbond       =               -33.25
Energy_VdW      =               -229.42
Electro         =               -7.21
Energy_SolvP    =               291.25
Energy_SolvH    =               -301.50
Energy_vdwclash =               9.08
energy_torsion  =               3.60
backbone_vdwclash=              181.12
Entropy_sidec   =               113.66
Entropy_mainc   =               299.94
water bonds     =               0.00
helix dipole    =               0.60
loop_entropy    =               0.00
cis_bond        =               1.12
disulfide       =               -14.36
kn electrostatic=               0.00
partial covalent interactions = 0.00
Energy_Ionisation =             0.30
Entropy Complex =               0.00
-----------------------------------------------------------
Total          = 				  -36.76

Residue THRA177 has high Energy, we mutate it to itself
Repair Residue ID= THRA177

BackHbond       =               -170.57
SideHbond       =               -33.25
Energy_VdW      =               -229.40
Electro         =               -7.21
Energy_SolvP    =               291.19
Energy_SolvH    =               -301.49
Energy_vdwclash =               9.08
energy_torsion  =               3.60
backbone_vdwclash=              181.13
Entropy_sidec   =               113.65
Entropy_mainc   =               299.93
water bonds     =               0.00
helix dipole    =               0.60
loop_entropy    =               0.00
cis_bond        =               1.12
disulfide       =               -14.36
kn electrostatic=               0.00
partial covalent interactions = 0.00
Energy_Ionisation =             0.30
Entropy Complex =               0.00
-----------------------------------------------------------
Total          = 				  -36.79

Residue ASPA179 has high Energy, we mutate it to itself
Repair Residue ID= ASPA179

BackHbond       =               -170.57
SideHbond       =               -33.23
Energy_VdW      =               -229.43
Electro         =               -7.30
Energy_SolvP    =               291.27
Energy_SolvH    =               -301.52
Energy_vdwclash =               9.08
energy_torsion  =               3.60
backbone_vdwclash=              181.13
Entropy_sidec   =               113.65
Entropy_mainc   =               299.94
water bonds     =               0.00
helix dipole    =               0.60
loop_entropy    =               0.00
cis_bond        =               1.12
disulfide       =               -14.36
kn electrostatic=               0.00
partial covalent interactions = 0.00
Energy_Ionisation =             0.30
Entropy Complex =               0.00
-----------------------------------------------------------
Total          = 				  -36.83

Residue PHEA181 has high Energy, we mutate it to itself
Repair Residue ID= PHEA181

BackHbond       =               -170.56
SideHbond       =               -33.23
Energy_VdW      =               -229.48
Electro         =               -7.31
Energy_SolvP    =               291.34
Energy_SolvH    =               -301.59
Energy_vdwclash =               9.09
energy_torsion  =               3.60
backbone_vdwclash=              181.13
Entropy_sidec   =               113.65
Entropy_mainc   =               299.93
water bonds     =               0.00
helix dipole    =               0.60
loop_entropy    =               0.00
cis_bond        =               1.12
disulfide       =               -14.36
kn electrostatic=               0.00
partial covalent interactions = 0.00
Energy_Ionisation =             0.30
Entropy Complex =               0.00
-----------------------------------------------------------
Total          = 				  -36.90

Residue SERA183 has high Energy, we mutate it to itself
We optimize, instead of self-mutatingSERA183
We optimize, instead of self-mutatingSERA183
Repair Residue ID= SERA183

BackHbond       =               -170.98
SideHbond       =               -33.61
Energy_VdW      =               -229.35
Electro         =               -7.33
Energy_SolvP    =               291.05
Energy_SolvH    =               -301.48
Energy_vdwclash =               9.15
energy_torsion  =               3.59
backbone_vdwclash=              181.05
Entropy_sidec   =               114.04
Entropy_mainc   =               299.88
water bonds     =               0.00
helix dipole    =               0.60
loop_entropy    =               0.00
cis_bond        =               1.12
disulfide       =               -14.36
kn electrostatic=               0.00
partial covalent interactions = 0.00
Energy_Ionisation =             0.30
Entropy Complex =               0.00
-----------------------------------------------------------
Total          = 				  -37.37

Residue ARGA184 has high Energy, we mutate it to itself
We optimize, instead of self-mutatingARGA184
We optimize, instead of self-mutatingARGA184
We optimize, instead of self-mutatingARGA184
We optimize, instead of self-mutatingARGA184
We optimize, instead of self-mutatingARGA184
Repair Residue ID= ARGA184

BackHbond       =               -172.68
SideHbond       =               -38.13
Energy_VdW      =               -230.51
Electro         =               -7.67
Energy_SolvP    =               294.81
Energy_SolvH    =               -301.76
Energy_vdwclash =               9.40
energy_torsion  =               3.69
backbone_vdwclash=              181.50
Entropy_sidec   =               115.25
Entropy_mainc   =               300.31
water bonds     =               0.00
helix dipole    =               0.01
loop_entropy    =               0.00
cis_bond        =               1.12
disulfide       =               -14.36
kn electrostatic=               0.00
partial covalent interactions = 0.00
Energy_Ionisation =             0.30
Entropy Complex =               0.00
-----------------------------------------------------------
Total          = 				  -40.21

Residue THRA186 has high Energy, we mutate it to itself
Repair Residue ID= THRA186

BackHbond       =               -172.68
SideHbond       =               -38.13
Energy_VdW      =               -230.40
Electro         =               -7.67
Energy_SolvP    =               294.56
Energy_SolvH    =               -301.69
Energy_vdwclash =               9.39
energy_torsion  =               3.69
backbone_vdwclash=              181.48
Entropy_sidec   =               115.20
Entropy_mainc   =               300.31
water bonds     =               0.00
helix dipole    =               0.01
loop_entropy    =               0.00
cis_bond        =               1.12
disulfide       =               -14.36
kn electrostatic=               0.00
partial covalent interactions = 0.00
Energy_Ionisation =             0.30
Entropy Complex =               0.00
-----------------------------------------------------------
Total          = 				  -40.33

Residue GLUA187 has high Energy, we mutate it to itself
We optimize, instead of self-mutatingGLUA187
Repair Residue ID= GLUA187

BackHbond       =               -172.68
SideHbond       =               -38.13
Energy_VdW      =               -230.38
Electro         =               -7.64
Energy_SolvP    =               294.50
Energy_SolvH    =               -301.68
Energy_vdwclash =               9.39
energy_torsion  =               3.68
backbone_vdwclash=              181.49
Entropy_sidec   =               115.18
Entropy_mainc   =               300.31
water bonds     =               0.00
helix dipole    =               -0.02
loop_entropy    =               0.00
cis_bond        =               1.12
disulfide       =               -14.36
kn electrostatic=               0.00
partial covalent interactions = 0.00
Energy_Ionisation =             0.30
Entropy Complex =               0.00
-----------------------------------------------------------
Total          = 				  -40.41

Residue LYSA188 has high Energy, we mutate it to itself
We optimize, instead of self-mutatingLYSA188
Repair Residue ID= LYSA188

BackHbond       =               -172.75
SideHbond       =               -38.20
Energy_VdW      =               -230.40
Electro         =               -7.58
Energy_SolvP    =               294.52
Energy_SolvH    =               -301.71
Energy_vdwclash =               9.35
energy_torsion  =               3.68
backbone_vdwclash=              181.49
Entropy_sidec   =               115.19
Entropy_mainc   =               300.31
water bonds     =               0.00
helix dipole    =               -0.02
loop_entropy    =               0.00
cis_bond        =               1.12
disulfide       =               -14.36
kn electrostatic=               0.00
partial covalent interactions = 0.00
Energy_Ionisation =             0.30
Entropy Complex =               0.00
-----------------------------------------------------------
Total          = 				  -40.54

Residue THRA189 has high Energy, we mutate it to itself
We optimize, instead of self-mutatingTHRA189
Repair Residue ID= THRA189

BackHbond       =               -173.26
SideHbond       =               -38.70
Energy_VdW      =               -230.32
Electro         =               -7.58
Energy_SolvP    =               294.13
Energy_SolvH    =               -301.59
Energy_vdwclash =               9.12
energy_torsion  =               3.70
backbone_vdwclash=              181.49
Entropy_sidec   =               115.19
Entropy_mainc   =               301.16
water bonds     =               0.00
helix dipole    =               -0.02
loop_entropy    =               0.00
cis_bond        =               1.12
disulfide       =               -14.36
kn electrostatic=               0.00
partial covalent interactions = 0.00
Energy_Ionisation =             0.30
Entropy Complex =               0.00
-----------------------------------------------------------
Total          = 				  -41.10

Residue VALA190 has high Energy, we mutate it to itself
Repair Residue ID= VALA190

BackHbond       =               -173.26
SideHbond       =               -38.70
Energy_VdW      =               -230.37
Electro         =               -7.58
Energy_SolvP    =               294.14
Energy_SolvH    =               -301.71
Energy_vdwclash =               9.12
energy_torsion  =               3.71
backbone_vdwclash=              181.50
Entropy_sidec   =               115.24
Entropy_mainc   =               301.16
water bonds     =               0.00
helix dipole    =               -0.02
loop_entropy    =               0.00
cis_bond        =               1.12
disulfide       =               -14.36
kn electrostatic=               0.00
partial covalent interactions = 0.00
Energy_Ionisation =             0.30
Entropy Complex =               0.00
-----------------------------------------------------------
Total          = 				  -41.20

Residue PHEA191 has high Energy, we mutate it to itself
Repair Residue ID= PHEA191

BackHbond       =               -173.26
SideHbond       =               -38.70
Energy_VdW      =               -230.37
Electro         =               -7.58
Energy_SolvP    =               294.15
Energy_SolvH    =               -301.69
Energy_vdwclash =               9.04
energy_torsion  =               3.71
backbone_vdwclash=              181.50
Entropy_sidec   =               115.25
Entropy_mainc   =               301.16
water bonds     =               0.00
helix dipole    =               -0.02
loop_entropy    =               0.00
cis_bond        =               1.12
disulfide       =               -14.36
kn electrostatic=               0.00
partial covalent interactions = 0.00
Energy_Ionisation =             0.30
Entropy Complex =               0.00
-----------------------------------------------------------
Total          = 				  -41.25

Residue THRA192 has high Energy, we mutate it to itself
Repair Residue ID= THRA192

BackHbond       =               -173.26
SideHbond       =               -38.70
Energy_VdW      =               -230.37
Electro         =               -7.58
Energy_SolvP    =               294.15
Energy_SolvH    =               -301.69
Energy_vdwclash =               9.04
energy_torsion  =               3.71
backbone_vdwclash=              181.50
Entropy_sidec   =               115.25
Entropy_mainc   =               301.16
water bonds     =               0.00
helix dipole    =               -0.02
loop_entropy    =               0.00
cis_bond        =               1.12
disulfide       =               -14.36
kn electrostatic=               0.00
partial covalent interactions = 0.00
Energy_Ionisation =             0.30
Entropy Complex =               0.00
-----------------------------------------------------------
Total          = 				  -41.25

Residue VALA193 has high Energy, we mutate it to itself
Repair Residue ID= VALA193

BackHbond       =               -173.26
SideHbond       =               -38.70
Energy_VdW      =               -230.37
Electro         =               -7.58
Energy_SolvP    =               294.15
Energy_SolvH    =               -301.70
Energy_vdwclash =               9.04
energy_torsion  =               3.71
backbone_vdwclash=              181.51
Entropy_sidec   =               115.25
Entropy_mainc   =               301.16
water bonds     =               0.00
helix dipole    =               -0.02
loop_entropy    =               0.00
cis_bond        =               1.12
disulfide       =               -14.36
kn electrostatic=               0.00
partial covalent interactions = 0.00
Energy_Ionisation =             0.30
Entropy Complex =               0.00
-----------------------------------------------------------
Total          = 				  -41.27

Residue PHEA194 has high Energy, we mutate it to itself
Repair Residue ID= PHEA194

BackHbond       =               -173.29
SideHbond       =               -38.70
Energy_VdW      =               -230.74
Electro         =               -7.58
Energy_SolvP    =               294.15
Energy_SolvH    =               -302.38
Energy_vdwclash =               8.98
energy_torsion  =               3.55
backbone_vdwclash=              181.49
Entropy_sidec   =               115.40
Entropy_mainc   =               301.16
water bonds     =               0.00
helix dipole    =               -0.02
loop_entropy    =               0.00
cis_bond        =               1.12
disulfide       =               -14.36
kn electrostatic=               0.00
partial covalent interactions = 0.00
Energy_Ionisation =             0.30
Entropy Complex =               0.00
-----------------------------------------------------------
Total          = 				  -42.41

Residue SERA199 has high Energy, we mutate it to itself
We optimize, instead of self-mutatingSERA199
Repair Residue ID= SERA199

BackHbond       =               -173.29
SideHbond       =               -38.72
Energy_VdW      =               -230.74
Electro         =               -7.58
Energy_SolvP    =               294.14
Energy_SolvH    =               -302.38
Energy_vdwclash =               8.98
energy_torsion  =               3.55
backbone_vdwclash=              181.50
Entropy_sidec   =               115.40
Entropy_mainc   =               301.16
water bonds     =               0.00
helix dipole    =               -0.02
loop_entropy    =               0.00
cis_bond        =               1.12
disulfide       =               -14.36
kn electrostatic=               0.00
partial covalent interactions = 0.00
Energy_Ionisation =             0.30
Entropy Complex =               0.00
-----------------------------------------------------------
Total          = 				  -42.43

Residue ILEA201 has high Energy, we mutate it to itself
Repair Residue ID= ILEA201

BackHbond       =               -173.31
SideHbond       =               -38.72
Energy_VdW      =               -230.87
Electro         =               -7.58
Energy_SolvP    =               294.25
Energy_SolvH    =               -302.61
Energy_vdwclash =               8.98
energy_torsion  =               3.56
backbone_vdwclash=              181.65
Entropy_sidec   =               115.45
Entropy_mainc   =               301.16
water bonds     =               0.00
helix dipole    =               -0.02
loop_entropy    =               0.00
cis_bond        =               1.12
disulfide       =               -14.36
kn electrostatic=               0.00
partial covalent interactions = 0.00
Energy_Ionisation =             0.30
Entropy Complex =               0.00
-----------------------------------------------------------
Total          = 				  -42.65

Residue LEUA204 has high Energy, we mutate it to itself
Repair Residue ID= LEUA204

BackHbond       =               -173.32
SideHbond       =               -38.72
Energy_VdW      =               -230.96
Electro         =               -7.58
Energy_SolvP    =               294.29
Energy_SolvH    =               -302.77
Energy_vdwclash =               8.98
energy_torsion  =               3.56
backbone_vdwclash=              181.70
Entropy_sidec   =               115.50
Entropy_mainc   =               301.16
water bonds     =               0.00
helix dipole    =               -0.02
loop_entropy    =               0.00
cis_bond        =               1.12
disulfide       =               -14.36
kn electrostatic=               0.00
partial covalent interactions = 0.00
Energy_Ionisation =             0.30
Entropy Complex =               0.00
-----------------------------------------------------------
Total          = 				  -42.81

Residue ASNA206 has high Energy, we mutate it to itself
We optimize, instead of self-mutatingASNA206
Repair Residue ID= ASNA206

BackHbond       =               -173.31
SideHbond       =               -38.72
Energy_VdW      =               -230.97
Electro         =               -7.58
Energy_SolvP    =               294.29
Energy_SolvH    =               -302.80
Energy_vdwclash =               8.98
energy_torsion  =               3.56
backbone_vdwclash=              181.67
Entropy_sidec   =               115.50
Entropy_mainc   =               301.16
water bonds     =               0.00
helix dipole    =               -0.02
loop_entropy    =               0.00
cis_bond        =               1.12
disulfide       =               -14.36
kn electrostatic=               0.00
partial covalent interactions = 0.00
Energy_Ionisation =             0.30
Entropy Complex =               0.00
-----------------------------------------------------------
Total          = 				  -42.85

Residue VALA207 has high Energy, we mutate it to itself
Repair Residue ID= VALA207

BackHbond       =               -173.32
SideHbond       =               -38.72
Energy_VdW      =               -230.97
Electro         =               -7.58
Energy_SolvP    =               294.29
Energy_SolvH    =               -302.80
Energy_vdwclash =               8.98
energy_torsion  =               3.56
backbone_vdwclash=              181.67
Entropy_sidec   =               115.50
Entropy_mainc   =               301.16
water bonds     =               0.00
helix dipole    =               -0.02
loop_entropy    =               0.00
cis_bond        =               1.12
disulfide       =               -14.36
kn electrostatic=               0.00
partial covalent interactions = 0.00
Energy_Ionisation =             0.30
Entropy Complex =               0.00
-----------------------------------------------------------
Total          = 				  -42.85

Residue THRA208 has high Energy, we mutate it to itself
Repair Residue ID= THRA208

BackHbond       =               -173.78
SideHbond       =               -39.23
Energy_VdW      =               -230.99
Electro         =               -7.58
Energy_SolvP    =               294.36
Energy_SolvH    =               -302.80
Energy_vdwclash =               8.22
energy_torsion  =               3.76
backbone_vdwclash=              181.67
Entropy_sidec   =               115.95
Entropy_mainc   =               301.16
water bonds     =               0.00
helix dipole    =               -0.02
loop_entropy    =               0.00
cis_bond        =               1.12
disulfide       =               -14.36
kn electrostatic=               0.00
partial covalent interactions = 0.00
Energy_Ionisation =             0.30
Entropy Complex =               0.00
-----------------------------------------------------------
Total          = 				  -43.90

Residue GLUA209 has high Energy, we mutate it to itself
We optimize, instead of self-mutatingGLUA209
Repair Residue ID= GLUA209

BackHbond       =               -173.78
SideHbond       =               -39.23
Energy_VdW      =               -230.97
Electro         =               -7.62
Energy_SolvP    =               294.26
Energy_SolvH    =               -302.80
Energy_vdwclash =               8.22
energy_torsion  =               3.76
backbone_vdwclash=              181.62
Entropy_sidec   =               115.95
Entropy_mainc   =               301.16
water bonds     =               0.00
helix dipole    =               0.02
loop_entropy    =               0.00
cis_bond        =               1.12
disulfide       =               -14.36
kn electrostatic=               0.00
partial covalent interactions = 0.00
Energy_Ionisation =             0.30
Entropy Complex =               0.00
-----------------------------------------------------------
Total          = 				  -43.96

Residue CYSA211 has high Energy, we mutate it to itself
Repair Residue ID= CYSA211

BackHbond       =               -173.78
SideHbond       =               -39.23
Energy_VdW      =               -231.02
Electro         =               -7.62
Energy_SolvP    =               294.27
Energy_SolvH    =               -302.87
Energy_vdwclash =               8.26
energy_torsion  =               3.76
backbone_vdwclash=              181.64
Entropy_sidec   =               115.97
Entropy_mainc   =               301.16
water bonds     =               0.00
helix dipole    =               0.02
loop_entropy    =               0.00
cis_bond        =               1.12
disulfide       =               -14.36
kn electrostatic=               0.00
partial covalent interactions = 0.00
Energy_Ionisation =             0.30
Entropy Complex =               0.00
-----------------------------------------------------------
Total          = 				  -44.01

Residue TYRA212 has high Energy, we mutate it to itself
Repair Residue ID= TYRA212

BackHbond       =               -173.84
SideHbond       =               -40.16
Energy_VdW      =               -231.55
Electro         =               -7.71
Energy_SolvP    =               294.58
Energy_SolvH    =               -303.70
Energy_vdwclash =               8.26
energy_torsion  =               3.92
backbone_vdwclash=              181.82
Entropy_sidec   =               116.79
Entropy_mainc   =               301.16
water bonds     =               0.00
helix dipole    =               0.04
loop_entropy    =               0.00
cis_bond        =               1.12
disulfide       =               -14.36
kn electrostatic=               0.00
partial covalent interactions = 0.00
Energy_Ionisation =             0.30
Entropy Complex =               0.00
-----------------------------------------------------------
Total          = 				  -45.15

Residue LEUA214 has high Energy, we mutate it to itself
Repair Residue ID= LEUA214

BackHbond       =               -173.88
SideHbond       =               -40.16
Energy_VdW      =               -231.64
Electro         =               -7.71
Energy_SolvP    =               294.66
Energy_SolvH    =               -303.87
Energy_vdwclash =               8.26
energy_torsion  =               3.99
backbone_vdwclash=              181.88
Entropy_sidec   =               116.80
Entropy_mainc   =               301.16
water bonds     =               0.00
helix dipole    =               0.04
loop_entropy    =               0.00
cis_bond        =               1.12
disulfide       =               -14.36
kn electrostatic=               0.00
partial covalent interactions = 0.00
Energy_Ionisation =             0.30
Entropy Complex =               0.00
-----------------------------------------------------------
Total          = 				  -45.30

Residue ILEA215 has high Energy, we mutate it to itself
Repair Residue ID= ILEA215

BackHbond       =               -173.90
SideHbond       =               -40.16
Energy_VdW      =               -231.68
Electro         =               -7.71
Energy_SolvP    =               294.69
Energy_SolvH    =               -303.94
Energy_vdwclash =               8.26
energy_torsion  =               3.99
backbone_vdwclash=              181.92
Entropy_sidec   =               116.83
Entropy_mainc   =               301.16
water bonds     =               0.00
helix dipole    =               0.04
loop_entropy    =               0.00
cis_bond        =               1.12
disulfide       =               -14.36
kn electrostatic=               0.00
partial covalent interactions = 0.00
Energy_Ionisation =             0.30
Entropy Complex =               0.00
-----------------------------------------------------------
Total          = 				  -45.36

Residue ARGA216 has high Energy, we mutate it to itself
We optimize, instead of self-mutatingARGA216
Repair Residue ID= ARGA216

BackHbond       =               -173.90
SideHbond       =               -40.75
Energy_VdW      =               -231.72
Electro         =               -7.62
Energy_SolvP    =               294.67
Energy_SolvH    =               -303.98
Energy_vdwclash =               8.26
energy_torsion  =               4.00
backbone_vdwclash=              181.90
Entropy_sidec   =               117.10
Entropy_mainc   =               301.16
water bonds     =               0.00
helix dipole    =               0.03
loop_entropy    =               0.00
cis_bond        =               1.12
disulfide       =               -14.36
kn electrostatic=               0.00
partial covalent interactions = 0.00
Energy_Ionisation =             0.30
Entropy Complex =               0.00
-----------------------------------------------------------
Total          = 				  -45.69

Residue TYRA217 has high Energy, we mutate it to itself
We optimize, instead of self-mutatingTYRA217
Repair Residue ID= TYRA217

BackHbond       =               -173.90
SideHbond       =               -40.76
Energy_VdW      =               -231.71
Electro         =               -7.62
Energy_SolvP    =               294.65
Energy_SolvH    =               -303.98
Energy_vdwclash =               8.26
energy_torsion  =               4.00
backbone_vdwclash=              181.86
Entropy_sidec   =               117.11
Entropy_mainc   =               301.16
water bonds     =               0.00
helix dipole    =               0.03
loop_entropy    =               0.00
cis_bond        =               1.12
disulfide       =               -14.36
kn electrostatic=               0.00
partial covalent interactions = 0.00
Energy_Ionisation =             0.30
Entropy Complex =               0.00
-----------------------------------------------------------
Total          = 				  -45.70

Residue CYSA218 has high Energy, we mutate it to itself
Repair Residue ID= CYSA218

BackHbond       =               -173.90
SideHbond       =               -40.76
Energy_VdW      =               -231.72
Electro         =               -7.62
Energy_SolvP    =               294.66
Energy_SolvH    =               -304.00
Energy_vdwclash =               8.26
energy_torsion  =               4.00
backbone_vdwclash=              181.87
Entropy_sidec   =               117.11
Entropy_mainc   =               301.16
water bonds     =               0.00
helix dipole    =               0.03
loop_entropy    =               0.00
cis_bond        =               1.12
disulfide       =               -14.36
kn electrostatic=               0.00
partial covalent interactions = 0.00
Energy_Ionisation =             0.30
Entropy Complex =               0.00
-----------------------------------------------------------
Total          = 				  -45.71

Residue SERA219 has high Energy, we mutate it to itself
Repair Residue ID= SERA219

BackHbond       =               -174.30
SideHbond       =               -41.20
Energy_VdW      =               -231.85
Electro         =               -7.62
Energy_SolvP    =               294.99
Energy_SolvH    =               -304.07
Energy_vdwclash =               8.27
energy_torsion  =               4.00
backbone_vdwclash=              181.92
Entropy_sidec   =               117.55
Entropy_mainc   =               301.16
water bonds     =               0.00
helix dipole    =               0.03
loop_entropy    =               0.00
cis_bond        =               1.12
disulfide       =               -14.36
kn electrostatic=               0.00
partial covalent interactions = 0.00
Energy_Ionisation =             0.30
Entropy Complex =               0.00
-----------------------------------------------------------
Total          = 				  -45.99

Residue LYSA221 has high Energy, we mutate it to itself
We optimize, instead of self-mutatingLYSA221
Repair Residue ID= LYSA221

BackHbond       =               -174.30
SideHbond       =               -41.26
Energy_VdW      =               -231.86
Electro         =               -7.62
Energy_SolvP    =               294.99
Energy_SolvH    =               -304.08
Energy_vdwclash =               8.27
energy_torsion  =               4.00
backbone_vdwclash=              181.92
Entropy_sidec   =               117.58
Entropy_mainc   =               301.16
water bonds     =               0.00
helix dipole    =               0.03
loop_entropy    =               0.00
cis_bond        =               1.12
disulfide       =               -14.36
kn electrostatic=               0.00
partial covalent interactions = 0.00
Energy_Ionisation =             0.30
Entropy Complex =               0.00
-----------------------------------------------------------
Total          = 				  -46.02

Repaired

BackHbond       =               -174.30
SideHbond       =               -41.26
Energy_VdW      =               -231.86
Electro         =               -7.62
Energy_SolvP    =               294.99
Energy_SolvH    =               -304.08
Energy_vdwclash =               8.27
energy_torsion  =               4.00
backbone_vdwclash=              181.92
Entropy_sidec   =               117.58
Entropy_mainc   =               301.16
water bonds     =               0.00
helix dipole    =               0.03
loop_entropy    =               0.00
cis_bond        =               1.12
disulfide       =               -14.36
kn electrostatic=               0.00
partial covalent interactions = 0.00
Energy_Ionisation =             0.30
Entropy Complex =               0.00
-----------------------------------------------------------
Total          = 				  -46.02

End of Repair
Output PDB ./P29033_trimmed_model0_checked_Repair.pdb
Your file run OK
End time of FoldX: Sun Dec 14 14:42:39 2025
Total time spend: 135.09 seconds.
Cleaning RepairPDB...DONE
