   ********************************************
   ***                                      ***
   ***             FoldX 5 (c)              ***
   ***                                      ***
   ***     code by the FoldX Consortium     ***
   ***                                      ***
   ***     Jesper Borg, Frederic Rousseau   ***
   ***    Joost Schymkowitz, Luis Serrano   ***
   ***    Peter Vanhee, Erik Verschueren    ***
   ***     Lies Baeten, Javier Delgado      ***
   ***       and Francois Stricher          ***
   *** and any other of the 9! permutations ***
   ***   based on an original concept by    ***
   ***   Raphael Guerois and Luis Serrano   ***
   ********************************************

Reading config file 'runfile.txt'
Start RepairPDB >>>

1 models read: P14602_trimmed_model0_checked.pdb
"P14602_trimmed_model0_checked_Repair.fxout"
Repair will take all residues into account
wild type

BackHbond       =               -53.93
SideHbond       =               -12.05
Energy_VdW      =               -78.43
Electro         =               -5.85
Energy_SolvP    =               108.15
Energy_SolvH    =               -102.28
Energy_vdwclash =               7.86
energy_torsion  =               1.63
backbone_vdwclash=              15.06
Entropy_sidec   =               42.23
Entropy_mainc   =               114.23
water bonds     =               0.00
helix dipole    =               0.00
loop_entropy    =               0.00
cis_bond        =               0.00
disulfide       =               0.00
kn electrostatic=               0.00
partial covalent interactions = 0.00
Energy_Ionisation =             0.44
Entropy Complex =               0.00
-----------------------------------------------------------
Total          = 				  21.99

Flipping HNQ

BackHbond       =               -53.93
SideHbond       =               -12.05
Energy_VdW      =               -78.39
Electro         =               -5.68
Energy_SolvP    =               107.77
Energy_SolvH    =               -102.30
Energy_vdwclash =               7.85
energy_torsion  =               1.65
backbone_vdwclash=              15.07
Entropy_sidec   =               42.12
Entropy_mainc   =               114.21
water bonds     =               0.00
helix dipole    =               0.00
loop_entropy    =               0.00
cis_bond        =               0.00
disulfide       =               0.00
kn electrostatic=               0.00
partial covalent interactions = 0.00
Energy_Ionisation =             0.44
Entropy Complex =               0.00
-----------------------------------------------------------
Total          = 				  21.69

Now Optimizing Residues
Now optimizing Residue VALA89
Optimize Residue ID= VALA89

BackHbond       =               -53.93
SideHbond       =               -12.05
Energy_VdW      =               -78.39
Electro         =               -5.68
Energy_SolvP    =               107.77
Energy_SolvH    =               -102.30
Energy_vdwclash =               7.85
energy_torsion  =               1.65
backbone_vdwclash=              15.07
Entropy_sidec   =               42.12
Entropy_mainc   =               114.21
water bonds     =               0.00
helix dipole    =               0.00
loop_entropy    =               0.00
cis_bond        =               0.00
disulfide       =               0.00
kn electrostatic=               0.00
partial covalent interactions = 0.00
Energy_Ionisation =             0.44
Entropy Complex =               0.00
-----------------------------------------------------------
Total          = 				  21.69

Now optimizing Residue SERA90
Optimize Residue ID= SERA90

BackHbond       =               -53.93
SideHbond       =               -12.05
Energy_VdW      =               -78.41
Electro         =               -5.68
Energy_SolvP    =               107.81
Energy_SolvH    =               -102.32
Energy_vdwclash =               7.82
energy_torsion  =               1.67
backbone_vdwclash=              15.07
Entropy_sidec   =               42.13
Entropy_mainc   =               114.21
water bonds     =               0.00
helix dipole    =               0.00
loop_entropy    =               0.00
cis_bond        =               0.00
disulfide       =               0.00
kn electrostatic=               0.00
partial covalent interactions = 0.00
Energy_Ionisation =             0.44
Entropy Complex =               0.00
-----------------------------------------------------------
Total          = 				  21.69

Now optimizing Residue GLUA91
Optimize Residue ID= GLUA91

BackHbond       =               -53.93
SideHbond       =               -12.53
Energy_VdW      =               -78.43
Electro         =               -5.69
Energy_SolvP    =               107.56
Energy_SolvH    =               -102.34
Energy_vdwclash =               7.15
energy_torsion  =               1.67
backbone_vdwclash=              15.07
Entropy_sidec   =               42.64
Entropy_mainc   =               114.21
water bonds     =               0.00
helix dipole    =               0.00
loop_entropy    =               0.00
cis_bond        =               0.00
disulfide       =               0.00
kn electrostatic=               0.00
partial covalent interactions = 0.00
Energy_Ionisation =             0.44
Entropy Complex =               0.00
-----------------------------------------------------------
Total          = 				  20.76

Now optimizing Residue ILEA92
Optimize Residue ID= ILEA92

BackHbond       =               -53.93
SideHbond       =               -12.53
Energy_VdW      =               -78.47
Electro         =               -5.69
Energy_SolvP    =               107.60
Energy_SolvH    =               -102.39
Energy_vdwclash =               7.15
energy_torsion  =               1.67
backbone_vdwclash=              15.07
Entropy_sidec   =               42.66
Entropy_mainc   =               114.22
water bonds     =               0.00
helix dipole    =               0.00
loop_entropy    =               0.00
cis_bond        =               0.00
disulfide       =               0.00
kn electrostatic=               0.00
partial covalent interactions = 0.00
Energy_Ionisation =             0.44
Entropy Complex =               0.00
-----------------------------------------------------------
Total          = 				  20.73

Now optimizing Residue ARGA93
Optimize Residue ID= ARGA93

BackHbond       =               -53.93
SideHbond       =               -12.59
Energy_VdW      =               -78.45
Electro         =               -5.64
Energy_SolvP    =               107.56
Energy_SolvH    =               -102.38
Energy_vdwclash =               6.82
energy_torsion  =               1.67
backbone_vdwclash=              15.07
Entropy_sidec   =               42.65
Entropy_mainc   =               114.22
water bonds     =               0.00
helix dipole    =               0.00
loop_entropy    =               0.00
cis_bond        =               0.00
disulfide       =               0.00
kn electrostatic=               0.00
partial covalent interactions = 0.00
Energy_Ionisation =             0.44
Entropy Complex =               0.00
-----------------------------------------------------------
Total          = 				  20.37

Now optimizing Residue GLNA94
Optimize Residue ID= GLNA94

BackHbond       =               -53.93
SideHbond       =               -12.59
Energy_VdW      =               -78.45
Electro         =               -5.64
Energy_SolvP    =               107.55
Energy_SolvH    =               -102.38
Energy_vdwclash =               6.82
energy_torsion  =               1.66
backbone_vdwclash=              15.07
Entropy_sidec   =               42.65
Entropy_mainc   =               114.22
water bonds     =               0.00
helix dipole    =               0.00
loop_entropy    =               0.00
cis_bond        =               0.00
disulfide       =               0.00
kn electrostatic=               0.00
partial covalent interactions = 0.00
Energy_Ionisation =             0.44
Entropy Complex =               0.00
-----------------------------------------------------------
Total          = 				  20.35

Now optimizing Residue THRA95
Optimize Residue ID= THRA95

BackHbond       =               -53.93
SideHbond       =               -12.59
Energy_VdW      =               -78.45
Electro         =               -5.64
Energy_SolvP    =               107.55
Energy_SolvH    =               -102.38
Energy_vdwclash =               6.82
energy_torsion  =               1.66
backbone_vdwclash=              15.07
Entropy_sidec   =               42.65
Entropy_mainc   =               114.22
water bonds     =               0.00
helix dipole    =               0.00
loop_entropy    =               0.00
cis_bond        =               0.00
disulfide       =               0.00
kn electrostatic=               0.00
partial covalent interactions = 0.00
Energy_Ionisation =             0.44
Entropy Complex =               0.00
-----------------------------------------------------------
Total          = 				  20.35

Now optimizing Residue ASPA97
Optimize Residue ID= ASPA97

BackHbond       =               -53.93
SideHbond       =               -12.59
Energy_VdW      =               -78.44
Electro         =               -5.63
Energy_SolvP    =               107.52
Energy_SolvH    =               -102.37
Energy_vdwclash =               6.82
energy_torsion  =               1.66
backbone_vdwclash=              15.07
Entropy_sidec   =               42.64
Entropy_mainc   =               114.22
water bonds     =               0.00
helix dipole    =               0.00
loop_entropy    =               0.00
cis_bond        =               0.00
disulfide       =               0.00
kn electrostatic=               0.00
partial covalent interactions = 0.00
Energy_Ionisation =             0.44
Entropy Complex =               0.00
-----------------------------------------------------------
Total          = 				  20.33

Now optimizing Residue ARGA98
Optimize Residue ID= ARGA98

BackHbond       =               -53.93
SideHbond       =               -12.59
Energy_VdW      =               -78.41
Electro         =               -5.69
Energy_SolvP    =               107.45
Energy_SolvH    =               -102.37
Energy_vdwclash =               6.21
energy_torsion  =               1.66
backbone_vdwclash=              15.07
Entropy_sidec   =               42.62
Entropy_mainc   =               114.22
water bonds     =               0.00
helix dipole    =               0.00
loop_entropy    =               0.00
cis_bond        =               0.00
disulfide       =               0.00
kn electrostatic=               0.00
partial covalent interactions = 0.00
Energy_Ionisation =             0.44
Entropy Complex =               0.00
-----------------------------------------------------------
Total          = 				  19.60

Now optimizing Residue TRPA99
Optimize Residue ID= TRPA99

BackHbond       =               -53.89
SideHbond       =               -12.59
Energy_VdW      =               -78.42
Electro         =               -5.69
Energy_SolvP    =               107.46
Energy_SolvH    =               -102.37
Energy_vdwclash =               5.91
energy_torsion  =               1.66
backbone_vdwclash=              15.07
Entropy_sidec   =               42.62
Entropy_mainc   =               114.22
water bonds     =               0.00
helix dipole    =               0.00
loop_entropy    =               0.00
cis_bond        =               0.00
disulfide       =               0.00
kn electrostatic=               0.00
partial covalent interactions = 0.00
Energy_Ionisation =             0.44
Entropy Complex =               0.00
-----------------------------------------------------------
Total          = 				  19.36

Now optimizing Residue ARGA100
Optimize Residue ID= ARGA100

BackHbond       =               -53.88
SideHbond       =               -12.90
Energy_VdW      =               -78.42
Electro         =               -5.78
Energy_SolvP    =               107.43
Energy_SolvH    =               -102.38
Energy_vdwclash =               5.93
energy_torsion  =               1.66
backbone_vdwclash=              15.07
Entropy_sidec   =               42.82
Entropy_mainc   =               114.22
water bonds     =               0.00
helix dipole    =               0.00
loop_entropy    =               0.00
cis_bond        =               0.00
disulfide       =               0.00
kn electrostatic=               0.00
partial covalent interactions = 0.00
Energy_Ionisation =             0.44
Entropy Complex =               0.00
-----------------------------------------------------------
Total          = 				  19.14

Now optimizing Residue VALA101
Optimize Residue ID= VALA101

BackHbond       =               -53.88
SideHbond       =               -12.90
Energy_VdW      =               -78.38
Electro         =               -5.78
Energy_SolvP    =               107.43
Energy_SolvH    =               -102.28
Energy_vdwclash =               5.79
energy_torsion  =               1.66
backbone_vdwclash=              15.07
Entropy_sidec   =               42.80
Entropy_mainc   =               114.21
water bonds     =               0.00
helix dipole    =               0.00
loop_entropy    =               0.00
cis_bond        =               0.00
disulfide       =               0.00
kn electrostatic=               0.00
partial covalent interactions = 0.00
Energy_Ionisation =             0.44
Entropy Complex =               0.00
-----------------------------------------------------------
Total          = 				  19.11

Now optimizing Residue SERA102
Optimize Residue ID= SERA102

BackHbond       =               -53.88
SideHbond       =               -12.90
Energy_VdW      =               -78.38
Electro         =               -5.78
Energy_SolvP    =               107.43
Energy_SolvH    =               -102.28
Energy_vdwclash =               5.79
energy_torsion  =               1.66
backbone_vdwclash=              15.07
Entropy_sidec   =               42.80
Entropy_mainc   =               114.21
water bonds     =               0.00
helix dipole    =               0.00
loop_entropy    =               0.00
cis_bond        =               0.00
disulfide       =               0.00
kn electrostatic=               0.00
partial covalent interactions = 0.00
Energy_Ionisation =             0.44
Entropy Complex =               0.00
-----------------------------------------------------------
Total          = 				  19.11

Now optimizing Residue ASPA104
Optimize Residue ID= ASPA104

BackHbond       =               -53.88
SideHbond       =               -12.86
Energy_VdW      =               -78.37
Electro         =               -5.76
Energy_SolvP    =               107.39
Energy_SolvH    =               -102.27
Energy_vdwclash =               5.79
energy_torsion  =               1.59
backbone_vdwclash=              15.07
Entropy_sidec   =               42.80
Entropy_mainc   =               114.21
water bonds     =               0.00
helix dipole    =               0.00
loop_entropy    =               0.00
cis_bond        =               0.00
disulfide       =               0.00
kn electrostatic=               0.00
partial covalent interactions = 0.00
Energy_Ionisation =             0.44
Entropy Complex =               0.00
-----------------------------------------------------------
Total          = 				  19.08

Now optimizing Residue ASNA106
Optimize Residue ID= ASNA106

BackHbond       =               -53.88
SideHbond       =               -12.99
Energy_VdW      =               -78.38
Electro         =               -5.76
Energy_SolvP    =               107.41
Energy_SolvH    =               -102.27
Energy_vdwclash =               5.80
energy_torsion  =               1.59
backbone_vdwclash=              15.07
Entropy_sidec   =               42.80
Entropy_mainc   =               114.21
water bonds     =               0.00
helix dipole    =               0.00
loop_entropy    =               0.00
cis_bond        =               0.00
disulfide       =               0.00
kn electrostatic=               0.00
partial covalent interactions = 0.00
Energy_Ionisation =             0.44
Entropy Complex =               0.00
-----------------------------------------------------------
Total          = 				  18.97

Now optimizing Residue H1SA107
Optimize Residue ID= H1SA107

BackHbond       =               -53.88
SideHbond       =               -12.99
Energy_VdW      =               -78.38
Electro         =               -5.76
Energy_SolvP    =               107.41
Energy_SolvH    =               -102.27
Energy_vdwclash =               5.80
energy_torsion  =               1.59
backbone_vdwclash=              15.08
Entropy_sidec   =               42.80
Entropy_mainc   =               114.21
water bonds     =               0.00
helix dipole    =               0.00
loop_entropy    =               0.00
cis_bond        =               0.00
disulfide       =               0.00
kn electrostatic=               0.00
partial covalent interactions = 0.00
Energy_Ionisation =             0.44
Entropy Complex =               0.00
-----------------------------------------------------------
Total          = 				  18.96

Now optimizing Residue PROA110
Optimize Residue ID= PROA110

BackHbond       =               -53.88
SideHbond       =               -12.99
Energy_VdW      =               -78.38
Electro         =               -5.76
Energy_SolvP    =               107.40
Energy_SolvH    =               -102.29
Energy_vdwclash =               5.80
energy_torsion  =               1.59
backbone_vdwclash=              15.08
Entropy_sidec   =               42.81
Entropy_mainc   =               114.21
water bonds     =               0.00
helix dipole    =               0.00
loop_entropy    =               0.00
cis_bond        =               0.00
disulfide       =               0.00
kn electrostatic=               0.00
partial covalent interactions = 0.00
Energy_Ionisation =             0.44
Entropy Complex =               0.00
-----------------------------------------------------------
Total          = 				  18.94

Now optimizing Residue GLUA111
Optimize Residue ID= GLUA111

BackHbond       =               -53.87
SideHbond       =               -12.98
Energy_VdW      =               -78.36
Electro         =               -5.78
Energy_SolvP    =               107.32
Energy_SolvH    =               -102.28
Energy_vdwclash =               5.79
energy_torsion  =               1.59
backbone_vdwclash=              15.07
Entropy_sidec   =               42.78
Entropy_mainc   =               114.21
water bonds     =               0.00
helix dipole    =               0.00
loop_entropy    =               0.00
cis_bond        =               0.00
disulfide       =               0.00
kn electrostatic=               0.00
partial covalent interactions = 0.00
Energy_Ionisation =             0.44
Entropy Complex =               0.00
-----------------------------------------------------------
Total          = 				  18.85

Now optimizing Residue GLUA112
Optimize Residue ID= GLUA112

BackHbond       =               -53.88
SideHbond       =               -13.34
Energy_VdW      =               -78.37
Electro         =               -5.80
Energy_SolvP    =               107.34
Energy_SolvH    =               -102.29
Energy_vdwclash =               4.79
energy_torsion  =               1.59
backbone_vdwclash=              15.07
Entropy_sidec   =               42.99
Entropy_mainc   =               114.20
water bonds     =               0.00
helix dipole    =               0.00
loop_entropy    =               0.00
cis_bond        =               0.00
disulfide       =               0.00
kn electrostatic=               0.00
partial covalent interactions = 0.00
Energy_Ionisation =             0.44
Entropy Complex =               0.00
-----------------------------------------------------------
Total          = 				  17.66

Now optimizing Residue THRA114
Optimize Residue ID= THRA114

BackHbond       =               -53.88
SideHbond       =               -13.34
Energy_VdW      =               -78.38
Electro         =               -5.80
Energy_SolvP    =               107.34
Energy_SolvH    =               -102.32
Energy_vdwclash =               4.79
energy_torsion  =               1.59
backbone_vdwclash=              15.07
Entropy_sidec   =               43.00
Entropy_mainc   =               114.20
water bonds     =               0.00
helix dipole    =               0.00
loop_entropy    =               0.00
cis_bond        =               0.00
disulfide       =               0.00
kn electrostatic=               0.00
partial covalent interactions = 0.00
Energy_Ionisation =             0.44
Entropy Complex =               0.00
-----------------------------------------------------------
Total          = 				  17.63

Now optimizing Residue LYSA116
Optimize Residue ID= LYSA116

BackHbond       =               -53.88
SideHbond       =               -13.34
Energy_VdW      =               -78.39
Electro         =               -5.78
Energy_SolvP    =               107.31
Energy_SolvH    =               -102.34
Energy_vdwclash =               4.79
energy_torsion  =               1.59
backbone_vdwclash=              15.07
Entropy_sidec   =               42.98
Entropy_mainc   =               114.20
water bonds     =               0.00
helix dipole    =               0.00
loop_entropy    =               0.00
cis_bond        =               0.00
disulfide       =               0.00
kn electrostatic=               0.00
partial covalent interactions = 0.00
Energy_Ionisation =             0.44
Entropy Complex =               0.00
-----------------------------------------------------------
Total          = 				  17.57

Now optimizing Residue THRA117
Optimize Residue ID= THRA117

BackHbond       =               -53.88
SideHbond       =               -13.34
Energy_VdW      =               -78.39
Electro         =               -5.78
Energy_SolvP    =               107.30
Energy_SolvH    =               -102.35
Energy_vdwclash =               4.79
energy_torsion  =               1.59
backbone_vdwclash=              15.07
Entropy_sidec   =               42.98
Entropy_mainc   =               114.20
water bonds     =               0.00
helix dipole    =               0.00
loop_entropy    =               0.00
cis_bond        =               0.00
disulfide       =               0.00
kn electrostatic=               0.00
partial covalent interactions = 0.00
Energy_Ionisation =             0.44
Entropy Complex =               0.00
-----------------------------------------------------------
Total          = 				  17.56

Now optimizing Residue LYSA118
Optimize Residue ID= LYSA118

BackHbond       =               -53.88
SideHbond       =               -13.34
Energy_VdW      =               -78.39
Electro         =               -5.76
Energy_SolvP    =               107.29
Energy_SolvH    =               -102.34
Energy_vdwclash =               4.70
energy_torsion  =               1.59
backbone_vdwclash=              15.07
Entropy_sidec   =               42.96
Entropy_mainc   =               114.20
water bonds     =               0.00
helix dipole    =               0.00
loop_entropy    =               0.00
cis_bond        =               0.00
disulfide       =               0.00
kn electrostatic=               0.00
partial covalent interactions = 0.00
Energy_Ionisation =             0.44
Entropy Complex =               0.00
-----------------------------------------------------------
Total          = 				  17.47

Now optimizing Residue GLUA119
Optimize Residue ID= GLUA119

BackHbond       =               -53.88
SideHbond       =               -13.34
Energy_VdW      =               -78.36
Electro         =               -5.74
Energy_SolvP    =               107.20
Energy_SolvH    =               -102.32
Energy_vdwclash =               4.64
energy_torsion  =               1.59
backbone_vdwclash=              15.07
Entropy_sidec   =               42.92
Entropy_mainc   =               114.19
water bonds     =               0.00
helix dipole    =               0.00
loop_entropy    =               0.00
cis_bond        =               0.00
disulfide       =               0.00
kn electrostatic=               0.00
partial covalent interactions = 0.00
Energy_Ionisation =             0.44
Entropy Complex =               0.00
-----------------------------------------------------------
Total          = 				  17.34

Now optimizing Residue VALA121
Optimize Residue ID= VALA121

BackHbond       =               -53.88
SideHbond       =               -13.34
Energy_VdW      =               -78.37
Electro         =               -5.74
Energy_SolvP    =               107.21
Energy_SolvH    =               -102.34
Energy_vdwclash =               4.64
energy_torsion  =               1.59
backbone_vdwclash=              15.07
Entropy_sidec   =               42.93
Entropy_mainc   =               114.19
water bonds     =               0.00
helix dipole    =               0.00
loop_entropy    =               0.00
cis_bond        =               0.00
disulfide       =               0.00
kn electrostatic=               0.00
partial covalent interactions = 0.00
Energy_Ionisation =             0.44
Entropy Complex =               0.00
-----------------------------------------------------------
Total          = 				  17.31

Now optimizing Residue GLUA123
Optimize Residue ID= GLUA123

BackHbond       =               -53.88
SideHbond       =               -13.30
Energy_VdW      =               -78.35
Electro         =               -5.73
Energy_SolvP    =               107.09
Energy_SolvH    =               -102.33
Energy_vdwclash =               4.63
energy_torsion  =               1.59
backbone_vdwclash=              15.07
Entropy_sidec   =               42.85
Entropy_mainc   =               114.19
water bonds     =               0.00
helix dipole    =               0.00
loop_entropy    =               0.00
cis_bond        =               0.00
disulfide       =               0.00
kn electrostatic=               0.00
partial covalent interactions = 0.00
Energy_Ionisation =             0.44
Entropy Complex =               0.00
-----------------------------------------------------------
Total          = 				  17.19

Now optimizing Residue THRA125
Optimize Residue ID= THRA125

BackHbond       =               -53.88
SideHbond       =               -13.30
Energy_VdW      =               -78.33
Electro         =               -5.73
Energy_SolvP    =               107.10
Energy_SolvH    =               -102.28
Energy_vdwclash =               4.63
energy_torsion  =               1.43
backbone_vdwclash=              15.07
Entropy_sidec   =               42.83
Entropy_mainc   =               114.19
water bonds     =               0.00
helix dipole    =               0.00
loop_entropy    =               0.00
cis_bond        =               0.00
disulfide       =               0.00
kn electrostatic=               0.00
partial covalent interactions = 0.00
Energy_Ionisation =             0.44
Entropy Complex =               0.00
-----------------------------------------------------------
Total          = 				  17.09

Now optimizing Residue LYSA127
Optimize Residue ID= LYSA127

BackHbond       =               -53.88
SideHbond       =               -13.23
Energy_VdW      =               -78.33
Electro         =               -5.70
Energy_SolvP    =               107.05
Energy_SolvH    =               -102.29
Energy_vdwclash =               4.63
energy_torsion  =               1.43
backbone_vdwclash=              15.07
Entropy_sidec   =               42.74
Entropy_mainc   =               114.19
water bonds     =               0.00
helix dipole    =               0.00
loop_entropy    =               0.00
cis_bond        =               0.00
disulfide       =               0.00
kn electrostatic=               0.00
partial covalent interactions = 0.00
Energy_Ionisation =             0.44
Entropy Complex =               0.00
-----------------------------------------------------------
Total          = 				  17.04

Now optimizing Residue GLUA129
Optimize Residue ID= GLUA129

BackHbond       =               -53.88
SideHbond       =               -13.23
Energy_VdW      =               -78.32
Electro         =               -5.69
Energy_SolvP    =               107.00
Energy_SolvH    =               -102.28
Energy_vdwclash =               4.63
energy_torsion  =               1.43
backbone_vdwclash=              15.07
Entropy_sidec   =               42.72
Entropy_mainc   =               114.19
water bonds     =               0.00
helix dipole    =               0.00
loop_entropy    =               0.00
cis_bond        =               0.00
disulfide       =               0.00
kn electrostatic=               0.00
partial covalent interactions = 0.00
Energy_Ionisation =             0.44
Entropy Complex =               0.00
-----------------------------------------------------------
Total          = 				  17.01

Now optimizing Residue GLUA130
Optimize Residue ID= GLUA130

BackHbond       =               -53.88
SideHbond       =               -13.23
Energy_VdW      =               -78.31
Electro         =               -5.70
Energy_SolvP    =               106.98
Energy_SolvH    =               -102.27
Energy_vdwclash =               4.63
energy_torsion  =               1.43
backbone_vdwclash=              15.07
Entropy_sidec   =               42.72
Entropy_mainc   =               114.19
water bonds     =               0.00
helix dipole    =               0.00
loop_entropy    =               0.00
cis_bond        =               0.00
disulfide       =               0.00
kn electrostatic=               0.00
partial covalent interactions = 0.00
Energy_Ionisation =             0.44
Entropy Complex =               0.00
-----------------------------------------------------------
Total          = 				  16.99

Now optimizing Residue ARGA131
Optimize Residue ID= ARGA131

BackHbond       =               -53.88
SideHbond       =               -13.15
Energy_VdW      =               -78.23
Electro         =               -5.60
Energy_SolvP    =               106.79
Energy_SolvH    =               -102.22
Energy_vdwclash =               4.57
energy_torsion  =               1.43
backbone_vdwclash=              15.07
Entropy_sidec   =               42.56
Entropy_mainc   =               114.18
water bonds     =               0.00
helix dipole    =               0.00
loop_entropy    =               0.00
cis_bond        =               0.00
disulfide       =               0.00
kn electrostatic=               0.00
partial covalent interactions = 0.00
Energy_Ionisation =             0.43
Entropy Complex =               0.00
-----------------------------------------------------------
Total          = 				  16.90

Now optimizing Residue GLNA132
Optimize Residue ID= GLNA132

BackHbond       =               -53.88
SideHbond       =               -13.15
Energy_VdW      =               -78.23
Electro         =               -5.60
Energy_SolvP    =               106.79
Energy_SolvH    =               -102.23
Energy_vdwclash =               4.57
energy_torsion  =               1.43
backbone_vdwclash=              15.07
Entropy_sidec   =               42.57
Entropy_mainc   =               114.18
water bonds     =               0.00
helix dipole    =               0.00
loop_entropy    =               0.00
cis_bond        =               0.00
disulfide       =               0.00
kn electrostatic=               0.00
partial covalent interactions = 0.00
Energy_Ionisation =             0.43
Entropy Complex =               0.00
-----------------------------------------------------------
Total          = 				  16.89

Now optimizing Residue ASPA133
Optimize Residue ID= ASPA133

BackHbond       =               -53.94
SideHbond       =               -13.21
Energy_VdW      =               -78.23
Electro         =               -5.60
Energy_SolvP    =               106.79
Energy_SolvH    =               -102.23
Energy_vdwclash =               4.29
energy_torsion  =               1.43
backbone_vdwclash=              15.07
Entropy_sidec   =               42.57
Entropy_mainc   =               114.17
water bonds     =               0.00
helix dipole    =               0.00
loop_entropy    =               0.00
cis_bond        =               0.00
disulfide       =               0.00
kn electrostatic=               0.00
partial covalent interactions = 0.00
Energy_Ionisation =             0.43
Entropy Complex =               0.00
-----------------------------------------------------------
Total          = 				  16.49

Now optimizing Residue GLUA134
Optimize Residue ID= GLUA134

BackHbond       =               -53.94
SideHbond       =               -13.21
Energy_VdW      =               -78.22
Electro         =               -5.60
Energy_SolvP    =               106.77
Energy_SolvH    =               -102.22
Energy_vdwclash =               4.28
energy_torsion  =               1.42
backbone_vdwclash=              15.07
Entropy_sidec   =               42.57
Entropy_mainc   =               114.17
water bonds     =               0.00
helix dipole    =               0.00
loop_entropy    =               0.00
cis_bond        =               0.00
disulfide       =               0.00
kn electrostatic=               0.00
partial covalent interactions = 0.00
Energy_Ionisation =             0.43
Entropy Complex =               0.00
-----------------------------------------------------------
Total          = 				  16.46

Now optimizing Residue HISA135
Optimize Residue ID= HISA135

BackHbond       =               -53.94
SideHbond       =               -13.21
Energy_VdW      =               -78.21
Electro         =               -5.59
Energy_SolvP    =               106.74
Energy_SolvH    =               -102.22
Energy_vdwclash =               4.28
energy_torsion  =               1.42
backbone_vdwclash=              15.07
Entropy_sidec   =               42.56
Entropy_mainc   =               114.17
water bonds     =               0.00
helix dipole    =               0.00
loop_entropy    =               0.00
cis_bond        =               0.00
disulfide       =               0.00
kn electrostatic=               0.00
partial covalent interactions = 0.00
Energy_Ionisation =             0.43
Entropy Complex =               0.00
-----------------------------------------------------------
Total          = 				  16.44

Now optimizing Residue TYRA137
Optimize Residue ID= TYRA137

BackHbond       =               -53.94
SideHbond       =               -13.21
Energy_VdW      =               -78.22
Electro         =               -5.59
Energy_SolvP    =               106.74
Energy_SolvH    =               -102.24
Energy_vdwclash =               4.28
energy_torsion  =               1.42
backbone_vdwclash=              15.07
Entropy_sidec   =               42.57
Entropy_mainc   =               114.18
water bonds     =               0.00
helix dipole    =               0.00
loop_entropy    =               0.00
cis_bond        =               0.00
disulfide       =               0.00
kn electrostatic=               0.00
partial covalent interactions = 0.00
Energy_Ionisation =             0.43
Entropy Complex =               0.00
-----------------------------------------------------------
Total          = 				  16.43

Now optimizing Residue ILEA138
Optimize Residue ID= ILEA138

BackHbond       =               -53.94
SideHbond       =               -13.21
Energy_VdW      =               -78.26
Electro         =               -5.59
Energy_SolvP    =               106.73
Energy_SolvH    =               -102.30
Energy_vdwclash =               4.10
energy_torsion  =               1.45
backbone_vdwclash=              15.07
Entropy_sidec   =               42.61
Entropy_mainc   =               114.18
water bonds     =               0.00
helix dipole    =               0.00
loop_entropy    =               0.00
cis_bond        =               0.00
disulfide       =               0.00
kn electrostatic=               0.00
partial covalent interactions = 0.00
Energy_Ionisation =             0.43
Entropy Complex =               0.00
-----------------------------------------------------------
Total          = 				  16.20

Now optimizing Residue SERA139
Optimize Residue ID= SERA139

BackHbond       =               -53.94
SideHbond       =               -13.21
Energy_VdW      =               -78.26
Electro         =               -5.59
Energy_SolvP    =               106.73
Energy_SolvH    =               -102.30
Energy_vdwclash =               4.10
energy_torsion  =               1.45
backbone_vdwclash=              15.07
Entropy_sidec   =               42.61
Entropy_mainc   =               114.18
water bonds     =               0.00
helix dipole    =               0.00
loop_entropy    =               0.00
cis_bond        =               0.00
disulfide       =               0.00
kn electrostatic=               0.00
partial covalent interactions = 0.00
Energy_Ionisation =             0.43
Entropy Complex =               0.00
-----------------------------------------------------------
Total          = 				  16.19

Now optimizing Residue ARGA140
Optimize Residue ID= ARGA140

BackHbond       =               -53.94
SideHbond       =               -13.21
Energy_VdW      =               -78.16
Electro         =               -5.57
Energy_SolvP    =               106.52
Energy_SolvH    =               -102.27
Energy_vdwclash =               4.10
energy_torsion  =               1.45
backbone_vdwclash=              15.06
Entropy_sidec   =               42.55
Entropy_mainc   =               114.14
water bonds     =               0.00
helix dipole    =               0.00
loop_entropy    =               0.00
cis_bond        =               0.00
disulfide       =               0.00
kn electrostatic=               0.00
partial covalent interactions = 0.00
Energy_Ionisation =             0.43
Entropy Complex =               0.00
-----------------------------------------------------------
Total          = 				  16.04

Now optimizing Residue CYSA141
Optimize Residue ID= CYSA141

BackHbond       =               -53.94
SideHbond       =               -13.21
Energy_VdW      =               -78.16
Electro         =               -5.57
Energy_SolvP    =               106.52
Energy_SolvH    =               -102.28
Energy_vdwclash =               4.10
energy_torsion  =               1.45
backbone_vdwclash=              15.06
Entropy_sidec   =               42.55
Entropy_mainc   =               114.14
water bonds     =               0.00
helix dipole    =               0.00
loop_entropy    =               0.00
cis_bond        =               0.00
disulfide       =               0.00
kn electrostatic=               0.00
partial covalent interactions = 0.00
Energy_Ionisation =             0.43
Entropy Complex =               0.00
-----------------------------------------------------------
Total          = 				  16.03

Now optimizing Residue THRA143
Optimize Residue ID= THRA143

BackHbond       =               -53.94
SideHbond       =               -13.21
Energy_VdW      =               -78.16
Electro         =               -5.57
Energy_SolvP    =               106.51
Energy_SolvH    =               -102.28
Energy_vdwclash =               4.10
energy_torsion  =               1.45
backbone_vdwclash=              15.06
Entropy_sidec   =               42.55
Entropy_mainc   =               114.14
water bonds     =               0.00
helix dipole    =               0.00
loop_entropy    =               0.00
cis_bond        =               0.00
disulfide       =               0.00
kn electrostatic=               0.00
partial covalent interactions = 0.00
Energy_Ionisation =             0.43
Entropy Complex =               0.00
-----------------------------------------------------------
Total          = 				  16.03

Now optimizing Residue ARGA144
Optimize Residue ID= ARGA144

BackHbond       =               -53.94
SideHbond       =               -13.21
Energy_VdW      =               -78.02
Electro         =               -5.61
Energy_SolvP    =               106.27
Energy_SolvH    =               -102.18
Energy_vdwclash =               4.05
energy_torsion  =               1.45
backbone_vdwclash=              15.06
Entropy_sidec   =               42.48
Entropy_mainc   =               114.12
water bonds     =               0.00
helix dipole    =               0.00
loop_entropy    =               0.00
cis_bond        =               0.00
disulfide       =               0.00
kn electrostatic=               0.00
partial covalent interactions = 0.00
Energy_Ionisation =             0.43
Entropy Complex =               0.00
-----------------------------------------------------------
Total          = 				  15.84

Now optimizing Residue LYSA145
Optimize Residue ID= LYSA145

BackHbond       =               -53.94
SideHbond       =               -13.22
Energy_VdW      =               -78.05
Electro         =               -5.61
Energy_SolvP    =               106.27
Energy_SolvH    =               -102.23
Energy_vdwclash =               4.05
energy_torsion  =               1.45
backbone_vdwclash=              15.06
Entropy_sidec   =               42.50
Entropy_mainc   =               114.13
water bonds     =               0.00
helix dipole    =               0.00
loop_entropy    =               0.00
cis_bond        =               0.00
disulfide       =               0.00
kn electrostatic=               0.00
partial covalent interactions = 0.00
Energy_Ionisation =             0.43
Entropy Complex =               0.00
-----------------------------------------------------------
Total          = 				  15.78

Now optimizing Residue TYRA146
Optimize Residue ID= TYRA146

BackHbond       =               -53.93
SideHbond       =               -13.22
Energy_VdW      =               -78.06
Electro         =               -5.61
Energy_SolvP    =               106.23
Energy_SolvH    =               -102.27
Energy_vdwclash =               4.05
energy_torsion  =               1.45
backbone_vdwclash=              15.06
Entropy_sidec   =               42.51
Entropy_mainc   =               114.13
water bonds     =               0.00
helix dipole    =               0.00
loop_entropy    =               0.00
cis_bond        =               0.00
disulfide       =               0.00
kn electrostatic=               0.00
partial covalent interactions = 0.00
Energy_Ionisation =             0.43
Entropy Complex =               0.00
-----------------------------------------------------------
Total          = 				  15.73

Now optimizing Residue THRA147
Optimize Residue ID= THRA147

BackHbond       =               -53.93
SideHbond       =               -13.22
Energy_VdW      =               -78.06
Electro         =               -5.61
Energy_SolvP    =               106.23
Energy_SolvH    =               -102.27
Energy_vdwclash =               4.05
energy_torsion  =               1.45
backbone_vdwclash=              15.06
Entropy_sidec   =               42.51
Entropy_mainc   =               114.13
water bonds     =               0.00
helix dipole    =               0.00
loop_entropy    =               0.00
cis_bond        =               0.00
disulfide       =               0.00
kn electrostatic=               0.00
partial covalent interactions = 0.00
Energy_Ionisation =             0.43
Entropy Complex =               0.00
-----------------------------------------------------------
Total          = 				  15.73

Now optimizing Residue PROA150
Optimize Residue ID= PROA150

BackHbond       =               -53.93
SideHbond       =               -13.22
Energy_VdW      =               -78.06
Electro         =               -5.61
Energy_SolvP    =               106.23
Energy_SolvH    =               -102.27
Energy_vdwclash =               4.05
energy_torsion  =               1.45
backbone_vdwclash=              15.06
Entropy_sidec   =               42.51
Entropy_mainc   =               114.13
water bonds     =               0.00
helix dipole    =               0.00
loop_entropy    =               0.00
cis_bond        =               0.00
disulfide       =               0.00
kn electrostatic=               0.00
partial covalent interactions = 0.00
Energy_Ionisation =             0.43
Entropy Complex =               0.00
-----------------------------------------------------------
Total          = 				  15.73

Now optimizing Residue ASPA153
Optimize Residue ID= ASPA153

BackHbond       =               -53.94
SideHbond       =               -13.18
Energy_VdW      =               -78.05
Electro         =               -5.61
Energy_SolvP    =               106.20
Energy_SolvH    =               -102.26
Energy_vdwclash =               4.05
energy_torsion  =               1.40
backbone_vdwclash=              15.05
Entropy_sidec   =               42.51
Entropy_mainc   =               114.13
water bonds     =               0.00
helix dipole    =               0.00
loop_entropy    =               0.00
cis_bond        =               0.00
disulfide       =               0.00
kn electrostatic=               0.00
partial covalent interactions = 0.00
Energy_Ionisation =             0.43
Entropy Complex =               0.00
-----------------------------------------------------------
Total          = 				  15.68

Now optimizing Residue PROA154
Optimize Residue ID= PROA154

BackHbond       =               -53.94
SideHbond       =               -13.18
Energy_VdW      =               -78.05
Electro         =               -5.61
Energy_SolvP    =               106.20
Energy_SolvH    =               -102.26
Energy_vdwclash =               4.05
energy_torsion  =               1.40
backbone_vdwclash=              15.05
Entropy_sidec   =               42.51
Entropy_mainc   =               114.13
water bonds     =               0.00
helix dipole    =               0.00
loop_entropy    =               0.00
cis_bond        =               0.00
disulfide       =               0.00
kn electrostatic=               0.00
partial covalent interactions = 0.00
Energy_Ionisation =             0.43
Entropy Complex =               0.00
-----------------------------------------------------------
Total          = 				  15.68

Now optimizing Residue THRA155
Optimize Residue ID= THRA155

BackHbond       =               -53.94
SideHbond       =               -13.19
Energy_VdW      =               -78.05
Electro         =               -5.61
Energy_SolvP    =               106.20
Energy_SolvH    =               -102.26
Energy_vdwclash =               4.05
energy_torsion  =               1.40
backbone_vdwclash=              15.05
Entropy_sidec   =               42.51
Entropy_mainc   =               114.13
water bonds     =               0.00
helix dipole    =               0.00
loop_entropy    =               0.00
cis_bond        =               0.00
disulfide       =               0.00
kn electrostatic=               0.00
partial covalent interactions = 0.00
Energy_Ionisation =             0.43
Entropy Complex =               0.00
-----------------------------------------------------------
Total          = 				  15.67

Now optimizing Residue LEUA156
Optimize Residue ID= LEUA156

BackHbond       =               -53.94
SideHbond       =               -13.19
Energy_VdW      =               -78.06
Electro         =               -5.61
Energy_SolvP    =               106.22
Energy_SolvH    =               -102.28
Energy_vdwclash =               4.05
energy_torsion  =               1.40
backbone_vdwclash=              15.06
Entropy_sidec   =               42.51
Entropy_mainc   =               114.13
water bonds     =               0.00
helix dipole    =               0.00
loop_entropy    =               0.00
cis_bond        =               0.00
disulfide       =               0.00
kn electrostatic=               0.00
partial covalent interactions = 0.00
Energy_Ionisation =             0.43
Entropy Complex =               0.00
-----------------------------------------------------------
Total          = 				  15.66

Now optimizing Residue SERA158
Optimize Residue ID= SERA158

BackHbond       =               -53.95
SideHbond       =               -13.19
Energy_VdW      =               -78.06
Electro         =               -5.61
Energy_SolvP    =               106.22
Energy_SolvH    =               -102.28
Energy_vdwclash =               4.05
energy_torsion  =               1.40
backbone_vdwclash=              15.06
Entropy_sidec   =               42.52
Entropy_mainc   =               114.13
water bonds     =               0.00
helix dipole    =               0.00
loop_entropy    =               0.00
cis_bond        =               0.00
disulfide       =               0.00
kn electrostatic=               0.00
partial covalent interactions = 0.00
Energy_Ionisation =             0.43
Entropy Complex =               0.00
-----------------------------------------------------------
Total          = 				  15.65

Now optimizing Residue SERA159
Optimize Residue ID= SERA159

BackHbond       =               -53.95
SideHbond       =               -13.19
Energy_VdW      =               -78.06
Electro         =               -5.61
Energy_SolvP    =               106.22
Energy_SolvH    =               -102.28
Energy_vdwclash =               4.05
energy_torsion  =               1.40
backbone_vdwclash=              15.06
Entropy_sidec   =               42.52
Entropy_mainc   =               114.13
water bonds     =               0.00
helix dipole    =               0.00
loop_entropy    =               0.00
cis_bond        =               0.00
disulfide       =               0.00
kn electrostatic=               0.00
partial covalent interactions = 0.00
Energy_Ionisation =             0.43
Entropy Complex =               0.00
-----------------------------------------------------------
Total          = 				  15.65

Now optimizing Residue SERA160
Optimize Residue ID= SERA160

BackHbond       =               -53.95
SideHbond       =               -13.19
Energy_VdW      =               -78.06
Electro         =               -5.61
Energy_SolvP    =               106.21
Energy_SolvH    =               -102.28
Energy_vdwclash =               4.05
energy_torsion  =               1.40
backbone_vdwclash=              15.06
Entropy_sidec   =               42.52
Entropy_mainc   =               114.13
water bonds     =               0.00
helix dipole    =               0.00
loop_entropy    =               0.00
cis_bond        =               0.00
disulfide       =               0.00
kn electrostatic=               0.00
partial covalent interactions = 0.00
Energy_Ionisation =             0.43
Entropy Complex =               0.00
-----------------------------------------------------------
Total          = 				  15.65

Now optimizing Residue SERA162
Optimize Residue ID= SERA162

BackHbond       =               -54.02
SideHbond       =               -13.24
Energy_VdW      =               -78.06
Electro         =               -5.61
Energy_SolvP    =               106.21
Energy_SolvH    =               -102.28
Energy_vdwclash =               4.05
energy_torsion  =               1.40
backbone_vdwclash=              15.06
Entropy_sidec   =               42.52
Entropy_mainc   =               114.13
water bonds     =               0.00
helix dipole    =               0.00
loop_entropy    =               0.00
cis_bond        =               0.00
disulfide       =               0.00
kn electrostatic=               0.00
partial covalent interactions = 0.00
Energy_Ionisation =             0.43
Entropy Complex =               0.00
-----------------------------------------------------------
Total          = 				  15.53

Now optimizing Residue PROA163
Optimize Residue ID= PROA163

BackHbond       =               -54.02
SideHbond       =               -13.24
Energy_VdW      =               -78.06
Electro         =               -5.61
Energy_SolvP    =               106.22
Energy_SolvH    =               -102.28
Energy_vdwclash =               4.05
energy_torsion  =               1.40
backbone_vdwclash=              15.06
Entropy_sidec   =               42.52
Entropy_mainc   =               114.13
water bonds     =               0.00
helix dipole    =               0.00
loop_entropy    =               0.00
cis_bond        =               0.00
disulfide       =               0.00
kn electrostatic=               0.00
partial covalent interactions = 0.00
Energy_Ionisation =             0.43
Entropy Complex =               0.00
-----------------------------------------------------------
Total          = 				  15.53

Now optimizing Residue GLUA164
Optimize Residue ID= GLUA164

BackHbond       =               -54.09
SideHbond       =               -13.97
Energy_VdW      =               -78.05
Electro         =               -5.62
Energy_SolvP    =               106.17
Energy_SolvH    =               -102.27
Energy_vdwclash =               3.22
energy_torsion  =               1.39
backbone_vdwclash=              15.06
Entropy_sidec   =               43.05
Entropy_mainc   =               114.13
water bonds     =               0.00
helix dipole    =               0.00
loop_entropy    =               0.00
cis_bond        =               0.00
disulfide       =               0.00
kn electrostatic=               0.00
partial covalent interactions = 0.00
Energy_Ionisation =             0.43
Entropy Complex =               0.00
-----------------------------------------------------------
Total          = 				  14.39

Now optimizing Residue THRA166
Optimize Residue ID= THRA166

BackHbond       =               -54.09
SideHbond       =               -13.97
Energy_VdW      =               -78.05
Electro         =               -5.62
Energy_SolvP    =               106.17
Energy_SolvH    =               -102.27
Energy_vdwclash =               3.22
energy_torsion  =               1.39
backbone_vdwclash=              15.06
Entropy_sidec   =               43.05
Entropy_mainc   =               114.13
water bonds     =               0.00
helix dipole    =               0.00
loop_entropy    =               0.00
cis_bond        =               0.00
disulfide       =               0.00
kn electrostatic=               0.00
partial covalent interactions = 0.00
Energy_Ionisation =             0.43
Entropy Complex =               0.00
-----------------------------------------------------------
Total          = 				  14.39

Now optimizing Residue THRA168
Optimize Residue ID= THRA168

BackHbond       =               -54.09
SideHbond       =               -13.97
Energy_VdW      =               -78.05
Electro         =               -5.62
Energy_SolvP    =               106.09
Energy_SolvH    =               -102.27
Energy_vdwclash =               3.22
energy_torsion  =               1.39
backbone_vdwclash=              15.06
Entropy_sidec   =               43.05
Entropy_mainc   =               114.13
water bonds     =               0.00
helix dipole    =               0.00
loop_entropy    =               0.00
cis_bond        =               0.00
disulfide       =               0.00
kn electrostatic=               0.00
partial covalent interactions = 0.00
Energy_Ionisation =             0.43
Entropy Complex =               0.00
-----------------------------------------------------------
Total          = 				  14.31

Now optimizing Residue GLUA170
Optimize Residue ID= GLUA170

BackHbond       =               -54.09
SideHbond       =               -14.00
Energy_VdW      =               -78.04
Electro         =               -5.62
Energy_SolvP    =               106.04
Energy_SolvH    =               -102.26
Energy_vdwclash =               3.21
energy_torsion  =               1.39
backbone_vdwclash=              15.06
Entropy_sidec   =               43.06
Entropy_mainc   =               114.13
water bonds     =               0.00
helix dipole    =               0.00
loop_entropy    =               0.00
cis_bond        =               0.00
disulfide       =               0.00
kn electrostatic=               0.00
partial covalent interactions = 0.00
Energy_Ionisation =             0.43
Entropy Complex =               0.00
-----------------------------------------------------------
Total          = 				  14.24

Now optimizing Residue PROA172
Optimize Residue ID= PROA172

BackHbond       =               -54.09
SideHbond       =               -14.00
Energy_VdW      =               -78.04
Electro         =               -5.62
Energy_SolvP    =               106.04
Energy_SolvH    =               -102.27
Energy_vdwclash =               3.21
energy_torsion  =               1.39
backbone_vdwclash=              15.06
Entropy_sidec   =               43.06
Entropy_mainc   =               114.13
water bonds     =               0.00
helix dipole    =               0.00
loop_entropy    =               0.00
cis_bond        =               0.00
disulfide       =               0.00
kn electrostatic=               0.00
partial covalent interactions = 0.00
Energy_Ionisation =             0.43
Entropy Complex =               0.00
-----------------------------------------------------------
Total          = 				  14.23

Now optimizing Residue PROA174
Optimize Residue ID= PROA174

BackHbond       =               -54.09
SideHbond       =               -14.00
Energy_VdW      =               -78.05
Electro         =               -5.62
Energy_SolvP    =               106.03
Energy_SolvH    =               -102.30
Energy_vdwclash =               3.21
energy_torsion  =               1.39
backbone_vdwclash=              15.06
Entropy_sidec   =               43.07
Entropy_mainc   =               114.13
water bonds     =               0.00
helix dipole    =               0.00
loop_entropy    =               0.00
cis_bond        =               0.00
disulfide       =               0.00
kn electrostatic=               0.00
partial covalent interactions = 0.00
Energy_Ionisation =             0.43
Entropy Complex =               0.00
-----------------------------------------------------------
Total          = 				  14.20

Now optimizing Residue LYSA175
Optimize Residue ID= LYSA175

BackHbond       =               -54.09
SideHbond       =               -14.00
Energy_VdW      =               -78.05
Electro         =               -5.62
Energy_SolvP    =               106.03
Energy_SolvH    =               -102.30
Energy_vdwclash =               3.21
energy_torsion  =               1.39
backbone_vdwclash=              15.06
Entropy_sidec   =               43.07
Entropy_mainc   =               114.13
water bonds     =               0.00
helix dipole    =               0.00
loop_entropy    =               0.00
cis_bond        =               0.00
disulfide       =               0.00
kn electrostatic=               0.00
partial covalent interactions = 0.00
Energy_Ionisation =             0.43
Entropy Complex =               0.00
-----------------------------------------------------------
Total          = 				  14.20

Now optimizing Residue VALA177
Optimize Residue ID= VALA177

BackHbond       =               -54.09
SideHbond       =               -14.00
Energy_VdW      =               -78.05
Electro         =               -5.62
Energy_SolvP    =               106.03
Energy_SolvH    =               -102.30
Energy_vdwclash =               3.21
energy_torsion  =               1.39
backbone_vdwclash=              15.06
Entropy_sidec   =               43.07
Entropy_mainc   =               114.13
water bonds     =               0.00
helix dipole    =               0.00
loop_entropy    =               0.00
cis_bond        =               0.00
disulfide       =               0.00
kn electrostatic=               0.00
partial covalent interactions = 0.00
Energy_Ionisation =             0.43
Entropy Complex =               0.00
-----------------------------------------------------------
Total          = 				  14.19

Optimized

BackHbond       =               -54.09
SideHbond       =               -14.00
Energy_VdW      =               -78.05
Electro         =               -5.62
Energy_SolvP    =               106.03
Energy_SolvH    =               -102.30
Energy_vdwclash =               3.21
energy_torsion  =               1.39
backbone_vdwclash=              15.06
Entropy_sidec   =               43.07
Entropy_mainc   =               114.13
water bonds     =               0.00
helix dipole    =               0.00
loop_entropy    =               0.00
cis_bond        =               0.00
disulfide       =               0.00
kn electrostatic=               0.00
partial covalent interactions = 0.00
Energy_Ionisation =             0.43
Entropy Complex =               0.00
-----------------------------------------------------------
Total          = 				  14.19

Now moving residues with bad energies 
Residue VALA89 has high Energy, we mutate it to itself
Repair Residue ID= VALA89

BackHbond       =               -54.12
SideHbond       =               -14.00
Energy_VdW      =               -78.07
Electro         =               -5.62
Energy_SolvP    =               105.99
Energy_SolvH    =               -102.33
Energy_vdwclash =               3.23
energy_torsion  =               1.41
backbone_vdwclash=              15.06
Entropy_sidec   =               43.08
Entropy_mainc   =               114.13
water bonds     =               0.00
helix dipole    =               0.00
loop_entropy    =               0.00
cis_bond        =               0.00
disulfide       =               0.00
kn electrostatic=               0.00
partial covalent interactions = 0.00
Energy_Ionisation =             0.43
Entropy Complex =               0.00
-----------------------------------------------------------
Total          = 				  14.14

Residue SERA90 has high Energy, we mutate it to itself
We optimize, instead of self-mutatingSERA90
We optimize, instead of self-mutatingSERA90
Repair Residue ID= SERA90

BackHbond       =               -54.14
SideHbond       =               -15.07
Energy_VdW      =               -78.37
Electro         =               -5.62
Energy_SolvP    =               106.31
Energy_SolvH    =               -102.67
Energy_vdwclash =               3.03
energy_torsion  =               0.75
backbone_vdwclash=              15.06
Entropy_sidec   =               43.26
Entropy_mainc   =               114.13
water bonds     =               0.00
helix dipole    =               0.00
loop_entropy    =               0.00
cis_bond        =               0.00
disulfide       =               0.00
kn electrostatic=               0.00
partial covalent interactions = 0.00
Energy_Ionisation =             0.43
Entropy Complex =               0.00
-----------------------------------------------------------
Total          = 				  12.04

Residue GLUA91 has high Energy, we mutate it to itself
Repair Residue ID= GLUA91

BackHbond       =               -54.11
SideHbond       =               -14.80
Energy_VdW      =               -78.24
Electro         =               -5.39
Energy_SolvP    =               105.73
Energy_SolvH    =               -102.62
Energy_vdwclash =               2.66
energy_torsion  =               0.75
backbone_vdwclash=              15.06
Entropy_sidec   =               42.58
Entropy_mainc   =               114.12
water bonds     =               0.00
helix dipole    =               0.00
loop_entropy    =               0.00
cis_bond        =               0.00
disulfide       =               0.00
kn electrostatic=               0.00
partial covalent interactions = 0.00
Energy_Ionisation =             0.43
Entropy Complex =               0.00
-----------------------------------------------------------
Total          = 				  11.11

Residue ILEA92 has high Energy, we mutate it to itself
Repair Residue ID= ILEA92

BackHbond       =               -54.13
SideHbond       =               -14.79
Energy_VdW      =               -78.36
Electro         =               -5.39
Energy_SolvP    =               105.80
Energy_SolvH    =               -102.85
Energy_vdwclash =               2.68
energy_torsion  =               0.76
backbone_vdwclash=              15.06
Entropy_sidec   =               42.65
Entropy_mainc   =               114.13
water bonds     =               0.00
helix dipole    =               0.00
loop_entropy    =               0.00
cis_bond        =               0.00
disulfide       =               0.00
kn electrostatic=               0.00
partial covalent interactions = 0.00
Energy_Ionisation =             0.43
Entropy Complex =               0.00
-----------------------------------------------------------
Total          = 				  10.92

Residue ARGA93 has high Energy, we mutate it to itself
Repair Residue ID= ARGA93

BackHbond       =               -54.15
SideHbond       =               -14.53
Energy_VdW      =               -78.51
Electro         =               -5.19
Energy_SolvP    =               105.79
Energy_SolvH    =               -103.07
Energy_vdwclash =               2.68
energy_torsion  =               0.76
backbone_vdwclash=              15.06
Entropy_sidec   =               42.30
Entropy_mainc   =               114.19
water bonds     =               0.00
helix dipole    =               0.00
loop_entropy    =               0.00
cis_bond        =               0.00
disulfide       =               0.00
kn electrostatic=               0.00
partial covalent interactions = 0.00
Energy_Ionisation =             0.43
Entropy Complex =               0.00
-----------------------------------------------------------
Total          = 				  10.68

Residue GLNA94 has high Energy, we mutate it to itself
Repair Residue ID= GLNA94

BackHbond       =               -54.18
SideHbond       =               -14.53
Energy_VdW      =               -78.62
Electro         =               -5.19
Energy_SolvP    =               105.75
Energy_SolvH    =               -103.23
Energy_vdwclash =               2.68
energy_torsion  =               0.75
backbone_vdwclash=              15.04
Entropy_sidec   =               42.39
Entropy_mainc   =               114.16
water bonds     =               0.00
helix dipole    =               0.00
loop_entropy    =               0.00
cis_bond        =               0.00
disulfide       =               0.00
kn electrostatic=               0.00
partial covalent interactions = 0.00
Energy_Ionisation =             0.43
Entropy Complex =               0.00
-----------------------------------------------------------
Total          = 				  10.41

Residue THRA95 has high Energy, we mutate it to itself
Repair Residue ID= THRA95

BackHbond       =               -54.92
SideHbond       =               -15.19
Energy_VdW      =               -78.95
Electro         =               -5.19
Energy_SolvP    =               106.16
Energy_SolvH    =               -103.43
Energy_vdwclash =               2.68
energy_torsion  =               0.97
backbone_vdwclash=              15.07
Entropy_sidec   =               42.96
Entropy_mainc   =               114.13
water bonds     =               0.00
helix dipole    =               0.00
loop_entropy    =               0.00
cis_bond        =               0.00
disulfide       =               0.00
kn electrostatic=               0.00
partial covalent interactions = 0.00
Energy_Ionisation =             0.43
Entropy Complex =               0.00
-----------------------------------------------------------
Total          = 				  9.65

Residue ASPA97 has high Energy, we mutate it to itself
We optimize, instead of self-mutatingASPA97
Repair Residue ID= ASPA97

BackHbond       =               -54.94
SideHbond       =               -16.49
Energy_VdW      =               -79.18
Electro         =               -5.28
Energy_SolvP    =               106.69
Energy_SolvH    =               -103.63
Energy_vdwclash =               2.68
energy_torsion  =               1.15
backbone_vdwclash=              15.10
Entropy_sidec   =               43.27
Entropy_mainc   =               114.18
water bonds     =               0.00
helix dipole    =               0.00
loop_entropy    =               0.00
cis_bond        =               0.00
disulfide       =               0.00
kn electrostatic=               0.00
partial covalent interactions = 0.00
Energy_Ionisation =             0.43
Entropy Complex =               0.00
-----------------------------------------------------------
Total          = 				  8.88

Residue ARGA98 has high Energy, we mutate it to itself
Repair Residue ID= ARGA98

BackHbond       =               -54.82
SideHbond       =               -17.18
Energy_VdW      =               -78.52
Electro         =               -5.53
Energy_SolvP    =               105.32
Energy_SolvH    =               -103.28
Energy_vdwclash =               2.66
energy_torsion  =               1.03
backbone_vdwclash=              15.10
Entropy_sidec   =               43.42
Entropy_mainc   =               114.18
water bonds     =               0.00
helix dipole    =               0.00
loop_entropy    =               0.00
cis_bond        =               0.00
disulfide       =               0.00
kn electrostatic=               0.00
partial covalent interactions = 0.00
Energy_Ionisation =             0.43
Entropy Complex =               0.00
-----------------------------------------------------------
Total          = 				  7.71

Residue ARGA100 has high Energy, we mutate it to itself
We optimize, instead of self-mutatingARGA100
Repair Residue ID= ARGA100

BackHbond       =               -54.82
SideHbond       =               -17.46
Energy_VdW      =               -78.52
Electro         =               -5.55
Energy_SolvP    =               105.13
Energy_SolvH    =               -103.29
Energy_vdwclash =               2.66
energy_torsion  =               1.03
backbone_vdwclash=              15.10
Entropy_sidec   =               43.59
Entropy_mainc   =               114.18
water bonds     =               0.00
helix dipole    =               0.00
loop_entropy    =               0.00
cis_bond        =               0.00
disulfide       =               0.00
kn electrostatic=               0.00
partial covalent interactions = 0.00
Energy_Ionisation =             0.43
Entropy Complex =               0.00
-----------------------------------------------------------
Total          = 				  7.39

Residue SERA102 has high Energy, we mutate it to itself
Repair Residue ID= SERA102

BackHbond       =               -54.82
SideHbond       =               -17.46
Energy_VdW      =               -78.52
Electro         =               -5.55
Energy_SolvP    =               105.13
Energy_SolvH    =               -103.29
Energy_vdwclash =               2.66
energy_torsion  =               1.03
backbone_vdwclash=              15.10
Entropy_sidec   =               43.59
Entropy_mainc   =               114.18
water bonds     =               0.00
helix dipole    =               0.00
loop_entropy    =               0.00
cis_bond        =               0.00
disulfide       =               0.00
kn electrostatic=               0.00
partial covalent interactions = 0.00
Energy_Ionisation =             0.43
Entropy Complex =               0.00
-----------------------------------------------------------
Total          = 				  7.39

Residue ASPA104 has high Energy, we mutate it to itself
We optimize, instead of self-mutatingASPA104
Repair Residue ID= ASPA104

BackHbond       =               -54.82
SideHbond       =               -17.46
Energy_VdW      =               -78.52
Electro         =               -5.55
Energy_SolvP    =               105.13
Energy_SolvH    =               -103.29
Energy_vdwclash =               2.66
energy_torsion  =               1.03
backbone_vdwclash=              15.10
Entropy_sidec   =               43.59
Entropy_mainc   =               114.18
water bonds     =               0.00
helix dipole    =               0.00
loop_entropy    =               0.00
cis_bond        =               0.00
disulfide       =               0.00
kn electrostatic=               0.00
partial covalent interactions = 0.00
Energy_Ionisation =             0.43
Entropy Complex =               0.00
-----------------------------------------------------------
Total          = 				  7.39

Residue ASNA106 has high Energy, we mutate it to itself
We optimize, instead of self-mutatingASNA106
Repair Residue ID= ASNA106

BackHbond       =               -54.82
SideHbond       =               -17.56
Energy_VdW      =               -78.52
Electro         =               -5.54
Energy_SolvP    =               105.13
Energy_SolvH    =               -103.29
Energy_vdwclash =               2.70
energy_torsion  =               1.03
backbone_vdwclash=              15.10
Entropy_sidec   =               43.59
Entropy_mainc   =               114.18
water bonds     =               0.00
helix dipole    =               0.00
loop_entropy    =               0.00
cis_bond        =               0.00
disulfide       =               0.00
kn electrostatic=               0.00
partial covalent interactions = 0.00
Energy_Ionisation =             0.43
Entropy Complex =               0.00
-----------------------------------------------------------
Total          = 				  7.33

Residue H1SA107 has high Energy, we mutate it to itself
Repair Residue ID= H1SA107

BackHbond       =               -54.82
SideHbond       =               -17.56
Energy_VdW      =               -78.57
Electro         =               -5.55
Energy_SolvP    =               105.22
Energy_SolvH    =               -103.36
Energy_vdwclash =               2.70
energy_torsion  =               1.03
backbone_vdwclash=              15.12
Entropy_sidec   =               43.61
Entropy_mainc   =               114.18
water bonds     =               0.00
helix dipole    =               0.00
loop_entropy    =               0.00
cis_bond        =               0.00
disulfide       =               0.00
kn electrostatic=               0.00
partial covalent interactions = 0.00
Energy_Ionisation =             0.43
Entropy Complex =               0.00
-----------------------------------------------------------
Total          = 				  7.31

Residue PROA110 has high Energy, we mutate it to itself
Repair Residue ID= PROA110

BackHbond       =               -54.82
SideHbond       =               -17.56
Energy_VdW      =               -78.57
Electro         =               -5.55
Energy_SolvP    =               105.15
Energy_SolvH    =               -103.38
Energy_vdwclash =               2.71
energy_torsion  =               1.03
backbone_vdwclash=              15.11
Entropy_sidec   =               43.61
Entropy_mainc   =               114.18
water bonds     =               0.00
helix dipole    =               0.00
loop_entropy    =               0.00
cis_bond        =               0.00
disulfide       =               0.00
kn electrostatic=               0.00
partial covalent interactions = 0.00
Energy_Ionisation =             0.43
Entropy Complex =               0.00
-----------------------------------------------------------
Total          = 				  7.23

Residue GLUA111 has high Energy, we mutate it to itself
We optimize, instead of self-mutatingGLUA111
Repair Residue ID= GLUA111

BackHbond       =               -54.82
SideHbond       =               -17.57
Energy_VdW      =               -78.50
Electro         =               -5.56
Energy_SolvP    =               104.93
Energy_SolvH    =               -103.32
Energy_vdwclash =               2.70
energy_torsion  =               1.03
backbone_vdwclash=              15.10
Entropy_sidec   =               43.57
Entropy_mainc   =               114.18
water bonds     =               0.00
helix dipole    =               0.00
loop_entropy    =               0.00
cis_bond        =               0.00
disulfide       =               0.00
kn electrostatic=               0.00
partial covalent interactions = 0.00
Energy_Ionisation =             0.43
Entropy Complex =               0.00
-----------------------------------------------------------
Total          = 				  7.08

Residue GLUA112 has high Energy, we mutate it to itself
We optimize, instead of self-mutatingGLUA112
Repair Residue ID= GLUA112

BackHbond       =               -55.53
SideHbond       =               -17.77
Energy_VdW      =               -78.52
Electro         =               -5.59
Energy_SolvP    =               104.78
Energy_SolvH    =               -103.33
Energy_vdwclash =               2.11
energy_torsion  =               1.03
backbone_vdwclash=              15.09
Entropy_sidec   =               43.34
Entropy_mainc   =               114.63
water bonds     =               0.00
helix dipole    =               0.00
loop_entropy    =               0.00
cis_bond        =               0.00
disulfide       =               0.00
kn electrostatic=               0.00
partial covalent interactions = 0.00
Energy_Ionisation =             0.43
Entropy Complex =               0.00
-----------------------------------------------------------
Total          = 				  5.57

Residue THRA114 has high Energy, we mutate it to itself
Repair Residue ID= THRA114

BackHbond       =               -55.53
SideHbond       =               -17.77
Energy_VdW      =               -78.54
Electro         =               -5.59
Energy_SolvP    =               104.78
Energy_SolvH    =               -103.35
Energy_vdwclash =               2.10
energy_torsion  =               1.04
backbone_vdwclash=              15.09
Entropy_sidec   =               43.35
Entropy_mainc   =               114.63
water bonds     =               0.00
helix dipole    =               0.00
loop_entropy    =               0.00
cis_bond        =               0.00
disulfide       =               0.00
kn electrostatic=               0.00
partial covalent interactions = 0.00
Energy_Ionisation =             0.43
Entropy Complex =               0.00
-----------------------------------------------------------
Total          = 				  5.54

Residue LYSA116 has high Energy, we mutate it to itself
Repair Residue ID= LYSA116

BackHbond       =               -55.52
SideHbond       =               -17.77
Energy_VdW      =               -78.71
Electro         =               -5.79
Energy_SolvP    =               105.01
Energy_SolvH    =               -103.67
Energy_vdwclash =               2.10
energy_torsion  =               0.97
backbone_vdwclash=              15.09
Entropy_sidec   =               43.58
Entropy_mainc   =               114.64
water bonds     =               0.00
helix dipole    =               0.00
loop_entropy    =               0.00
cis_bond        =               0.00
disulfide       =               0.00
kn electrostatic=               0.00
partial covalent interactions = 0.00
Energy_Ionisation =             0.43
Entropy Complex =               0.00
-----------------------------------------------------------
Total          = 				  5.26

Residue THRA117 has high Energy, we mutate it to itself
Repair Residue ID= THRA117

BackHbond       =               -55.51
SideHbond       =               -17.77
Energy_VdW      =               -78.42
Electro         =               -5.79
Energy_SolvP    =               104.35
Energy_SolvH    =               -103.41
Energy_vdwclash =               2.10
energy_torsion  =               0.98
backbone_vdwclash=              15.06
Entropy_sidec   =               43.40
Entropy_mainc   =               114.60
water bonds     =               0.00
helix dipole    =               0.00
loop_entropy    =               0.00
cis_bond        =               0.00
disulfide       =               0.00
kn electrostatic=               0.00
partial covalent interactions = 0.00
Energy_Ionisation =             0.43
Entropy Complex =               0.00
-----------------------------------------------------------
Total          = 				  4.96

Residue LYSA118 has high Energy, we mutate it to itself
Repair Residue ID= LYSA118

BackHbond       =               -55.51
SideHbond       =               -17.77
Energy_VdW      =               -78.42
Electro         =               -5.65
Energy_SolvP    =               104.24
Energy_SolvH    =               -103.46
Energy_vdwclash =               2.10
energy_torsion  =               0.98
backbone_vdwclash=              15.06
Entropy_sidec   =               43.27
Entropy_mainc   =               114.60
water bonds     =               0.00
helix dipole    =               0.00
loop_entropy    =               0.00
cis_bond        =               0.00
disulfide       =               0.00
kn electrostatic=               0.00
partial covalent interactions = 0.00
Energy_Ionisation =             0.43
Entropy Complex =               0.00
-----------------------------------------------------------
Total          = 				  4.82

Residue GLUA119 has high Energy, we mutate it to itself
Repair Residue ID= GLUA119

BackHbond       =               -55.51
SideHbond       =               -17.77
Energy_VdW      =               -78.42
Electro         =               -5.65
Energy_SolvP    =               104.24
Energy_SolvH    =               -103.46
Energy_vdwclash =               2.10
energy_torsion  =               0.98
backbone_vdwclash=              15.06
Entropy_sidec   =               43.27
Entropy_mainc   =               114.60
water bonds     =               0.00
helix dipole    =               0.00
loop_entropy    =               0.00
cis_bond        =               0.00
disulfide       =               0.00
kn electrostatic=               0.00
partial covalent interactions = 0.00
Energy_Ionisation =             0.43
Entropy Complex =               0.00
-----------------------------------------------------------
Total          = 				  4.81

Residue VALA121 has high Energy, we mutate it to itself
Repair Residue ID= VALA121

BackHbond       =               -55.51
SideHbond       =               -17.77
Energy_VdW      =               -78.42
Electro         =               -5.65
Energy_SolvP    =               104.24
Energy_SolvH    =               -103.46
Energy_vdwclash =               2.10
energy_torsion  =               0.98
backbone_vdwclash=              15.06
Entropy_sidec   =               43.27
Entropy_mainc   =               114.60
water bonds     =               0.00
helix dipole    =               0.00
loop_entropy    =               0.00
cis_bond        =               0.00
disulfide       =               0.00
kn electrostatic=               0.00
partial covalent interactions = 0.00
Energy_Ionisation =             0.43
Entropy Complex =               0.00
-----------------------------------------------------------
Total          = 				  4.81

Residue GLUA123 has high Energy, we mutate it to itself
Repair Residue ID= GLUA123

BackHbond       =               -55.66
SideHbond       =               -18.18
Energy_VdW      =               -78.41
Electro         =               -5.74
Energy_SolvP    =               104.17
Energy_SolvH    =               -103.41
Energy_vdwclash =               2.10
energy_torsion  =               0.98
backbone_vdwclash=              15.06
Entropy_sidec   =               43.61
Entropy_mainc   =               114.51
water bonds     =               0.00
helix dipole    =               0.00
loop_entropy    =               0.00
cis_bond        =               0.00
disulfide       =               0.00
kn electrostatic=               0.00
partial covalent interactions = 0.00
Energy_Ionisation =             0.43
Entropy Complex =               0.00
-----------------------------------------------------------
Total          = 				  4.39

Residue THRA125 has high Energy, we mutate it to itself
Repair Residue ID= THRA125

BackHbond       =               -55.72
SideHbond       =               -18.47
Energy_VdW      =               -78.34
Electro         =               -5.65
Energy_SolvP    =               103.93
Energy_SolvH    =               -103.22
Energy_vdwclash =               2.09
energy_torsion  =               0.68
backbone_vdwclash=              15.06
Entropy_sidec   =               43.57
Entropy_mainc   =               114.51
water bonds     =               0.00
helix dipole    =               0.00
loop_entropy    =               0.00
cis_bond        =               0.00
disulfide       =               0.00
kn electrostatic=               0.00
partial covalent interactions = 0.00
Energy_Ionisation =             0.43
Entropy Complex =               0.00
-----------------------------------------------------------
Total          = 				  3.82

Residue LYSA127 has high Energy, we mutate it to itself
Repair Residue ID= LYSA127

BackHbond       =               -55.75
SideHbond       =               -18.08
Energy_VdW      =               -78.53
Electro         =               -5.20
Energy_SolvP    =               103.78
Energy_SolvH    =               -103.57
Energy_vdwclash =               2.10
energy_torsion  =               0.68
backbone_vdwclash=              15.06
Entropy_sidec   =               42.79
Entropy_mainc   =               114.50
water bonds     =               0.00
helix dipole    =               0.00
loop_entropy    =               0.00
cis_bond        =               0.00
disulfide       =               0.00
kn electrostatic=               0.00
partial covalent interactions = 0.00
Energy_Ionisation =             0.43
Entropy Complex =               0.00
-----------------------------------------------------------
Total          = 				  3.15

Residue GLUA129 has high Energy, we mutate it to itself
Repair Residue ID= GLUA129

BackHbond       =               -56.32
SideHbond       =               -18.60
Energy_VdW      =               -78.38
Electro         =               -4.85
Energy_SolvP    =               103.48
Energy_SolvH    =               -103.52
Energy_vdwclash =               2.09
energy_torsion  =               0.68
backbone_vdwclash=              15.06
Entropy_sidec   =               43.16
Entropy_mainc   =               114.39
water bonds     =               0.00
helix dipole    =               0.00
loop_entropy    =               0.00
cis_bond        =               0.00
disulfide       =               0.00
kn electrostatic=               0.00
partial covalent interactions = 0.00
Energy_Ionisation =             0.42
Entropy Complex =               0.00
-----------------------------------------------------------
Total          = 				  2.55

Residue GLUA130 has high Energy, we mutate it to itself
Repair Residue ID= GLUA130

BackHbond       =               -56.31
SideHbond       =               -18.60
Energy_VdW      =               -78.36
Electro         =               -4.92
Energy_SolvP    =               103.38
Energy_SolvH    =               -103.52
Energy_vdwclash =               2.09
energy_torsion  =               0.68
backbone_vdwclash=              15.06
Entropy_sidec   =               43.22
Entropy_mainc   =               114.37
water bonds     =               0.00
helix dipole    =               0.00
loop_entropy    =               0.00
cis_bond        =               0.00
disulfide       =               0.00
kn electrostatic=               0.00
partial covalent interactions = 0.00
Energy_Ionisation =             0.42
Entropy Complex =               0.00
-----------------------------------------------------------
Total          = 				  2.46

Residue ARGA131 has high Energy, we mutate it to itself
Repair Residue ID= ARGA131

BackHbond       =               -56.31
SideHbond       =               -18.63
Energy_VdW      =               -78.37
Electro         =               -4.94
Energy_SolvP    =               103.40
Energy_SolvH    =               -103.53
Energy_vdwclash =               2.09
energy_torsion  =               0.68
backbone_vdwclash=              15.06
Entropy_sidec   =               43.24
Entropy_mainc   =               114.37
water bonds     =               0.00
helix dipole    =               0.00
loop_entropy    =               0.00
cis_bond        =               0.00
disulfide       =               0.00
kn electrostatic=               0.00
partial covalent interactions = 0.00
Energy_Ionisation =             0.42
Entropy Complex =               0.00
-----------------------------------------------------------
Total          = 				  2.45

Residue GLNA132 has high Energy, we mutate it to itself
Repair Residue ID= GLNA132

BackHbond       =               -56.71
SideHbond       =               -18.99
Energy_VdW      =               -78.73
Electro         =               -4.97
Energy_SolvP    =               103.85
Energy_SolvH    =               -103.95
Energy_vdwclash =               2.10
energy_torsion  =               0.68
backbone_vdwclash=              15.06
Entropy_sidec   =               43.78
Entropy_mainc   =               114.63
water bonds     =               0.00
helix dipole    =               0.00
loop_entropy    =               0.00
cis_bond        =               0.00
disulfide       =               0.00
kn electrostatic=               0.00
partial covalent interactions = 0.00
Energy_Ionisation =             0.42
Entropy Complex =               0.00
-----------------------------------------------------------
Total          = 				  2.11

Residue ASPA133 has high Energy, we mutate it to itself
We optimize, instead of self-mutatingASPA133
Repair Residue ID= ASPA133

BackHbond       =               -56.82
SideHbond       =               -19.10
Energy_VdW      =               -78.72
Electro         =               -4.97
Energy_SolvP    =               103.81
Energy_SolvH    =               -103.94
Energy_vdwclash =               2.08
energy_torsion  =               0.68
backbone_vdwclash=              15.06
Entropy_sidec   =               43.77
Entropy_mainc   =               114.68
water bonds     =               0.00
helix dipole    =               0.00
loop_entropy    =               0.00
cis_bond        =               0.00
disulfide       =               0.00
kn electrostatic=               0.00
partial covalent interactions = 0.00
Energy_Ionisation =             0.42
Entropy Complex =               0.00
-----------------------------------------------------------
Total          = 				  1.91

Residue GLUA134 has high Energy, we mutate it to itself
Repair Residue ID= GLUA134

BackHbond       =               -56.82
SideHbond       =               -19.10
Energy_VdW      =               -78.75
Electro         =               -4.92
Energy_SolvP    =               103.80
Energy_SolvH    =               -104.01
Energy_vdwclash =               2.08
energy_torsion  =               0.67
backbone_vdwclash=              15.06
Entropy_sidec   =               43.71
Entropy_mainc   =               114.67
water bonds     =               0.00
helix dipole    =               0.00
loop_entropy    =               0.00
cis_bond        =               0.00
disulfide       =               0.00
kn electrostatic=               0.00
partial covalent interactions = 0.00
Energy_Ionisation =             0.42
Entropy Complex =               0.00
-----------------------------------------------------------
Total          = 				  1.75

Residue HISA135 has high Energy, we mutate it to itself
Repair Residue ID= H1SA135

BackHbond       =               -57.08
SideHbond       =               -19.81
Energy_VdW      =               -78.90
Electro         =               -4.36
Energy_SolvP    =               104.06
Energy_SolvH    =               -104.08
Energy_vdwclash =               2.08
energy_torsion  =               0.70
backbone_vdwclash=              15.06
Entropy_sidec   =               43.82
Entropy_mainc   =               114.80
water bonds     =               0.00
helix dipole    =               0.00
loop_entropy    =               0.00
cis_bond        =               0.00
disulfide       =               0.00
kn electrostatic=               0.00
partial covalent interactions = 0.00
Energy_Ionisation =             0.22
Entropy Complex =               0.00
-----------------------------------------------------------
Total          = 				  1.45

Residue TYRA137 has high Energy, we mutate it to itself
Repair Residue ID= TYRA137

BackHbond       =               -57.08
SideHbond       =               -19.81
Energy_VdW      =               -78.89
Electro         =               -4.36
Energy_SolvP    =               104.05
Energy_SolvH    =               -104.08
Energy_vdwclash =               2.08
energy_torsion  =               0.70
backbone_vdwclash=              15.06
Entropy_sidec   =               43.82
Entropy_mainc   =               114.79
water bonds     =               0.00
helix dipole    =               0.00
loop_entropy    =               0.00
cis_bond        =               0.00
disulfide       =               0.00
kn electrostatic=               0.00
partial covalent interactions = 0.00
Energy_Ionisation =             0.22
Entropy Complex =               0.00
-----------------------------------------------------------
Total          = 				  1.45

Residue ILEA138 has high Energy, we mutate it to itself
Residue SERA139 has high Energy, we mutate it to itself
We optimize, instead of self-mutatingSERA139
Repair Residue ID= SERA139

BackHbond       =               -57.16
SideHbond       =               -19.81
Energy_VdW      =               -79.30
Electro         =               -4.35
Energy_SolvP    =               104.22
Energy_SolvH    =               -104.78
Energy_vdwclash =               2.09
energy_torsion  =               0.71
backbone_vdwclash=              15.06
Entropy_sidec   =               44.02
Entropy_mainc   =               115.00
water bonds     =               0.00
helix dipole    =               0.00
loop_entropy    =               0.00
cis_bond        =               0.00
disulfide       =               0.00
kn electrostatic=               0.00
partial covalent interactions = 0.00
Energy_Ionisation =             0.22
Entropy Complex =               0.00
-----------------------------------------------------------
Total          = 				  0.86

Residue ARGA140 has high Energy, we mutate it to itself
Repair Residue ID= ARGA140

BackHbond       =               -57.19
SideHbond       =               -19.81
Energy_VdW      =               -79.17
Electro         =               -4.18
Energy_SolvP    =               103.80
Energy_SolvH    =               -104.78
Energy_vdwclash =               2.08
energy_torsion  =               0.76
backbone_vdwclash=              15.06
Entropy_sidec   =               43.79
Entropy_mainc   =               114.98
water bonds     =               0.00
helix dipole    =               0.00
loop_entropy    =               0.00
cis_bond        =               0.00
disulfide       =               0.00
kn electrostatic=               0.00
partial covalent interactions = 0.00
Energy_Ionisation =             0.22
Entropy Complex =               0.00
-----------------------------------------------------------
Total          = 				  0.50

Residue CYSA141 has high Energy, we mutate it to itself
Repair Residue ID= CYSA141

BackHbond       =               -57.21
SideHbond       =               -19.81
Energy_VdW      =               -79.21
Electro         =               -4.18
Energy_SolvP    =               103.83
Energy_SolvH    =               -104.82
Energy_vdwclash =               2.08
energy_torsion  =               0.76
backbone_vdwclash=              15.06
Entropy_sidec   =               43.81
Entropy_mainc   =               114.97
water bonds     =               0.00
helix dipole    =               0.00
loop_entropy    =               0.00
cis_bond        =               0.00
disulfide       =               0.00
kn electrostatic=               0.00
partial covalent interactions = 0.00
Energy_Ionisation =             0.22
Entropy Complex =               0.00
-----------------------------------------------------------
Total          = 				  0.44

Residue THRA143 has high Energy, we mutate it to itself
We optimize, instead of self-mutatingTHRA143
Repair Residue ID= THRA143

BackHbond       =               -57.22
SideHbond       =               -20.19
Energy_VdW      =               -79.14
Electro         =               -4.18
Energy_SolvP    =               103.79
Energy_SolvH    =               -104.70
Energy_vdwclash =               2.08
energy_torsion  =               0.83
backbone_vdwclash=              15.06
Entropy_sidec   =               43.81
Entropy_mainc   =               114.98
water bonds     =               0.00
helix dipole    =               0.00
loop_entropy    =               0.00
cis_bond        =               0.00
disulfide       =               0.00
kn electrostatic=               0.00
partial covalent interactions = 0.00
Energy_Ionisation =             0.22
Entropy Complex =               0.00
-----------------------------------------------------------
Total          = 				  0.27

Residue ARGA144 has high Energy, we mutate it to itself
Repair Residue ID= ARGA144

BackHbond       =               -58.07
SideHbond       =               -21.01
Energy_VdW      =               -78.57
Electro         =               -4.17
Energy_SolvP    =               102.86
Energy_SolvH    =               -104.27
Energy_vdwclash =               2.08
energy_torsion  =               0.84
backbone_vdwclash=              15.06
Entropy_sidec   =               44.31
Entropy_mainc   =               114.99
water bonds     =               0.00
helix dipole    =               0.00
loop_entropy    =               0.00
cis_bond        =               0.00
disulfide       =               0.00
kn electrostatic=               0.00
partial covalent interactions = 0.00
Energy_Ionisation =             0.22
Entropy Complex =               0.00
-----------------------------------------------------------
Total          = 				  -0.78

Residue LYSA145 has high Energy, we mutate it to itself
Repair Residue ID= LYSA145

BackHbond       =               -58.10
SideHbond       =               -20.32
Energy_VdW      =               -78.55
Electro         =               -3.94
Energy_SolvP    =               102.46
Energy_SolvH    =               -104.34
Energy_vdwclash =               2.08
energy_torsion  =               0.83
backbone_vdwclash=              15.06
Entropy_sidec   =               43.50
Entropy_mainc   =               115.01
water bonds     =               0.00
helix dipole    =               0.00
loop_entropy    =               0.00
cis_bond        =               0.00
disulfide       =               0.00
kn electrostatic=               0.00
partial covalent interactions = 0.00
Energy_Ionisation =             0.22
Entropy Complex =               0.00
-----------------------------------------------------------
Total          = 				  -1.17

Residue TYRA146 has high Energy, we mutate it to itself
We optimize, instead of self-mutatingTYRA146
Repair Residue ID= TYRA146

BackHbond       =               -58.10
SideHbond       =               -20.33
Energy_VdW      =               -78.57
Electro         =               -3.94
Energy_SolvP    =               102.48
Energy_SolvH    =               -104.37
Energy_vdwclash =               2.05
energy_torsion  =               0.83
backbone_vdwclash=              15.06
Entropy_sidec   =               43.50
Entropy_mainc   =               115.01
water bonds     =               0.00
helix dipole    =               0.00
loop_entropy    =               0.00
cis_bond        =               0.00
disulfide       =               0.00
kn electrostatic=               0.00
partial covalent interactions = 0.00
Energy_Ionisation =             0.22
Entropy Complex =               0.00
-----------------------------------------------------------
Total          = 				  -1.23

Residue THRA147 has high Energy, we mutate it to itself
Repair Residue ID= THRA147

BackHbond       =               -58.10
SideHbond       =               -20.33
Energy_VdW      =               -78.55
Electro         =               -3.94
Energy_SolvP    =               102.44
Energy_SolvH    =               -104.37
Energy_vdwclash =               2.05
energy_torsion  =               0.83
backbone_vdwclash=              15.02
Entropy_sidec   =               43.50
Entropy_mainc   =               115.01
water bonds     =               0.00
helix dipole    =               0.00
loop_entropy    =               0.00
cis_bond        =               0.00
disulfide       =               0.00
kn electrostatic=               0.00
partial covalent interactions = 0.00
Energy_Ionisation =             0.22
Entropy Complex =               0.00
-----------------------------------------------------------
Total          = 				  -1.26

Residue PROA150 has high Energy, we mutate it to itself
Repair Residue ID= PROA150

BackHbond       =               -58.10
SideHbond       =               -20.33
Energy_VdW      =               -78.55
Electro         =               -3.94
Energy_SolvP    =               102.44
Energy_SolvH    =               -104.37
Energy_vdwclash =               2.05
energy_torsion  =               0.83
backbone_vdwclash=              15.02
Entropy_sidec   =               43.50
Entropy_mainc   =               115.01
water bonds     =               0.00
helix dipole    =               0.00
loop_entropy    =               0.00
cis_bond        =               0.00
disulfide       =               0.00
kn electrostatic=               0.00
partial covalent interactions = 0.00
Energy_Ionisation =             0.22
Entropy Complex =               0.00
-----------------------------------------------------------
Total          = 				  -1.26

Residue ASPA153 has high Energy, we mutate it to itself
We optimize, instead of self-mutatingASPA153
Repair Residue ID= ASPA153

BackHbond       =               -58.10
SideHbond       =               -20.33
Energy_VdW      =               -78.55
Electro         =               -3.94
Energy_SolvP    =               102.44
Energy_SolvH    =               -104.37
Energy_vdwclash =               2.05
energy_torsion  =               0.83
backbone_vdwclash=              15.02
Entropy_sidec   =               43.50
Entropy_mainc   =               115.01
water bonds     =               0.00
helix dipole    =               0.00
loop_entropy    =               0.00
cis_bond        =               0.00
disulfide       =               0.00
kn electrostatic=               0.00
partial covalent interactions = 0.00
Energy_Ionisation =             0.22
Entropy Complex =               0.00
-----------------------------------------------------------
Total          = 				  -1.26

Residue PROA154 has high Energy, we mutate it to itself
Repair Residue ID= PROA154

BackHbond       =               -58.10
SideHbond       =               -20.33
Energy_VdW      =               -78.65
Electro         =               -3.94
Energy_SolvP    =               102.42
Energy_SolvH    =               -104.61
Energy_vdwclash =               2.07
energy_torsion  =               0.83
backbone_vdwclash=              14.94
Entropy_sidec   =               43.55
Entropy_mainc   =               115.01
water bonds     =               0.00
helix dipole    =               0.00
loop_entropy    =               0.00
cis_bond        =               0.00
disulfide       =               0.00
kn electrostatic=               0.00
partial covalent interactions = 0.00
Energy_Ionisation =             0.22
Entropy Complex =               0.00
-----------------------------------------------------------
Total          = 				  -1.54

Residue THRA155 has high Energy, we mutate it to itself
We optimize, instead of self-mutatingTHRA155
Repair Residue ID= THRA155

BackHbond       =               -58.10
SideHbond       =               -20.33
Energy_VdW      =               -78.65
Electro         =               -3.94
Energy_SolvP    =               102.42
Energy_SolvH    =               -104.61
Energy_vdwclash =               2.07
energy_torsion  =               0.83
backbone_vdwclash=              14.94
Entropy_sidec   =               43.55
Entropy_mainc   =               115.01
water bonds     =               0.00
helix dipole    =               0.00
loop_entropy    =               0.00
cis_bond        =               0.00
disulfide       =               0.00
kn electrostatic=               0.00
partial covalent interactions = 0.00
Energy_Ionisation =             0.22
Entropy Complex =               0.00
-----------------------------------------------------------
Total          = 				  -1.54

Residue LEUA156 has high Energy, we mutate it to itself
Repair Residue ID= LEUA156

BackHbond       =               -58.10
SideHbond       =               -20.33
Energy_VdW      =               -78.69
Electro         =               -3.94
Energy_SolvP    =               102.38
Energy_SolvH    =               -104.71
Energy_vdwclash =               2.09
energy_torsion  =               0.83
backbone_vdwclash=              14.96
Entropy_sidec   =               43.56
Entropy_mainc   =               115.01
water bonds     =               0.00
helix dipole    =               0.00
loop_entropy    =               0.00
cis_bond        =               0.00
disulfide       =               0.00
kn electrostatic=               0.00
partial covalent interactions = 0.00
Energy_Ionisation =             0.22
Entropy Complex =               0.00
-----------------------------------------------------------
Total          = 				  -1.67

Residue SERA158 has high Energy, we mutate it to itself
Repair Residue ID= SERA158

BackHbond       =               -58.58
SideHbond       =               -20.43
Energy_VdW      =               -78.57
Electro         =               -3.92
Energy_SolvP    =               101.91
Energy_SolvH    =               -104.65
Energy_vdwclash =               2.09
energy_torsion  =               0.84
backbone_vdwclash=              14.97
Entropy_sidec   =               43.61
Entropy_mainc   =               115.75
water bonds     =               0.00
helix dipole    =               0.00
loop_entropy    =               0.00
cis_bond        =               0.00
disulfide       =               0.00
kn electrostatic=               0.00
partial covalent interactions = 0.00
Energy_Ionisation =             0.22
Entropy Complex =               0.00
-----------------------------------------------------------
Total          = 				  -1.74

Residue SERA159 has high Energy, we mutate it to itself
Repair Residue ID= SERA159

BackHbond       =               -58.58
SideHbond       =               -20.43
Energy_VdW      =               -78.56
Electro         =               -3.92
Energy_SolvP    =               101.89
Energy_SolvH    =               -104.65
Energy_vdwclash =               2.09
energy_torsion  =               0.84
backbone_vdwclash=              14.97
Entropy_sidec   =               43.60
Entropy_mainc   =               115.75
water bonds     =               0.00
helix dipole    =               0.00
loop_entropy    =               0.00
cis_bond        =               0.00
disulfide       =               0.00
kn electrostatic=               0.00
partial covalent interactions = 0.00
Energy_Ionisation =             0.22
Entropy Complex =               0.00
-----------------------------------------------------------
Total          = 				  -1.76

Residue SERA160 has high Energy, we mutate it to itself
Repair Residue ID= SERA160

BackHbond       =               -58.55
SideHbond       =               -20.43
Energy_VdW      =               -78.45
Electro         =               -3.92
Energy_SolvP    =               101.58
Energy_SolvH    =               -104.61
Energy_vdwclash =               2.09
energy_torsion  =               0.84
backbone_vdwclash=              14.97
Entropy_sidec   =               43.51
Entropy_mainc   =               115.76
water bonds     =               0.00
helix dipole    =               0.00
loop_entropy    =               0.00
cis_bond        =               0.00
disulfide       =               0.00
kn electrostatic=               0.00
partial covalent interactions = 0.00
Energy_Ionisation =             0.22
Entropy Complex =               0.00
-----------------------------------------------------------
Total          = 				  -1.96

Residue SERA162 has high Energy, we mutate it to itself
We optimize, instead of self-mutatingSERA162
Repair Residue ID= SERA162

BackHbond       =               -58.61
SideHbond       =               -20.42
Energy_VdW      =               -78.45
Electro         =               -3.92
Energy_SolvP    =               101.58
Energy_SolvH    =               -104.60
Energy_vdwclash =               2.09
energy_torsion  =               0.84
backbone_vdwclash=              14.97
Entropy_sidec   =               43.48
Entropy_mainc   =               115.76
water bonds     =               0.00
helix dipole    =               0.00
loop_entropy    =               0.00
cis_bond        =               0.00
disulfide       =               0.00
kn electrostatic=               0.00
partial covalent interactions = 0.00
Energy_Ionisation =             0.22
Entropy Complex =               0.00
-----------------------------------------------------------
Total          = 				  -2.04

Residue PROA163 has high Energy, we mutate it to itself
Repair Residue ID= PROA163

BackHbond       =               -58.61
SideHbond       =               -20.42
Energy_VdW      =               -78.51
Electro         =               -3.92
Energy_SolvP    =               101.65
Energy_SolvH    =               -104.73
Energy_vdwclash =               2.10
energy_torsion  =               0.84
backbone_vdwclash=              15.00
Entropy_sidec   =               43.54
Entropy_mainc   =               115.76
water bonds     =               0.00
helix dipole    =               0.00
loop_entropy    =               0.00
cis_bond        =               0.00
disulfide       =               0.00
kn electrostatic=               0.00
partial covalent interactions = 0.00
Energy_Ionisation =             0.22
Entropy Complex =               0.00
-----------------------------------------------------------
Total          = 				  -2.10

Residue GLUA164 has high Energy, we mutate it to itself
We optimize, instead of self-mutatingGLUA164
Repair Residue ID= GLUA164

BackHbond       =               -58.68
SideHbond       =               -20.55
Energy_VdW      =               -78.50
Electro         =               -3.92
Energy_SolvP    =               101.62
Energy_SolvH    =               -104.72
Energy_vdwclash =               2.10
energy_torsion  =               0.84
backbone_vdwclash=              15.00
Entropy_sidec   =               43.64
Entropy_mainc   =               115.76
water bonds     =               0.00
helix dipole    =               0.00
loop_entropy    =               0.00
cis_bond        =               0.00
disulfide       =               0.00
kn electrostatic=               0.00
partial covalent interactions = 0.00
Energy_Ionisation =             0.22
Entropy Complex =               0.00
-----------------------------------------------------------
Total          = 				  -2.21

Residue THRA166 has high Energy, we mutate it to itself
Repair Residue ID= THRA166

BackHbond       =               -58.68
SideHbond       =               -20.55
Energy_VdW      =               -78.50
Electro         =               -3.92
Energy_SolvP    =               101.62
Energy_SolvH    =               -104.72
Energy_vdwclash =               2.10
energy_torsion  =               0.84
backbone_vdwclash=              15.00
Entropy_sidec   =               43.64
Entropy_mainc   =               115.76
water bonds     =               0.00
helix dipole    =               0.00
loop_entropy    =               0.00
cis_bond        =               0.00
disulfide       =               0.00
kn electrostatic=               0.00
partial covalent interactions = 0.00
Energy_Ionisation =             0.22
Entropy Complex =               0.00
-----------------------------------------------------------
Total          = 				  -2.21

Residue THRA168 has high Energy, we mutate it to itself
Repair Residue ID= THRA168

BackHbond       =               -58.68
SideHbond       =               -21.08
Energy_VdW      =               -78.51
Electro         =               -3.92
Energy_SolvP    =               101.58
Energy_SolvH    =               -104.76
Energy_vdwclash =               2.10
energy_torsion  =               0.84
backbone_vdwclash=              15.00
Entropy_sidec   =               44.02
Entropy_mainc   =               115.75
water bonds     =               0.00
helix dipole    =               0.00
loop_entropy    =               0.00
cis_bond        =               0.00
disulfide       =               0.00
kn electrostatic=               0.00
partial covalent interactions = 0.00
Energy_Ionisation =             0.22
Entropy Complex =               0.00
-----------------------------------------------------------
Total          = 				  -2.45

Residue GLUA170 has high Energy, we mutate it to itself
We optimize, instead of self-mutatingGLUA170
Repair Residue ID= GLUA170

BackHbond       =               -58.68
SideHbond       =               -21.08
Energy_VdW      =               -78.51
Electro         =               -3.92
Energy_SolvP    =               101.58
Energy_SolvH    =               -104.76
Energy_vdwclash =               2.10
energy_torsion  =               0.84
backbone_vdwclash=              15.00
Entropy_sidec   =               44.02
Entropy_mainc   =               115.75
water bonds     =               0.00
helix dipole    =               0.00
loop_entropy    =               0.00
cis_bond        =               0.00
disulfide       =               0.00
kn electrostatic=               0.00
partial covalent interactions = 0.00
Energy_Ionisation =             0.22
Entropy Complex =               0.00
-----------------------------------------------------------
Total          = 				  -2.45

Residue PROA172 has high Energy, we mutate it to itself
Repair Residue ID= PROA172

BackHbond       =               -58.68
SideHbond       =               -21.08
Energy_VdW      =               -78.51
Electro         =               -3.92
Energy_SolvP    =               101.58
Energy_SolvH    =               -104.76
Energy_vdwclash =               2.10
energy_torsion  =               0.84
backbone_vdwclash=              15.00
Entropy_sidec   =               44.02
Entropy_mainc   =               115.75
water bonds     =               0.00
helix dipole    =               0.00
loop_entropy    =               0.00
cis_bond        =               0.00
disulfide       =               0.00
kn electrostatic=               0.00
partial covalent interactions = 0.00
Energy_Ionisation =             0.22
Entropy Complex =               0.00
-----------------------------------------------------------
Total          = 				  -2.45

Residue PROA174 has high Energy, we mutate it to itself
Repair Residue ID= PROA174

BackHbond       =               -58.68
SideHbond       =               -21.08
Energy_VdW      =               -78.52
Electro         =               -3.92
Energy_SolvP    =               101.58
Energy_SolvH    =               -104.78
Energy_vdwclash =               2.10
energy_torsion  =               0.84
backbone_vdwclash=              15.00
Entropy_sidec   =               44.02
Entropy_mainc   =               115.75
water bonds     =               0.00
helix dipole    =               0.00
loop_entropy    =               0.00
cis_bond        =               0.00
disulfide       =               0.00
kn electrostatic=               0.00
partial covalent interactions = 0.00
Energy_Ionisation =             0.22
Entropy Complex =               0.00
-----------------------------------------------------------
Total          = 				  -2.47

Residue LYSA175 has high Energy, we mutate it to itself
Repair Residue ID= LYSA175

BackHbond       =               -58.68
SideHbond       =               -21.08
Energy_VdW      =               -78.53
Electro         =               -3.98
Energy_SolvP    =               101.58
Energy_SolvH    =               -104.83
Energy_vdwclash =               2.10
energy_torsion  =               0.84
backbone_vdwclash=              15.00
Entropy_sidec   =               44.04
Entropy_mainc   =               115.74
water bonds     =               0.00
helix dipole    =               0.00
loop_entropy    =               0.00
cis_bond        =               0.00
disulfide       =               0.00
kn electrostatic=               0.00
partial covalent interactions = 0.00
Energy_Ionisation =             0.22
Entropy Complex =               0.00
-----------------------------------------------------------
Total          = 				  -2.58

Residue VALA177 has high Energy, we mutate it to itself
Repair Residue ID= VALA177

BackHbond       =               -58.68
SideHbond       =               -21.08
Energy_VdW      =               -78.54
Electro         =               -3.98
Energy_SolvP    =               101.57
Energy_SolvH    =               -104.85
Energy_vdwclash =               2.10
energy_torsion  =               0.84
backbone_vdwclash=              15.00
Entropy_sidec   =               44.04
Entropy_mainc   =               115.76
water bonds     =               0.00
helix dipole    =               0.00
loop_entropy    =               0.00
cis_bond        =               0.00
disulfide       =               0.00
kn electrostatic=               0.00
partial covalent interactions = 0.00
Energy_Ionisation =             0.22
Entropy Complex =               0.00
-----------------------------------------------------------
Total          = 				  -2.62

Repaired

BackHbond       =               -58.68
SideHbond       =               -21.08
Energy_VdW      =               -78.54
Electro         =               -3.98
Energy_SolvP    =               101.57
Energy_SolvH    =               -104.85
Energy_vdwclash =               2.10
energy_torsion  =               0.84
backbone_vdwclash=              15.00
Entropy_sidec   =               44.04
Entropy_mainc   =               115.76
water bonds     =               0.00
helix dipole    =               0.00
loop_entropy    =               0.00
cis_bond        =               0.00
disulfide       =               0.00
kn electrostatic=               0.00
partial covalent interactions = 0.00
Energy_Ionisation =             0.22
Entropy Complex =               0.00
-----------------------------------------------------------
Total          = 				  -2.62

End of Repair
Output PDB ./P14602_trimmed_model0_checked_Repair.pdb
Your file run OK
End time of FoldX: Mon Sep  5 13:37:30 2022
Total time spend: 79.16 seconds.
Cleaning RepairPDB...DONE
